"UF";"Cargo";"Votos válidos";"Vagas";"Quociente eleitoral (QE)";"Coligação";"Votos válidos coligação";"Vagas QP";"Eleitos por QP";"Eleitos por média"
"AC";"Deputado Federal";"424991";"8";"53124";"PP / PSDB / PSD / MDB / DEM / SOLIDARIEDADE / PTC / PMN / PR / PTB / PPS";"218096";"4";"4";"1"
"AC";"Deputado Federal";"424991";"8";"53124";"PT / PSB / PHS / PC do B / DC";"77945";"1";"1";"0"
"AC";"Deputado Federal";"424991";"8";"53124";"PSOL / PV / PPL / PRP / PRB / PODE / PROS / PMB";"42546";"0";"0";"1"
"AC";"Deputado Federal";"424991";"8";"53124";"PDT";"41989";"0";"0";"1"
"AC";"Deputado Federal";"424991";"8";"53124";"PSL / PATRI / PSC";"37363";"0";"0";"0"
"AC";"Deputado Federal";"424991";"8";"53124";"REDE";"6182";"0";"0";"0"
"AC";"Deputado Federal";"424991";"8";"53124";"AVANTE";"530";"0";"0";"0"
"AC";"Deputado Federal";"424991";"8";"53124";"PRTB";"340";"0";"0";"0"
"AC";"Deputado Estadual";"424011";"24";"17667";"PT / PC do B";"61337";"3";"3";"1"
"AC";"Deputado Estadual";"424011";"24";"17667";"PP / PMN / PPS / PTC / PR";"57127";"3";"3";"1"
"AC";"Deputado Estadual";"424011";"24";"17667";"PSD / MDB";"49144";"2";"2";"1"
"AC";"Deputado Estadual";"424011";"24";"17667";"PSDB / DEM";"45945";"2";"2";"1"
"AC";"Deputado Estadual";"424011";"24";"17667";"PROS / PODE / PRB";"45519";"2";"2";"1"
"AC";"Deputado Estadual";"424011";"24";"17667";"PSOL / PV / PRP / PPL";"27782";"1";"1";"0"
"AC";"Deputado Estadual";"424011";"24";"17667";"PDT";"26586";"1";"1";"0"
"AC";"Deputado Estadual";"424011";"24";"17667";"SOLIDARIEDADE";"20877";"1";"1";"0"
"AC";"Deputado Estadual";"424011";"24";"17667";"PSB";"19969";"1";"1";"0"
"AC";"Deputado Estadual";"424011";"24";"17667";"PSL / PATRI / PSC";"19548";"1";"1";"0"
"AC";"Deputado Estadual";"424011";"24";"17667";"PMB / PHS";"19065";"1";"1";"0"
"AC";"Deputado Estadual";"424011";"24";"17667";"PTB";"17698";"1";"1";"0"
"AC";"Deputado Estadual";"424011";"24";"17667";"DC / PRTB";"7250";"0";"0";"0"
"AC";"Deputado Estadual";"424011";"24";"17667";"REDE";"6164";"0";"0";"0"
"AL";"Deputado Federal";"1458674";"9";"162075";"MDB / PPS / PDT / PR / PTB / PT / PRTB / PODE / PRP / PSD / PMN / AVANTE";"699042";"4";"4";"1"
"AL";"Deputado Federal";"1458674";"9";"162075";"PTC / PSDB / PP / PSB / PSC / PROS / PRB / DEM";"610520";"3";"3";"1"
"AL";"Deputado Federal";"1458674";"9";"162075";"REDE";"54670";"0";"0";"0"
"AL";"Deputado Federal";"1458674";"9";"162075";"PSL / PATRI / PPL";"49529";"0";"0";"0"
"AL";"Deputado Federal";"1458674";"9";"162075";"PHS / DC / SOLIDARIEDADE";"14568";"0";"0";"0"
"AL";"Deputado Federal";"1458674";"9";"162075";"NOVO";"13103";"0";"0";"0"
"AL";"Deputado Federal";"1458674";"9";"162075";"PSOL / PCB";"8901";"0";"0";"0"
"AL";"Deputado Federal";"1458674";"9";"162075";"PC do B / PV";"7679";"0";"0";"0"
"AL";"Deputado Federal";"1458674";"9";"162075";"PSTU";"662";"0";"0";"0"
"AL";"Deputado Estadual";"1495820";"27";"55401";"MDB / PR / PTB / PHS / PRP / PSD / SOLIDARIEDADE";"535526";"9";"9";"1"
"AL";"Deputado Estadual";"1495820";"27";"55401";"DEM / PTC / PSDB / PP / PSB / PSC / PROS / PRB";"394886";"7";"7";"1"
"AL";"Deputado Estadual";"1495820";"27";"55401";"PRTB / PPS / DC";"246069";"4";"4";"1"
"AL";"Deputado Estadual";"1495820";"27";"55401";"AVANTE / PDT / PODE / PMN";"121571";"2";"2";"0"
"AL";"Deputado Estadual";"1495820";"27";"55401";"PSL / PATRI / PPL";"92153";"1";"1";"0"
"AL";"Deputado Estadual";"1495820";"27";"55401";"PT / PV / PC do B";"84777";"1";"1";"0"
"AL";"Deputado Estadual";"1495820";"27";"55401";"PSOL / PCB";"17450";"0";"0";"0"
"AL";"Deputado Estadual";"1495820";"27";"55401";"REDE";"2634";"0";"0";"0"
"AL";"Deputado Estadual";"1495820";"27";"55401";"PSTU";"754";"0";"0";"0"
"AM";"Deputado Federal";"1762933";"8";"220367";"PDT / PP / PV / PR / SOLIDARIEDADE / PTB / PHS / PSL";"615276";"2";"2";"2"
"AM";"Deputado Federal";"1762933";"8";"220367";"PSD / PRB / DEM / PTC / PSDB";"589443";"2";"2";"1"
"AM";"Deputado Federal";"1762933";"8";"220367";"PC do B / PT";"249291";"1";"1";"0"
"AM";"Deputado Federal";"1762933";"8";"220367";"PODE / PMN / PSB / PROS";"132764";"0";"0";"0"
"AM";"Deputado Federal";"1762933";"8";"220367";"MDB / DC";"90585";"0";"0";"0"
"AM";"Deputado Federal";"1762933";"8";"220367";"PPS / PPL / PRP / AVANTE";"40125";"0";"0";"0"
"AM";"Deputado Federal";"1762933";"8";"220367";"REDE / PSC / PRTB";"19159";"0";"0";"0"
"AM";"Deputado Federal";"1762933";"8";"220367";"PSOL";"11287";"0";"0";"0"
"AM";"Deputado Federal";"1762933";"8";"220367";"PATRI";"10508";"0";"0";"0"
"AM";"Deputado Federal";"1762933";"8";"220367";"PMB";"3765";"0";"0";"0"
"AM";"Deputado Federal";"1762933";"8";"220367";"PSTU";"730";"0";"0";"0"
"AM";"Deputado Estadual";"1775176";"24";"73966";"PP / PR / PPL / SOLIDARIEDADE";"330197";"4";"4";"2"
"AM";"Deputado Estadual";"1775176";"24";"73966";"PSD / PRB / DEM";"268474";"3";"3";"1"
"AM";"Deputado Estadual";"1775176";"24";"73966";"PHS / PTB / PSL";"205065";"2";"2";"1"
"AM";"Deputado Estadual";"1775176";"24";"73966";"PV";"188907";"2";"2";"1"
"AM";"Deputado Estadual";"1775176";"24";"73966";"PDT / PRP / AVANTE";"140877";"1";"1";"1"
"AM";"Deputado Estadual";"1775176";"24";"73966";"PPS";"105135";"1";"1";"0"
"AM";"Deputado Estadual";"1775176";"24";"73966";"PC do B / PT";"95328";"1";"1";"0"
"AM";"Deputado Estadual";"1775176";"24";"73966";"PSB / PMB / PROS";"91015";"1";"1";"0"
"AM";"Deputado Estadual";"1775176";"24";"73966";"PSDB / PTC";"86662";"1";"1";"0"
"AM";"Deputado Estadual";"1775176";"24";"73966";"MDB / DC";"85198";"1";"1";"0"
"AM";"Deputado Estadual";"1775176";"24";"73966";"PODE";"62757";"0";"0";"1"
"AM";"Deputado Estadual";"1775176";"24";"73966";"PMN";"46476";"0";"0";"0"
"AM";"Deputado Estadual";"1775176";"24";"73966";"REDE / PSC / PRTB";"34615";"0";"0";"0"
"AM";"Deputado Estadual";"1775176";"24";"73966";"PATRI";"21292";"0";"0";"0"
"AM";"Deputado Estadual";"1775176";"24";"73966";"PSOL";"12070";"0";"0";"0"
"AM";"Deputado Estadual";"1775176";"24";"73966";"PSTU";"1108";"0";"0";"0"
"AP";"Deputado Federal";"364871";"8";"45609";"PDT / PC do B / MDB / PROS";"77939";"1";"1";"1"
"AP";"Deputado Federal";"364871";"8";"45609";"DEM / PSDB / PP / PSC / PSD / PATRI";"67351";"1";"1";"1"
"AP";"Deputado Federal";"364871";"8";"45609";"PPS / PHS / PR / PSL";"60854";"1";"1";"0"
"AP";"Deputado Federal";"364871";"8";"45609";"PRB / PTB / DC / PTC / PRP";"57220";"1";"1";"0"
"AP";"Deputado Federal";"364871";"8";"45609";"REDE / PPL / AVANTE / SOLIDARIEDADE / PODE";"53339";"1";"1";"0"
"AP";"Deputado Federal";"364871";"8";"45609";"PT / PSB";"32353";"0";"0";"1"
"AP";"Deputado Federal";"364871";"8";"45609";"PV / PMN / PSOL";"15060";"0";"0";"0"
"AP";"Deputado Federal";"364871";"8";"45609";"PSTU";"755";"0";"0";"0"
"AP";"Deputado Estadual";"381945";"24";"15914";"PR / PHS";"51967";"3";"3";"1"
"AP";"Deputado Estadual";"381945";"24";"15914";"PDT / MDB / DC / PRB";"50303";"3";"3";"1"
"AP";"Deputado Estadual";"381945";"24";"15914";"DEM / PSDB / AVANTE";"42794";"2";"2";"1"
"AP";"Deputado Estadual";"381945";"24";"15914";"PROS / PTB / PMB";"33229";"2";"2";"0"
"AP";"Deputado Estadual";"381945";"24";"15914";"REDE / PPL";"32706";"2";"2";"0"
"AP";"Deputado Estadual";"381945";"24";"15914";"SOLIDARIEDADE / PSD";"26479";"1";"1";"1"
"AP";"Deputado Estadual";"381945";"24";"15914";"PTC";"26476";"1";"1";"1"
"AP";"Deputado Estadual";"381945";"24";"15914";"PC do B / PRP";"24284";"1";"1";"0"
"AP";"Deputado Estadual";"381945";"24";"15914";"PP";"23842";"1";"1";"0"
"AP";"Deputado Estadual";"381945";"24";"15914";"PV / PMN / PSOL";"21611";"1";"1";"0"
"AP";"Deputado Estadual";"381945";"24";"15914";"PSC";"20473";"1";"1";"0"
"AP";"Deputado Estadual";"381945";"24";"15914";"PSB";"18801";"1";"1";"0"
"AP";"Deputado Estadual";"381945";"24";"15914";"PODE";"6238";"0";"0";"0"
"AP";"Deputado Estadual";"381945";"24";"15914";"PPS / PSL";"1909";"0";"0";"0"
"AP";"Deputado Estadual";"381945";"24";"15914";"PSTU";"833";"0";"0";"0"
"BA";"Deputado Federal";"6868013";"39";"176103";"PT / PC do B / PP / PSB / PSD / PR / PODE";"3587206";"20";"20";"3"
"BA";"Deputado Federal";"6868013";"39";"176103";"DEM / PRB / PV";"919124";"5";"5";"1"
"BA";"Deputado Federal";"6868013";"39";"176103";"PHS / PPS / PRTB / PSL";"556425";"3";"3";"0"
"BA";"Deputado Federal";"6868013";"39";"176103";"AVANTE / PROS";"424206";"2";"2";"0"
"BA";"Deputado Federal";"6868013";"39";"176103";"PDT";"339264";"1";"1";"1"
"BA";"Deputado Federal";"6868013";"39";"176103";"PSC / PTB / SOLIDARIEDADE / PPL";"277049";"1";"1";"0"
"BA";"Deputado Federal";"6868013";"39";"176103";"PSDB";"219247";"1";"1";"0"
"BA";"Deputado Federal";"6868013";"39";"176103";"PMN / PTC / PRP / PMB";"156327";"0";"0";"1"
"BA";"Deputado Federal";"6868013";"39";"176103";"MDB / DC";"141859";"0";"0";"0"
"BA";"Deputado Federal";"6868013";"39";"176103";"REDE / PATRI";"109652";"0";"0";"0"
"BA";"Deputado Federal";"6868013";"39";"176103";"PSOL";"68275";"0";"0";"0"
"BA";"Deputado Federal";"6868013";"39";"176103";"NOVO";"67699";"0";"0";"0"
"BA";"Deputado Federal";"6868013";"39";"176103";"PCO";"1680";"0";"0";"0"
"BA";"Deputado Estadual";"6971544";"63";"110659";"PT / PMB / PSD / PR / PDT / PODE / PRP / PP / PSB / AVANTE";"3902322";"35";"35";"2"
"BA";"Deputado Estadual";"6971544";"63";"110659";"DEM / PRB / PV / PSDB";"1293578";"11";"11";"1"
"BA";"Deputado Estadual";"6971544";"63";"110659";"PC do B";"514572";"4";"4";"1"
"BA";"Deputado Estadual";"6971544";"63";"110659";"PSC / PTB / PPL";"388416";"3";"3";"0"
"BA";"Deputado Estadual";"6971544";"63";"110659";"PHS / PPS / PRTB / PSL";"310010";"2";"2";"1"
"BA";"Deputado Estadual";"6971544";"63";"110659";"PATRI / REDE";"143780";"1";"1";"0"
"BA";"Deputado Estadual";"6971544";"63";"110659";"MDB / DC";"119308";"1";"1";"0"
"BA";"Deputado Estadual";"6971544";"63";"110659";"PSOL";"112322";"1";"1";"0"
"BA";"Deputado Estadual";"6971544";"63";"110659";"SOLIDARIEDADE";"94771";"0";"0";"0"
"BA";"Deputado Estadual";"6971544";"63";"110659";"PTC / PMN";"86803";"0";"0";"0"
"BA";"Deputado Estadual";"6971544";"63";"110659";"PROS";"4796";"0";"0";"0"
"BA";"Deputado Estadual";"6971544";"63";"110659";"PCO";"866";"0";"0";"0"
"CE";"Deputado Federal";"4594520";"22";"208842";"PDT / PTB / DEM / PSB / PRP / PPL";"1449637";"6";"6";"2"
"CE";"Deputado Federal";"4594520";"22";"208842";"PT / PC do B / PP / PV / PR / PMN";"1166238";"5";"5";"1"
"CE";"Deputado Federal";"4594520";"22";"208842";"MDB / PHS / AVANTE / SOLIDARIEDADE / PSD / PSC / PODE / PRB";"705666";"3";"3";"0"
"CE";"Deputado Federal";"4594520";"22";"208842";"PROS";"448211";"2";"2";"0"
"CE";"Deputado Federal";"4594520";"22";"208842";"PPS / PRTB / PATRI";"263142";"1";"1";"0"
"CE";"Deputado Federal";"4594520";"22";"208842";"PSDB";"244788";"1";"1";"0"
"CE";"Deputado Federal";"4594520";"22";"208842";"DC / PSL";"188432";"0";"0";"1"
"CE";"Deputado Federal";"4594520";"22";"208842";"PSOL";"66079";"0";"0";"0"
"CE";"Deputado Federal";"4594520";"22";"208842";"NOVO";"36326";"0";"0";"0"
"CE";"Deputado Federal";"4594520";"22";"208842";"REDE";"24761";"0";"0";"0"
"CE";"Deputado Federal";"4594520";"22";"208842";"PSTU";"1240";"0";"0";"0"
"CE";"Deputado Estadual";"4571231";"46";"99375";"PP / PDT / PR / DEM / PRP";"1734485";"17";"17";"2"
"CE";"Deputado Estadual";"4571231";"46";"99375";"MDB / PHS / AVANTE / SOLIDARIEDADE / PSD / PSC / PODE / PRB";"787156";"7";"7";"2"
"CE";"Deputado Estadual";"4571231";"46";"99375";"PT / PV / PSB";"507832";"5";"5";"0"
"CE";"Deputado Estadual";"4571231";"46";"99375";"PATRI";"339611";"3";"3";"0"
"CE";"Deputado Estadual";"4571231";"46";"99375";"DC / PSL";"235923";"2";"2";"0"
"CE";"Deputado Estadual";"4571231";"46";"99375";"PC do B / PTB";"218931";"2";"2";"0"
"CE";"Deputado Estadual";"4571231";"46";"99375";"PROS";"206086";"2";"2";"0"
"CE";"Deputado Estadual";"4571231";"46";"99375";"PSDB";"204419";"2";"2";"0"
"CE";"Deputado Estadual";"4571231";"46";"99375";"PPS / PRTB / PPL";"155165";"1";"1";"0"
"CE";"Deputado Estadual";"4571231";"46";"99375";"PSOL";"113159";"1";"1";"0"
"CE";"Deputado Estadual";"4571231";"46";"99375";"PMN";"62135";"0";"0";"0"
"CE";"Deputado Estadual";"4571231";"46";"99375";"REDE";"4563";"0";"0";"0"
"CE";"Deputado Estadual";"4571231";"46";"99375";"PSTU";"1766";"0";"0";"0"
"DF";"Deputado Federal";"1439876";"8";"179984";"PSDB / PR / DEM";"257176";"1";"1";"1"
"DF";"Deputado Federal";"1439876";"8";"179984";"PRB / PODE / PPS / SOLIDARIEDADE / PSC / PSD";"253517";"1";"1";"1"
"DF";"Deputado Federal";"1439876";"8";"179984";"PSB / PV / PC do B / PDT / REDE";"193858";"1";"1";"0"
"DF";"Deputado Federal";"1439876";"8";"179984";"MDB / PP / PSL / AVANTE";"162875";"0";"0";"1"
"DF";"Deputado Federal";"1439876";"8";"179984";"PT";"130186";"0";"0";"1"
"DF";"Deputado Federal";"1439876";"8";"179984";"PRP / PRTB";"123116";"0";"0";"1"
"DF";"Deputado Federal";"1439876";"8";"179984";"PROS / PMB / PMN";"105063";"0";"0";"0"
"DF";"Deputado Federal";"1439876";"8";"179984";"PTB / PHS / PTC / PATRI";"91844";"0";"0";"0"
"DF";"Deputado Federal";"1439876";"8";"179984";"NOVO";"69492";"0";"0";"0"
"DF";"Deputado Federal";"1439876";"8";"179984";"PSOL / PCB";"37437";"0";"0";"0"
"DF";"Deputado Federal";"1439876";"8";"179984";"PPL";"10756";"0";"0";"0"
"DF";"Deputado Federal";"1439876";"8";"179984";"DC";"3676";"0";"0";"0"
"DF";"Deputado Federal";"1439876";"8";"179984";"PSTU";"880";"0";"0";"0"
"DF";"Deputado Distrital";"1477566";"24";"61565";"PSB";"123457";"2";"2";"0"
"DF";"Deputado Distrital";"1477566";"24";"61565";"PRB / SOLIDARIEDADE";"97745";"1";"1";"1"
"DF";"Deputado Distrital";"1477566";"24";"61565";"AVANTE";"94824";"1";"1";"1"
"DF";"Deputado Distrital";"1477566";"24";"61565";"PSD / PODE";"92058";"1";"1";"1"
"DF";"Deputado Distrital";"1477566";"24";"61565";"PDT / PV";"91901";"1";"1";"1"
"DF";"Deputado Distrital";"1477566";"24";"61565";"PT";"90097";"1";"1";"1"
"DF";"Deputado Distrital";"1477566";"24";"61565";"PROS";"86917";"1";"1";"1"
"DF";"Deputado Distrital";"1477566";"24";"61565";"PP";"82554";"1";"1";"0"
"DF";"Deputado Distrital";"1477566";"24";"61565";"PR";"69291";"1";"1";"0"
"DF";"Deputado Distrital";"1477566";"24";"61565";"PMN / PTC";"68926";"1";"1";"0"
"DF";"Deputado Distrital";"1477566";"24";"61565";"MDB";"68327";"1";"1";"0"
"DF";"Deputado Distrital";"1477566";"24";"61565";"PSC";"61994";"1";"1";"0"
"DF";"Deputado Distrital";"1477566";"24";"61565";"NOVO";"59149";"0";"0";"1"
"DF";"Deputado Distrital";"1477566";"24";"61565";"PC do B / REDE";"58900";"0";"0";"1"
"DF";"Deputado Distrital";"1477566";"24";"61565";"PRP / PRTB";"58180";"0";"0";"1"
"DF";"Deputado Distrital";"1477566";"24";"61565";"PSOL / PCB";"49840";"0";"0";"1"
"DF";"Deputado Distrital";"1477566";"24";"61565";"PHS";"47404";"0";"0";"1"
"DF";"Deputado Distrital";"1477566";"24";"61565";"PPS";"42621";"0";"0";"0"
"DF";"Deputado Distrital";"1477566";"24";"61565";"PSDB / DEM / DC";"37725";"0";"0";"0"
"DF";"Deputado Distrital";"1477566";"24";"61565";"PMB / PATRI";"37699";"0";"0";"0"
"DF";"Deputado Distrital";"1477566";"24";"61565";"PSL / PPL";"36031";"0";"0";"0"
"DF";"Deputado Distrital";"1477566";"24";"61565";"PTB";"21546";"0";"0";"0"
"DF";"Deputado Distrital";"1477566";"24";"61565";"PSTU";"380";"0";"0";"0"
"ES";"Deputado Federal";"1933018";"10";"193302";"PR / PRB / PSL";"506023";"2";"2";"1"
"ES";"Deputado Federal";"1933018";"10";"193302";"PP / PROS / PPS / PHS / PC do B";"369141";"1";"1";"1"
"ES";"Deputado Federal";"1933018";"10";"193302";"PSB / PV / PSC / AVANTE / PTC / PPL";"347947";"1";"1";"1"
"ES";"Deputado Federal";"1933018";"10";"193302";"PDT / DEM / PSD / PSDB / PRP / SOLIDARIEDADE";"309996";"1";"1";"1"
"ES";"Deputado Federal";"1933018";"10";"193302";"PT";"140398";"0";"0";"1"
"ES";"Deputado Federal";"1933018";"10";"193302";"PATRI / PMN / REDE / PODE / MDB";"138671";"0";"0";"0"
"ES";"Deputado Federal";"1933018";"10";"193302";"PTB / PMB";"60900";"0";"0";"0"
"ES";"Deputado Federal";"1933018";"10";"193302";"NOVO";"33808";"0";"0";"0"
"ES";"Deputado Federal";"1933018";"10";"193302";"PSOL / PCB";"15361";"0";"0";"0"
"ES";"Deputado Federal";"1933018";"10";"193302";"DC";"7597";"0";"0";"0"
"ES";"Deputado Federal";"1933018";"10";"193302";"PRTB";"3176";"0";"0";"0"
"ES";"Deputado Estadual";"1949567";"30";"64986";"PR / PRB / PSL";"327868";"5";"5";"1"
"ES";"Deputado Estadual";"1949567";"30";"64986";"PSB / DC";"196862";"3";"3";"0"
"ES";"Deputado Estadual";"1949567";"30";"64986";"PDT / DEM / PPL / PSD";"177727";"2";"2";"1"
"ES";"Deputado Estadual";"1949567";"30";"64986";"PSDB / PSC";"176864";"2";"2";"1"
"ES";"Deputado Estadual";"1949567";"30";"64986";"PODE / PRTB / PMN / PATRI / REDE";"176531";"2";"2";"1"
"ES";"Deputado Estadual";"1949567";"30";"64986";"PRP / PC do B";"146709";"2";"2";"0"
"ES";"Deputado Estadual";"1949567";"30";"64986";"MDB";"142945";"2";"2";"0"
"ES";"Deputado Estadual";"1949567";"30";"64986";"PPS / AVANTE / PTC";"139909";"2";"2";"0"
"ES";"Deputado Estadual";"1949567";"30";"64986";"PP / PROS";"137503";"2";"2";"0"
"ES";"Deputado Estadual";"1949567";"30";"64986";"PV / SOLIDARIEDADE / PHS";"136765";"2";"2";"0"
"ES";"Deputado Estadual";"1949567";"30";"64986";"PT";"84240";"1";"1";"0"
"ES";"Deputado Estadual";"1949567";"30";"64986";"PTB / PMB";"81984";"1";"1";"0"
"ES";"Deputado Estadual";"1949567";"30";"64986";"PSOL / PCB";"23660";"0";"0";"0"
"GO";"Deputado Federal";"3031194";"17";"178306";"DEM / PROS / PRP / PDT / PSC / PODE";"850010";"4";"4";"2"
"GO";"Deputado Federal";"3031194";"17";"178306";"PSDB / PR / PSB / PPS / SOLIDARIEDADE / PTB / PSD";"829999";"4";"4";"1"
"GO";"Deputado Federal";"3031194";"17";"178306";"MDB / PRB / PP";"511833";"2";"2";"1"
"GO";"Deputado Federal";"3031194";"17";"178306";"PSL / DC";"380204";"2";"2";"0"
"GO";"Deputado Federal";"3031194";"17";"178306";"PT / PC do B";"168253";"0";"0";"1"
"GO";"Deputado Federal";"3031194";"17";"178306";"PRTB / PTC / PMN / PMB";"141538";"0";"0";"0"
"GO";"Deputado Federal";"3031194";"17";"178306";"PV / REDE / AVANTE / PATRI";"51291";"0";"0";"0"
"GO";"Deputado Federal";"3031194";"17";"178306";"NOVO";"41737";"0";"0";"0"
"GO";"Deputado Federal";"3031194";"17";"178306";"PHS";"29749";"0";"0";"0"
"GO";"Deputado Federal";"3031194";"17";"178306";"PSOL";"23085";"0";"0";"0"
"GO";"Deputado Federal";"3031194";"17";"178306";"PCB";"2937";"0";"0";"0"
"GO";"Deputado Federal";"3031194";"17";"178306";"PCO";"558";"0";"0";"0"
"GO";"Deputado Estadual";"3084824";"41";"75240";"PSDB / PSB / PPS";"499511";"6";"6";"2"
"GO";"Deputado Estadual";"3084824";"41";"75240";"DEM / PTC / PMB / PSC";"389892";"5";"5";"1"
"GO";"Deputado Estadual";"3084824";"41";"75240";"MDB / PRB";"358718";"4";"4";"1"
"GO";"Deputado Estadual";"3084824";"41";"75240";"PTB / PSD";"225326";"2";"2";"1"
"GO";"Deputado Estadual";"3084824";"41";"75240";"PROS";"191721";"2";"2";"1"
"GO";"Deputado Estadual";"3084824";"41";"75240";"PSL";"186331";"2";"2";"0"
"GO";"Deputado Estadual";"3084824";"41";"75240";"PODE / PRP";"184044";"2";"2";"0"
"GO";"Deputado Estadual";"3084824";"41";"75240";"PT / PC do B";"176141";"2";"2";"0"
"GO";"Deputado Estadual";"3084824";"41";"75240";"DC";"150142";"1";"1";"1"
"GO";"Deputado Estadual";"3084824";"41";"75240";"SOLIDARIEDADE";"149505";"1";"1";"1"
"GO";"Deputado Estadual";"3084824";"41";"75240";"PRTB / PMN";"130197";"1";"1";"1"
"GO";"Deputado Estadual";"3084824";"41";"75240";"AVANTE / PR / PV";"96516";"1";"1";"0"
"GO";"Deputado Estadual";"3084824";"41";"75240";"PP";"83207";"1";"1";"0"
"GO";"Deputado Estadual";"3084824";"41";"75240";"PATRI";"81240";"1";"1";"0"
"GO";"Deputado Estadual";"3084824";"41";"75240";"PDT";"80099";"1";"1";"0"
"GO";"Deputado Estadual";"3084824";"41";"75240";"PHS";"53666";"0";"0";"0"
"GO";"Deputado Estadual";"3084824";"41";"75240";"REDE";"29018";"0";"0";"0"
"GO";"Deputado Estadual";"3084824";"41";"75240";"PSOL";"16961";"0";"0";"0"
"GO";"Deputado Estadual";"3084824";"41";"75240";"PCB";"1996";"0";"0";"0"
"GO";"Deputado Estadual";"3084824";"41";"75240";"PCO";"593";"0";"0";"0"
"MA";"Deputado Federal";"3270678";"18";"181704";"PC do B / PRB / PPS / SOLIDARIEDADE / PROS / PTC / PTB / PSB / DEM / AVANTE / PPL";"978070";"5";"5";"1"
"MA";"Deputado Federal";"3270678";"18";"181704";"PDT / PP / PR / PATRI";"866510";"4";"4";"1"
"MA";"Deputado Federal";"3270678";"18";"181704";"MDB / PV / PSD / PSC / PMB / PRP";"515476";"2";"2";"1"
"MA";"Deputado Federal";"3270678";"18";"181704";"PMN / PHS";"358529";"1";"1";"1"
"MA";"Deputado Federal";"3270678";"18";"181704";"PSDB / REDE / PODE / DC";"210919";"1";"1";"0"
"MA";"Deputado Federal";"3270678";"18";"181704";"PT";"170904";"0";"0";"1"
"MA";"Deputado Federal";"3270678";"18";"181704";"PSL / PRTB";"151125";"0";"0";"0"
"MA";"Deputado Federal";"3270678";"18";"181704";"PSOL / PCB";"14007";"0";"0";"0"
"MA";"Deputado Federal";"3270678";"18";"181704";"PSTU";"5138";"0";"0";"0"
"MA";"Deputado Estadual";"3254776";"42";"77495";"PDT / PC do B / PSB / PRB / PR / DEM / PP / PTC / AVANTE";"1785469";"23";"23";"3"
"MA";"Deputado Estadual";"3254776";"42";"77495";"MDB / PV / PSD / PSC / PMB / PRP";"378395";"4";"4";"1"
"MA";"Deputado Estadual";"3254776";"42";"77495";"SOLIDARIEDADE / PATRI";"264130";"3";"3";"0"
"MA";"Deputado Estadual";"3254776";"42";"77495";"PRTB";"164256";"2";"2";"0"
"MA";"Deputado Estadual";"3254776";"42";"77495";"PTB / PROS / PPS / PPL";"142705";"1";"1";"1"
"MA";"Deputado Estadual";"3254776";"42";"77495";"PT";"136936";"1";"1";"0"
"MA";"Deputado Estadual";"3254776";"42";"77495";"PMN / PHS";"128245";"1";"1";"0"
"MA";"Deputado Estadual";"3254776";"42";"77495";"PSL";"116869";"1";"1";"0"
"MA";"Deputado Estadual";"3254776";"42";"77495";"PSDB";"78820";"1";"1";"0"
"MA";"Deputado Estadual";"3254776";"42";"77495";"REDE / PODE / DC";"44096";"0";"0";"0"
"MA";"Deputado Estadual";"3254776";"42";"77495";"PSOL / PCB";"12044";"0";"0";"0"
"MA";"Deputado Estadual";"3254776";"42";"77495";"PSTU";"2480";"0";"0";"0"
"MA";"Deputado Estadual";"3254776";"42";"77495";"PCO";"331";"0";"0";"0"
"MG";"Deputado Federal";"10078120";"53";"190153";"PT / PR / PSB / DC / PC do B";"2161800";"11";"11";"1"
"MG";"Deputado Federal";"10078120";"53";"190153";"PSDB / PSD / SOLIDARIEDADE / PPS / DEM / PP";"2123587";"11";"11";"1"
"MG";"Deputado Federal";"10078120";"53";"190153";"PDT / PV / PRB / MDB";"1389911";"7";"7";"1"
"MG";"Deputado Federal";"10078120";"53";"190153";"PSL";"1100263";"5";"5";"1"
"MG";"Deputado Federal";"10078120";"53";"190153";"AVANTE";"616562";"3";"3";"0"
"MG";"Deputado Federal";"10078120";"53";"190153";"NOVO";"461859";"2";"2";"0"
"MG";"Deputado Federal";"10078120";"53";"190153";"PHS / PRP";"417036";"2";"2";"0"
"MG";"Deputado Federal";"10078120";"53";"190153";"PSC / PTB / PMN";"404726";"2";"2";"0"
"MG";"Deputado Federal";"10078120";"53";"190153";"PROS";"377657";"1";"1";"1"
"MG";"Deputado Federal";"10078120";"53";"190153";"PATRI / PTC / PMB";"356570";"1";"1";"1"
"MG";"Deputado Federal";"10078120";"53";"190153";"PSOL / PCB";"254155";"1";"1";"0"
"MG";"Deputado Federal";"10078120";"53";"190153";"PODE";"233631";"1";"1";"0"
"MG";"Deputado Federal";"10078120";"53";"190153";"PRTB / REDE";"157405";"0";"0";"0"
"MG";"Deputado Federal";"10078120";"53";"190153";"PPL";"17176";"0";"0";"0"
"MG";"Deputado Federal";"10078120";"53";"190153";"PSTU";"5782";"0";"0";"0"
"MG";"Deputado Estadual";"10119142";"77";"131417";"PDT / PRB / PV / MDB / PODE";"2343979";"17";"17";"2"
"MG";"Deputado Estadual";"10119142";"77";"131417";"PSDB / PPS / DEM / PP / PSD";"1747798";"13";"13";"1"
"MG";"Deputado Estadual";"10119142";"77";"131417";"PT / PR / PSB";"1631890";"12";"12";"1"
"MG";"Deputado Estadual";"10119142";"77";"131417";"PSL";"712957";"5";"5";"1"
"MG";"Deputado Estadual";"10119142";"77";"131417";"PTB / PMN";"463431";"3";"3";"0"
"MG";"Deputado Estadual";"10119142";"77";"131417";"PHS";"417651";"3";"3";"0"
"MG";"Deputado Estadual";"10119142";"77";"131417";"PSC";"394159";"2";"2";"1"
"MG";"Deputado Estadual";"10119142";"77";"131417";"NOVO";"372346";"2";"2";"1"
"MG";"Deputado Estadual";"10119142";"77";"131417";"PATRI / PTC / PMB";"327211";"2";"2";"0"
"MG";"Deputado Estadual";"10119142";"77";"131417";"PRTB / REDE";"320779";"2";"2";"0"
"MG";"Deputado Estadual";"10119142";"77";"131417";"SOLIDARIEDADE";"281184";"2";"2";"0"
"MG";"Deputado Estadual";"10119142";"77";"131417";"AVANTE";"243184";"1";"1";"1"
"MG";"Deputado Estadual";"10119142";"77";"131417";"PC do B";"217040";"1";"1";"0"
"MG";"Deputado Estadual";"10119142";"77";"131417";"PROS";"189560";"1";"1";"0"
"MG";"Deputado Estadual";"10119142";"77";"131417";"DC";"177674";"1";"1";"0"
"MG";"Deputado Estadual";"10119142";"77";"131417";"PSOL / PCB";"144024";"1";"1";"0"
"MG";"Deputado Estadual";"10119142";"77";"131417";"PRP / PPL";"125198";"0";"0";"1"
"MG";"Deputado Estadual";"10119142";"77";"131417";"PSTU";"9077";"0";"0";"0"
"MS";"Deputado Federal";"1240027";"8";"155003";"PSDB / PATRI / PSD / PMB / DEM / PP";"528268";"3";"3";"1"
"MS";"Deputado Federal";"1240027";"8";"155003";"PPS / PROS / SOLIDARIEDADE / PSB / PTB / AVANTE / PSL / PMN";"261732";"1";"1";"1"
"MS";"Deputado Federal";"1240027";"8";"155003";"PT";"140890";"0";"0";"1"
"MS";"Deputado Federal";"1240027";"8";"155003";"PDT / PRB / PODE";"130094";"0";"0";"1"
"MS";"Deputado Federal";"1240027";"8";"155003";"MDB / PRP";"93084";"0";"0";"0"
"MS";"Deputado Federal";"1240027";"8";"155003";"PTC / PHS / PR / DC / PRTB / PSC";"33349";"0";"0";"0"
"MS";"Deputado Federal";"1240027";"8";"155003";"REDE / PC do B / PV";"24368";"0";"0";"0"
"MS";"Deputado Federal";"1240027";"8";"155003";"NOVO";"19841";"0";"0";"0"
"MS";"Deputado Federal";"1240027";"8";"155003";"PSOL";"6678";"0";"0";"0"
"MS";"Deputado Federal";"1240027";"8";"155003";"PPL";"1723";"0";"0";"0"
"MS";"Deputado Estadual";"1283007";"24";"53459";"PSDB / PROS / DEM";"354632";"6";"6";"1"
"MS";"Deputado Estadual";"1283007";"24";"53459";"SOLIDARIEDADE / PPS / PSL / PSB / PP / PTB / PMB";"320230";"5";"5";"2"
"MS";"Deputado Estadual";"1283007";"24";"53459";"MDB";"142787";"2";"2";"1"
"MS";"Deputado Estadual";"1283007";"24";"53459";"PDT / PRB";"134151";"2";"2";"0"
"MS";"Deputado Estadual";"1283007";"24";"53459";"PSD / PATRI / PMN / AVANTE";"122933";"2";"2";"0"
"MS";"Deputado Estadual";"1283007";"24";"53459";"PT";"119160";"2";"2";"0"
"MS";"Deputado Estadual";"1283007";"24";"53459";"PSC / PR / DC / PRTB / PHS / PTC";"47269";"0";"0";"1"
"MS";"Deputado Estadual";"1283007";"24";"53459";"PODE";"21860";"0";"0";"0"
"MS";"Deputado Estadual";"1283007";"24";"53459";"REDE / PC do B / PV";"15070";"0";"0";"0"
"MS";"Deputado Estadual";"1283007";"24";"53459";"PSOL";"4915";"0";"0";"0"
"MT";"Deputado Federal";"1481262";"8";"185158";"PRB / PP / PTB / PT / PMN / PODE / PROS / PR";"535432";"2";"2";"2"
"MT";"Deputado Federal";"1481262";"8";"185158";"DEM / PDT / PSD / MDB / PMB";"337745";"1";"1";"1"
"MT";"Deputado Federal";"1481262";"8";"185158";"PSDB / PPS / PSB / SOLIDARIEDADE";"244618";"1";"1";"0"
"MT";"Deputado Federal";"1481262";"8";"185158";"PSL / PATRI / PRP";"220257";"1";"1";"0"
"MT";"Deputado Federal";"1481262";"8";"185158";"PSC / PHS / PTC";"62959";"0";"0";"0"
"MT";"Deputado Federal";"1481262";"8";"185158";"NOVO";"36367";"0";"0";"0"
"MT";"Deputado Federal";"1481262";"8";"185158";"PV / PC do B";"27588";"0";"0";"0"
"MT";"Deputado Federal";"1481262";"8";"185158";"PSOL";"9830";"0";"0";"0"
"MT";"Deputado Federal";"1481262";"8";"185158";"REDE / PPL";"6466";"0";"0";"0"
"MT";"Deputado Estadual";"1515319";"24";"63138";"DEM / PDT / PSC / MDB / PHS / PSD / PMB";"500257";"7";"7";"2"
"MT";"Deputado Estadual";"1515319";"24";"63138";"PR / PRB / PT / PC do B";"174275";"2";"2";"1"
"MT";"Deputado Estadual";"1515319";"24";"63138";"PSB / PPS";"154814";"2";"2";"0"
"MT";"Deputado Estadual";"1515319";"24";"63138";"PSDB";"145480";"2";"2";"0"
"MT";"Deputado Estadual";"1515319";"24";"63138";"DC / PRTB / AVANTE / SOLIDARIEDADE / PRP / PATRI";"144716";"2";"2";"0"
"MT";"Deputado Estadual";"1515319";"24";"63138";"PP / PODE / PMN / PROS";"137942";"2";"2";"0"
"MT";"Deputado Estadual";"1515319";"24";"63138";"PV / PTB";"125794";"1";"1";"1"
"MT";"Deputado Estadual";"1515319";"24";"63138";"PSL";"120488";"1";"1";"1"
"MT";"Deputado Estadual";"1515319";"24";"63138";"REDE / PPL";"8396";"0";"0";"0"
"MT";"Deputado Estadual";"1515319";"24";"63138";"PSOL";"2947";"0";"0";"0"
"MT";"Deputado Estadual";"1515319";"24";"63138";"PTC";"210";"0";"0";"0"
"PA";"Deputado Federal";"3956457";"17";"232733";"MDB / PSD / PR / PP / PTB / PSC / PSL / PRB / PMB / PHS / PODE";"1887789";"8";"8";"1"
"PA";"Deputado Federal";"3956457";"17";"232733";"PSDB / DEM / PSB / PDT / SOLIDARIEDADE / PPS / PMN";"1105716";"4";"4";"1"
"PA";"Deputado Federal";"3956457";"17";"232733";"PT / PC do B";"449713";"1";"1";"1"
"PA";"Deputado Federal";"3956457";"17";"232733";"PSOL / PPL / PCB";"299348";"1";"1";"0"
"PA";"Deputado Federal";"3956457";"17";"232733";"AVANTE / PROS / PATRI / PTC / DC";"151003";"0";"0";"0"
"PA";"Deputado Federal";"3956457";"17";"232733";"PRP / PRTB / REDE / PV";"62888";"0";"0";"0"
"PA";"Deputado Estadual";"4017949";"41";"97999";"MDB / DC / PSD";"897003";"9";"9";"1"
"PA";"Deputado Estadual";"4017949";"41";"97999";"PSDB / DEM / PDT / PRP";"853223";"8";"8";"2"
"PA";"Deputado Estadual";"4017949";"41";"97999";"PT";"311237";"3";"3";"0"
"PA";"Deputado Estadual";"4017949";"41";"97999";"PR";"285099";"2";"2";"1"
"PA";"Deputado Estadual";"4017949";"41";"97999";"PODE / PTB / PSL / PROS / AVANTE";"281372";"2";"2";"1"
"PA";"Deputado Estadual";"4017949";"41";"97999";"PSC";"207737";"2";"2";"0"
"PA";"Deputado Estadual";"4017949";"41";"97999";"PRB / PMB";"198465";"2";"2";"0"
"PA";"Deputado Estadual";"4017949";"41";"97999";"PPS / PMN / PRTB";"196438";"2";"2";"0"
"PA";"Deputado Estadual";"4017949";"41";"97999";"PP / PHS";"177775";"1";"1";"1"
"PA";"Deputado Estadual";"4017949";"41";"97999";"PSB";"146643";"1";"1";"0"
"PA";"Deputado Estadual";"4017949";"41";"97999";"SOLIDARIEDADE";"140380";"1";"1";"0"
"PA";"Deputado Estadual";"4017949";"41";"97999";"PSOL / PPL / PCB";"111545";"1";"1";"0"
"PA";"Deputado Estadual";"4017949";"41";"97999";"PTC / PATRI";"99714";"1";"1";"0"
"PA";"Deputado Estadual";"4017949";"41";"97999";"PC do B";"56953";"0";"0";"0"
"PA";"Deputado Estadual";"4017949";"41";"97999";"PV / REDE";"52146";"0";"0";"0"
"PA";"Deputado Estadual";"4017949";"41";"97999";"PSTU";"2219";"0";"0";"0"
"PB";"Deputado Federal";"1989377";"12";"165781";"PSB / PTB / PRB / PT / DEM / PDT / PC do B / PODE";"809147";"4";"4";"2"
"PB";"Deputado Federal";"1989377";"12";"165781";"PV / PSDB / PSD / PSC / SOLIDARIEDADE";"417689";"2";"2";"1"
"PB";"Deputado Federal";"1989377";"12";"165781";"PP / PTC / PHS / PPL";"232495";"1";"1";"0"
"PB";"Deputado Federal";"1989377";"12";"165781";"MDB / PR / PATRI";"209259";"1";"1";"0"
"PB";"Deputado Federal";"1989377";"12";"165781";"PSL / DC / PRTB";"167012";"1";"1";"0"
"PB";"Deputado Federal";"1989377";"12";"165781";"AVANTE / PROS / PPS / PMN / REDE";"130360";"0";"0";"0"
"PB";"Deputado Federal";"1989377";"12";"165781";"NOVO";"12691";"0";"0";"0"
"PB";"Deputado Federal";"1989377";"12";"165781";"PRP";"5773";"0";"0";"0"
"PB";"Deputado Federal";"1989377";"12";"165781";"PSOL";"4951";"0";"0";"0"
"PB";"Deputado Estadual";"2051415";"36";"56984";"PSB / PTB / PRB / PODE / PDT / PC do B / PRP";"798680";"14";"14";"1"
"PB";"Deputado Estadual";"2051415";"36";"56984";"PV / PSD / PP / PTC / PHS / PSC / PSDB";"393492";"6";"6";"1"
"PB";"Deputado Estadual";"2051415";"36";"56984";"AVANTE / PT / PROS";"238992";"4";"4";"0"
"PB";"Deputado Estadual";"2051415";"36";"56984";"REDE / PPS / PMN / DEM";"205488";"3";"3";"0"
"PB";"Deputado Estadual";"2051415";"36";"56984";"DC / PSL / PRTB / SOLIDARIEDADE";"159186";"2";"2";"1"
"PB";"Deputado Estadual";"2051415";"36";"56984";"MDB / PR";"127602";"2";"2";"0"
"PB";"Deputado Estadual";"2051415";"36";"56984";"PATRI";"118760";"2";"2";"0"
"PB";"Deputado Estadual";"2051415";"36";"56984";"PSOL";"9215";"0";"0";"0"
"PE";"Deputado Federal";"4330375";"25";"173215";"PSB / PC do B / MDB / PSD";"1223357";"7";"7";"1"
"PE";"Deputado Federal";"4330375";"25";"173215";"PTB / DEM / PSDB / PSC / PRB / PODE / PPS";"895653";"5";"5";"1"
"PE";"Deputado Federal";"4330375";"25";"173215";"PP / PR / SOLIDARIEDADE / PMN";"630559";"3";"3";"1"
"PE";"Deputado Federal";"4330375";"25";"173215";"PT";"414210";"2";"2";"0"
"PE";"Deputado Federal";"4330375";"25";"173215";"PSL / PRTB / PHS / PV";"323739";"1";"1";"1"
"PE";"Deputado Federal";"4330375";"25";"173215";"PROS / AVANTE / PDT";"305504";"1";"1";"1"
"PE";"Deputado Federal";"4330375";"25";"173215";"PATRI";"267447";"1";"1";"0"
"PE";"Deputado Federal";"4330375";"25";"173215";"PSOL / PCB";"93236";"0";"0";"0"
"PE";"Deputado Federal";"4330375";"25";"173215";"PPL / PTC / PRP";"89521";"0";"0";"0"
"PE";"Deputado Federal";"4330375";"25";"173215";"NOVO";"46149";"0";"0";"0"
"PE";"Deputado Federal";"4330375";"25";"173215";"REDE";"20165";"0";"0";"0"
"PE";"Deputado Federal";"4330375";"25";"173215";"DC";"18471";"0";"0";"0"
"PE";"Deputado Federal";"4330375";"25";"173215";"PSTU";"2364";"0";"0";"0"
"PE";"Deputado Estadual";"4511453";"49";"92070";"PSB / MDB / PSD";"1282674";"13";"13";"2"
"PE";"Deputado Estadual";"4511453";"49";"92070";"PP / PR / SOLIDARIEDADE / PMN";"1054841";"11";"11";"2"
"PE";"Deputado Estadual";"4511453";"49";"92070";"PTB / DEM / PSDB / PRB / PODE";"595247";"6";"6";"1"
"PE";"Deputado Estadual";"4511453";"49";"92070";"PSC / PMB / DC";"427925";"4";"4";"1"
"PE";"Deputado Estadual";"4511453";"49";"92070";"PT";"246224";"2";"2";"1"
"PE";"Deputado Estadual";"4511453";"49";"92070";"PSL / PRTB / PHS / PV";"230984";"2";"2";"0"
"PE";"Deputado Estadual";"4511453";"49";"92070";"PROS / AVANTE / PDT";"204027";"2";"2";"0"
"PE";"Deputado Estadual";"4511453";"49";"92070";"PC do B";"140005";"1";"1";"0"
"PE";"Deputado Estadual";"4511453";"49";"92070";"PSOL / PCB";"111962";"1";"1";"0"
"PE";"Deputado Estadual";"4511453";"49";"92070";"PATRI";"73717";"0";"0";"0"
"PE";"Deputado Estadual";"4511453";"49";"92070";"PPL / PTC / PRP";"61783";"0";"0";"0"
"PE";"Deputado Estadual";"4511453";"49";"92070";"PPS";"49436";"0";"0";"0"
"PE";"Deputado Estadual";"4511453";"49";"92070";"REDE";"30407";"0";"0";"0"
"PE";"Deputado Estadual";"4511453";"49";"92070";"PSTU";"2221";"0";"0";"0"
"PI";"Deputado Federal";"1787802";"10";"178780";"MDB / PP / PTB / PC do B / PR / PDT / PSD / PT";"1233051";"6";"6";"2"
"PI";"Deputado Federal";"1787802";"10";"178780";"PMN / PRB / SOLIDARIEDADE / PPL / PTC";"172919";"0";"0";"1"
"PI";"Deputado Federal";"1787802";"10";"178780";"PSDB / PSB / DEM";"144742";"0";"0";"1"
"PI";"Deputado Federal";"1787802";"10";"178780";"PODE / PATRI / AVANTE / PRP / PHS";"114682";"0";"0";"0"
"PI";"Deputado Federal";"1787802";"10";"178780";"PROS / PSL";"54159";"0";"0";"0"
"PI";"Deputado Federal";"1787802";"10";"178780";"PV / PPS / REDE";"29397";"0";"0";"0"
"PI";"Deputado Federal";"1787802";"10";"178780";"PRTB";"15526";"0";"0";"0"
"PI";"Deputado Federal";"1787802";"10";"178780";"PSOL / PCB";"12311";"0";"0";"0"
"PI";"Deputado Federal";"1787802";"10";"178780";"PSC";"7521";"0";"0";"0"
"PI";"Deputado Federal";"1787802";"10";"178780";"DC";"2250";"0";"0";"0"
"PI";"Deputado Federal";"1787802";"10";"178780";"PSTU";"1244";"0";"0";"0"
"PI";"Deputado Federal";"1787802";"10";"178780";"PCO";"0";"0";"0";"0"
"PI";"Deputado Estadual";"1816803";"30";"60560";"PT / MDB / PP / PR / PDT / PSD / PC do B / PTB / PRTB";"1336812";"22";"22";"2"
"PI";"Deputado Estadual";"1816803";"30";"60560";"PSDB / DEM / PSB";"155889";"2";"2";"0"
"PI";"Deputado Estadual";"1816803";"30";"60560";"PODE / PV / PRP / PATRI / PPS / AVANTE / REDE / PHS";"145384";"2";"2";"0"
"PI";"Deputado Estadual";"1816803";"30";"60560";"PMN / PRB / SOLIDARIEDADE / PPL / PTC";"127597";"2";"2";"0"
"PI";"Deputado Estadual";"1816803";"30";"60560";"PROS / PSL";"35644";"0";"0";"0"
"PI";"Deputado Estadual";"1816803";"30";"60560";"PSOL / PCB";"8029";"0";"0";"0"
"PI";"Deputado Estadual";"1816803";"30";"60560";"DC";"4492";"0";"0";"0"
"PI";"Deputado Estadual";"1816803";"30";"60560";"PSC";"1695";"0";"0";"0"
"PI";"Deputado Estadual";"1816803";"30";"60560";"PSTU";"1094";"0";"0";"0"
"PI";"Deputado Estadual";"1816803";"30";"60560";"PCO";"167";"0";"0";"0"
"PR";"Deputado Federal";"5731922";"30";"191064";"PSD / PSC / PR / PPS / PODE";"1711664";"8";"8";"2"
"PR";"Deputado Federal";"5731922";"30";"191064";"PP / PTB / DEM / PMN / PMB / PSB / PSDB / PROS";"1325739";"6";"6";"2"
"PR";"Deputado Federal";"5731922";"30";"191064";"PSL / PTC / PATRI";"603119";"3";"3";"0"
"PR";"Deputado Federal";"5731922";"30";"191064";"MDB / PDT / SOLIDARIEDADE / PC do B";"595976";"3";"3";"0"
"PR";"Deputado Federal";"5731922";"30";"191064";"PT";"501524";"2";"2";"1"
"PR";"Deputado Federal";"5731922";"30";"191064";"PRB / PHS / AVANTE";"402655";"2";"2";"0"
"PR";"Deputado Federal";"5731922";"30";"191064";"PV";"275211";"1";"1";"0"
"PR";"Deputado Federal";"5731922";"30";"191064";"NOVO";"145637";"0";"0";"0"
"PR";"Deputado Federal";"5731922";"30";"191064";"REDE / DC / PPL";"89905";"0";"0";"0"
"PR";"Deputado Federal";"5731922";"30";"191064";"PRTB / PRP";"44725";"0";"0";"0"
"PR";"Deputado Federal";"5731922";"30";"191064";"PSOL / PCB";"35335";"0";"0";"0"
"PR";"Deputado Federal";"5731922";"30";"191064";"PCO";"432";"0";"0";"0"
"PR";"Deputado Estadual";"5696515";"54";"105491";"PP / PTB / DEM / PSDB / PSB";"1362031";"12";"12";"2"
"PR";"Deputado Estadual";"5696515";"54";"105491";"PSC / PSD";"954895";"9";"9";"1"
"PR";"Deputado Estadual";"5696515";"54";"105491";"PSL / PTC / PATRI";"808458";"7";"7";"1"
"PR";"Deputado Estadual";"5696515";"54";"105491";"PT";"413146";"3";"3";"1"
"PR";"Deputado Estadual";"5696515";"54";"105491";"PRB / PHS / PR / AVANTE";"340747";"3";"3";"0"
"PR";"Deputado Estadual";"5696515";"54";"105491";"PPS";"319360";"3";"3";"0"
"PR";"Deputado Estadual";"5696515";"54";"105491";"PROS / PMB / PMN";"290307";"2";"2";"1"
"PR";"Deputado Estadual";"5696515";"54";"105491";"MDB";"271443";"2";"2";"0"
"PR";"Deputado Estadual";"5696515";"54";"105491";"PV";"262927";"2";"2";"0"
"PR";"Deputado Estadual";"5696515";"54";"105491";"PDT / SOLIDARIEDADE / PC do B";"198663";"1";"1";"1"
"PR";"Deputado Estadual";"5696515";"54";"105491";"PRTB / PRP";"174199";"1";"1";"0"
"PR";"Deputado Estadual";"5696515";"54";"105491";"PODE";"157165";"1";"1";"0"
"PR";"Deputado Estadual";"5696515";"54";"105491";"REDE / DC / PPL";"115300";"1";"1";"0"
"PR";"Deputado Estadual";"5696515";"54";"105491";"PSOL / PCB";"27457";"0";"0";"0"
"PR";"Deputado Estadual";"5696515";"54";"105491";"PCO";"417";"0";"0";"0"
"RJ";"Deputado Federal";"7720770";"46";"167843";"PSL";"1712541";"10";"10";"2"
"RJ";"Deputado Federal";"7720770";"46";"167843";"DEM / MDB / PP / PTB";"1307510";"7";"7";"2"
"RJ";"Deputado Federal";"7720770";"46";"167843";"PSOL / PCB";"649334";"3";"3";"1"
"RJ";"Deputado Federal";"7720770";"46";"167843";"PSD";"524608";"3";"3";"0"
"RJ";"Deputado Federal";"7720770";"46";"167843";"PDT / PSB";"520089";"3";"3";"0"
"RJ";"Deputado Federal";"7720770";"46";"167843";"PRB";"405665";"2";"2";"0"
"RJ";"Deputado Federal";"7720770";"46";"167843";"SOLIDARIEDADE / PSDB / PPS";"390945";"2";"2";"0"
"RJ";"Deputado Federal";"7720770";"46";"167843";"PT / PC do B";"364601";"2";"2";"0"
"RJ";"Deputado Federal";"7720770";"46";"167843";"PODE / PR";"344357";"2";"2";"0"
"RJ";"Deputado Federal";"7720770";"46";"167843";"PSC / PROS";"278274";"1";"1";"1"
"RJ";"Deputado Federal";"7720770";"46";"167843";"NOVO";"201281";"1";"1";"0"
"RJ";"Deputado Federal";"7720770";"46";"167843";"PRP";"170136";"1";"1";"0"
"RJ";"Deputado Federal";"7720770";"46";"167843";"PV / DC";"156157";"0";"0";"1"
"RJ";"Deputado Federal";"7720770";"46";"167843";"PMN / AVANTE";"147430";"0";"0";"1"
"RJ";"Deputado Federal";"7720770";"46";"167843";"PHS";"139147";"0";"0";"1"
"RJ";"Deputado Federal";"7720770";"46";"167843";"PTC / PMB";"131409";"0";"0";"0"
"RJ";"Deputado Federal";"7720770";"46";"167843";"PRTB";"105490";"0";"0";"0"
"RJ";"Deputado Federal";"7720770";"46";"167843";"REDE";"82437";"0";"0";"0"
"RJ";"Deputado Federal";"7720770";"46";"167843";"PATRI";"73111";"0";"0";"0"
"RJ";"Deputado Federal";"7720770";"46";"167843";"PPL";"14492";"0";"0";"0"
"RJ";"Deputado Federal";"7720770";"46";"167843";"PSTU";"1756";"0";"0";"0"
"RJ";"Deputado Estadual";"7711213";"70";"110160";"PSL";"1204808";"10";"10";"3"
"RJ";"Deputado Estadual";"7711213";"70";"110160";"DEM";"546433";"4";"4";"2"
"RJ";"Deputado Estadual";"7711213";"70";"110160";"MDB";"515469";"4";"4";"1"
"RJ";"Deputado Estadual";"7711213";"70";"110160";"PSOL / PCB";"495533";"4";"4";"1"
"RJ";"Deputado Estadual";"7711213";"70";"110160";"SOLIDARIEDADE / PTB";"411281";"3";"3";"1"
"RJ";"Deputado Estadual";"7711213";"70";"110160";"PSD";"361440";"3";"3";"0"
"RJ";"Deputado Estadual";"7711213";"70";"110160";"PDT";"349499";"3";"3";"0"
"RJ";"Deputado Estadual";"7711213";"70";"110160";"PT";"349202";"3";"3";"0"
"RJ";"Deputado Estadual";"7711213";"70";"110160";"PPS / PSDB";"343399";"3";"3";"0"
"RJ";"Deputado Estadual";"7711213";"70";"110160";"PRB";"333668";"3";"3";"0"
"RJ";"Deputado Estadual";"7711213";"70";"110160";"PP";"242374";"2";"2";"0"
"RJ";"Deputado Estadual";"7711213";"70";"110160";"PRP";"215894";"1";"1";"1"
"RJ";"Deputado Estadual";"7711213";"70";"110160";"PHS";"211225";"1";"1";"1"
"RJ";"Deputado Estadual";"7711213";"70";"110160";"NOVO";"208572";"1";"1";"1"
"RJ";"Deputado Estadual";"7711213";"70";"110160";"PSC";"187775";"1";"1";"1"
"RJ";"Deputado Estadual";"7711213";"70";"110160";"PV / DC";"185558";"1";"1";"1"
"RJ";"Deputado Estadual";"7711213";"70";"110160";"PRTB";"180198";"1";"1";"0"
"RJ";"Deputado Estadual";"7711213";"70";"110160";"AVANTE";"173006";"1";"1";"0"
"RJ";"Deputado Estadual";"7711213";"70";"110160";"PSB";"165872";"1";"1";"0"
"RJ";"Deputado Estadual";"7711213";"70";"110160";"PTC";"151657";"1";"1";"0"
"RJ";"Deputado Estadual";"7711213";"70";"110160";"PATRI";"142300";"1";"1";"0"
"RJ";"Deputado Estadual";"7711213";"70";"110160";"PC do B";"140369";"1";"1";"0"
"RJ";"Deputado Estadual";"7711213";"70";"110160";"PR";"130382";"1";"1";"0"
"RJ";"Deputado Estadual";"7711213";"70";"110160";"PMB";"130331";"1";"1";"0"
"RJ";"Deputado Estadual";"7711213";"70";"110160";"PROS";"123819";"1";"1";"0"
"RJ";"Deputado Estadual";"7711213";"70";"110160";"PODE / PPL";"123248";"1";"1";"0"
"RJ";"Deputado Estadual";"7711213";"70";"110160";"PMN";"57252";"0";"0";"0"
"RJ";"Deputado Estadual";"7711213";"70";"110160";"REDE";"27223";"0";"0";"0"
"RJ";"Deputado Estadual";"7711213";"70";"110160";"PSTU";"3426";"0";"0";"0"
"RN";"Deputado Federal";"1609833";"8";"201229";"PRB / PTB / PR / PPS / PMB / PTC / PSB / PSDB / PSD / AVANTE / PROS";"672052";"3";"3";"1"
"RN";"Deputado Federal";"1609833";"8";"201229";"PT / PC do B / PHS";"310001";"1";"1";"1"
"RN";"Deputado Federal";"1609833";"8";"201229";"PDT / PP / MDB / PODE / DEM";"302366";"1";"1";"0"
"RN";"Deputado Federal";"1609833";"8";"201229";"SOLIDARIEDADE / PSL / DC / PV / PSC";"237439";"1";"1";"0"
"RN";"Deputado Federal";"1609833";"8";"201229";"NOVO";"25450";"0";"0";"0"
"RN";"Deputado Federal";"1609833";"8";"201229";"PATRI / PPL";"22861";"0";"0";"0"
"RN";"Deputado Federal";"1609833";"8";"201229";"PSOL";"16854";"0";"0";"0"
"RN";"Deputado Federal";"1609833";"8";"201229";"REDE";"10424";"0";"0";"0"
"RN";"Deputado Federal";"1609833";"8";"201229";"PRP";"5241";"0";"0";"0"
"RN";"Deputado Federal";"1609833";"8";"201229";"PRTB";"2767";"0";"0";"0"
"RN";"Deputado Federal";"1609833";"8";"201229";"PMN";"2707";"0";"0";"0"
"RN";"Deputado Federal";"1609833";"8";"201229";"PSTU";"1556";"0";"0";"0"
"RN";"Deputado Federal";"1609833";"8";"201229";"PCO";"115";"0";"0";"0"
"RN";"Deputado Estadual";"1686592";"24";"70275";"PR / PSB / PSDB / PSD / PROS";"615976";"8";"8";"1"
"RN";"Deputado Estadual";"1686592";"24";"70275";"PT / PC do B / PHS";"213295";"3";"3";"0"
"RN";"Deputado Estadual";"1686592";"24";"70275";"PDT / PP / MDB / PODE / DEM";"213050";"3";"3";"0"
"RN";"Deputado Estadual";"1686592";"24";"70275";"PATRI / PSL / PSC / DC / PPL";"148147";"2";"2";"0"
"RN";"Deputado Estadual";"1686592";"24";"70275";"PV / SOLIDARIEDADE";"145521";"2";"2";"0"
"RN";"Deputado Estadual";"1686592";"24";"70275";"PTB / PPS / PMB / PTC / PRP";"137230";"1";"1";"1"
"RN";"Deputado Estadual";"1686592";"24";"70275";"PRB / AVANTE";"125630";"1";"1";"1"
"RN";"Deputado Estadual";"1686592";"24";"70275";"PSOL";"69817";"0";"0";"1"
"RN";"Deputado Estadual";"1686592";"24";"70275";"REDE";"13465";"0";"0";"0"
"RN";"Deputado Estadual";"1686592";"24";"70275";"PSTU";"3305";"0";"0";"0"
"RN";"Deputado Estadual";"1686592";"24";"70275";"PRTB";"1058";"0";"0";"0"
"RN";"Deputado Estadual";"1686592";"24";"70275";"PCO";"98";"0";"0";"0"
"RO";"Deputado Federal";"783305";"8";"97913";"PDT / PSB / PTB / SOLIDARIEDADE / PP / PR / DC / PTC";"238751";"2";"2";"1"
"RO";"Deputado Federal";"783305";"8";"97913";"PSDB / DEM / PSD / PRB / PATRI";"171620";"1";"1";"1"
"RO";"Deputado Federal";"783305";"8";"97913";"MDB / PODE / PV";"164238";"1";"1";"1"
"RO";"Deputado Federal";"783305";"8";"97913";"PSL";"92190";"0";"0";"1"
"RO";"Deputado Federal";"783305";"8";"97913";"PMN / PSC / PHS / PC do B / PROS";"77981";"0";"0";"0"
"RO";"Deputado Federal";"783305";"8";"97913";"PT / PSOL";"19421";"0";"0";"0"
"RO";"Deputado Federal";"783305";"8";"97913";"PPS / PRP / REDE";"12666";"0";"0";"0"
"RO";"Deputado Federal";"783305";"8";"97913";"NOVO";"5473";"0";"0";"0"
"RO";"Deputado Federal";"783305";"8";"97913";"PSTU";"456";"0";"0";"0"
"RO";"Deputado Federal";"783305";"8";"97913";"PRTB";"357";"0";"0";"0"
"RO";"Deputado Federal";"783305";"8";"97913";"PMB";"152";"0";"0";"0"
"RO";"Deputado Estadual";"818401";"24";"34100";"MDB / PV";"117550";"3";"3";"1"
"RO";"Deputado Estadual";"818401";"24";"34100";"PP / PTB / PR / SOLIDARIEDADE";"107072";"3";"3";"0"
"RO";"Deputado Estadual";"818401";"24";"34100";"PRB / PATRI";"97826";"2";"2";"1"
"RO";"Deputado Estadual";"818401";"24";"34100";"PSDB / DEM / PSD";"93419";"2";"2";"1"
"RO";"Deputado Estadual";"818401";"24";"34100";"PODE";"82189";"2";"2";"1"
"RO";"Deputado Estadual";"818401";"24";"34100";"PSB";"60024";"1";"1";"1"
"RO";"Deputado Estadual";"818401";"24";"34100";"PMN / PSC / PC do B";"54745";"1";"1";"0"
"RO";"Deputado Estadual";"818401";"24";"34100";"PTC / DC";"43518";"1";"1";"0"
"RO";"Deputado Estadual";"818401";"24";"34100";"PHS / PROS";"40130";"1";"1";"0"
"RO";"Deputado Estadual";"818401";"24";"34100";"PSL";"37531";"1";"1";"0"
"RO";"Deputado Estadual";"818401";"24";"34100";"PT / PSOL";"31808";"0";"0";"1"
"RO";"Deputado Estadual";"818401";"24";"34100";"PDT";"29033";"0";"0";"1"
"RO";"Deputado Estadual";"818401";"24";"34100";"REDE / PPS / PRP";"23202";"0";"0";"0"
"RO";"Deputado Estadual";"818401";"24";"34100";"PSTU";"354";"0";"0";"0"
"RO";"Deputado Estadual";"818401";"24";"34100";"PMB";"0";"0";"0";"0"
"RR";"Deputado Federal";"270708";"8";"33838";"MDB / PSD / SOLIDARIEDADE / DC";"59054";"1";"1";"1"
"RR";"Deputado Federal";"270708";"8";"33838";"PSL / PRB / PTC / PSC";"57505";"1";"1";"1"
"RR";"Deputado Federal";"270708";"8";"33838";"PPS / DEM / PSDB / PMB";"38094";"1";"1";"0"
"RR";"Deputado Federal";"270708";"8";"33838";"PTB / REDE / PV / PT";"26605";"0";"0";"1"
"RR";"Deputado Federal";"270708";"8";"33838";"PR / PRTB";"26148";"0";"0";"1"
"RR";"Deputado Federal";"270708";"8";"33838";"PP / PDT / PC do B";"21948";"0";"0";"1"
"RR";"Deputado Federal";"270708";"8";"33838";"PATRI / PPL / PROS";"19334";"0";"0";"0"
"RR";"Deputado Federal";"270708";"8";"33838";"PHS / PODE";"15521";"0";"0";"0"
"RR";"Deputado Federal";"270708";"8";"33838";"AVANTE / PRP / PSB";"5133";"0";"0";"0"
"RR";"Deputado Federal";"270708";"8";"33838";"PCB / PSOL / PSTU";"1366";"0";"0";"0"
"RR";"Deputado Estadual";"267491";"24";"11145";"PRB / PSC";"29405";"2";"2";"1"
"RR";"Deputado Estadual";"267491";"24";"11145";"SOLIDARIEDADE / DC";"29274";"2";"2";"1"
"RR";"Deputado Estadual";"267491";"24";"11145";"PTC";"22704";"2";"2";"0"
"RR";"Deputado Estadual";"267491";"24";"11145";"PATRI / PPL / PROS";"19382";"1";"1";"1"
"RR";"Deputado Estadual";"267491";"24";"11145";"PTB / REDE / PT";"19300";"1";"1";"1"
"RR";"Deputado Estadual";"267491";"24";"11145";"PRTB / PR";"18286";"1";"1";"1"
"RR";"Deputado Estadual";"267491";"24";"11145";"PDT / PP / PC do B";"18177";"1";"1";"1"
"RR";"Deputado Estadual";"267491";"24";"11145";"MDB";"18102";"1";"1";"1"
"RR";"Deputado Estadual";"267491";"24";"11145";"PV";"16929";"1";"1";"0"
"RR";"Deputado Estadual";"267491";"24";"11145";"PSL / PRP";"16086";"1";"1";"0"
"RR";"Deputado Estadual";"267491";"24";"11145";"PMB";"14318";"1";"1";"0"
"RR";"Deputado Estadual";"267491";"24";"11145";"PPS / DEM / PSDB";"13560";"1";"1";"0"
"RR";"Deputado Estadual";"267491";"24";"11145";"AVANTE / PSB";"11231";"1";"1";"0"
"RR";"Deputado Estadual";"267491";"24";"11145";"PODE / PHS";"10764";"0";"0";"1"
"RR";"Deputado Estadual";"267491";"24";"11145";"PSD";"8021";"0";"0";"0"
"RR";"Deputado Estadual";"267491";"24";"11145";"PCB / PSOL / PSTU";"1952";"0";"0";"0"
"RS";"Deputado Federal";"5845077";"31";"188551";"PSDB / PTB / PRB / REDE / PP";"1385041";"7";"7";"2"
"RS";"Deputado Federal";"5845077";"31";"188551";"PT";"793819";"4";"4";"1"
"RS";"Deputado Federal";"5845077";"31";"188551";"DEM / PROS / PSL";"692572";"3";"3";"1"
"RS";"Deputado Federal";"5845077";"31";"188551";"MDB";"674805";"3";"3";"1"
"RS";"Deputado Federal";"5845077";"31";"188551";"PSB / PR / PATRI";"587832";"3";"3";"0"
"RS";"Deputado Federal";"5845077";"31";"188551";"PDT / PMB / PV";"517020";"2";"2";"1"
"RS";"Deputado Federal";"5845077";"31";"188551";"NOVO";"437390";"2";"1";"0"
"RS";"Deputado Federal";"5845077";"31";"188551";"PSD / PSC / PMN / PRP / PTC";"224925";"1";"1";"0"
"RS";"Deputado Federal";"5845077";"31";"188551";"PSOL / PCB";"185961";"0";"0";"1"
"RS";"Deputado Federal";"5845077";"31";"188551";"PPS / PHS";"129900";"0";"0";"0"
"RS";"Deputado Federal";"5845077";"31";"188551";"SOLIDARIEDADE / AVANTE / PPL / PODE";"128669";"0";"0";"0"
"RS";"Deputado Federal";"5845077";"31";"188551";"PC do B";"81615";"0";"0";"0"
"RS";"Deputado Federal";"5845077";"31";"188551";"DC";"2813";"0";"0";"0"
"RS";"Deputado Federal";"5845077";"31";"188551";"PSTU";"2715";"0";"0";"0"
"RS";"Deputado Estadual";"5788702";"55";"105249";"PP / PTB";"1033343";"9";"9";"2"
"RS";"Deputado Estadual";"5788702";"55";"105249";"PT";"816675";"7";"7";"1"
"RS";"Deputado Estadual";"5788702";"55";"105249";"MDB";"764384";"7";"7";"1"
"RS";"Deputado Estadual";"5788702";"55";"105249";"DEM / PSL";"590096";"5";"5";"1"
"RS";"Deputado Estadual";"5788702";"55";"105249";"PSDB / PPS / PHS / REDE";"486190";"4";"4";"1"
"RS";"Deputado Estadual";"5788702";"55";"105249";"PDT / PMB";"429409";"4";"4";"0"
"RS";"Deputado Estadual";"5788702";"55";"105249";"PSD / PATRI / PR";"308157";"2";"2";"1"
"RS";"Deputado Estadual";"5788702";"55";"105249";"PSB";"301390";"2";"2";"1"
"RS";"Deputado Estadual";"5788702";"55";"105249";"PRB";"196811";"1";"1";"1"
"RS";"Deputado Estadual";"5788702";"55";"105249";"NOVO";"190078";"1";"1";"1"
"RS";"Deputado Estadual";"5788702";"55";"105249";"PSOL / PCB";"183307";"1";"1";"0"
"RS";"Deputado Estadual";"5788702";"55";"105249";"SOLIDARIEDADE";"136259";"1";"1";"0"
"RS";"Deputado Estadual";"5788702";"55";"105249";"PV / PPL / AVANTE / PODE";"132658";"1";"1";"0"
"RS";"Deputado Estadual";"5788702";"55";"105249";"PC do B";"88581";"0";"0";"0"
"RS";"Deputado Estadual";"5788702";"55";"105249";"PSC / PMN / PTC / PRP";"75801";"0";"0";"0"
"RS";"Deputado Estadual";"5788702";"55";"105249";"PROS";"45752";"0";"0";"0"
"RS";"Deputado Estadual";"5788702";"55";"105249";"DC";"6247";"0";"0";"0"
"RS";"Deputado Estadual";"5788702";"55";"105249";"PSTU";"3564";"0";"0";"0"
"SC";"Deputado Federal";"3548458";"16";"221779";"PSL";"769926";"3";"3";"1"
"SC";"Deputado Federal";"3548458";"16";"221779";"MDB / PR";"623335";"2";"2";"1"
"SC";"Deputado Federal";"3548458";"16";"221779";"PSD / PP / PV";"520750";"2";"2";"1"
"SC";"Deputado Federal";"3548458";"16";"221779";"PRB / PDT / PSC / DEM / PSB / PC do B / SOLIDARIEDADE";"509061";"2";"2";"0"
"SC";"Deputado Federal";"3548458";"16";"221779";"PSDB / PPS / PTB / DC";"410352";"1";"1";"1"
"SC";"Deputado Federal";"3548458";"16";"221779";"PT";"347166";"1";"1";"0"
"SC";"Deputado Federal";"3548458";"16";"221779";"NOVO";"187440";"0";"0";"1"
"SC";"Deputado Federal";"3548458";"16";"221779";"PSOL / PCB";"71071";"0";"0";"0"
"SC";"Deputado Federal";"3548458";"16";"221779";"PODE / PRP / PPL / PHS / PROS";"57738";"0";"0";"0"
"SC";"Deputado Federal";"3548458";"16";"221779";"PMN / PATRI";"25083";"0";"0";"0"
"SC";"Deputado Federal";"3548458";"16";"221779";"REDE";"9956";"0";"0";"0"
"SC";"Deputado Federal";"3548458";"16";"221779";"PTC";"7690";"0";"0";"0"
"SC";"Deputado Federal";"3548458";"16";"221779";"AVANTE / PRTB";"5947";"0";"0";"0"
"SC";"Deputado Federal";"3548458";"16";"221779";"PSTU";"2943";"0";"0";"0"
"SC";"Deputado Estadual";"3663271";"40";"91582";"MDB / PSDB";"904909";"9";"9";"2"
"SC";"Deputado Estadual";"3663271";"40";"91582";"PSD / PP / PSC";"775098";"8";"8";"1"
"SC";"Deputado Estadual";"3663271";"40";"91582";"PSL";"553121";"6";"6";"0"
"SC";"Deputado Estadual";"3663271";"40";"91582";"PSB / PRB / SOLIDARIEDADE";"401402";"4";"4";"0"
"SC";"Deputado Estadual";"3663271";"40";"91582";"PT";"326608";"3";"3";"1"
"SC";"Deputado Estadual";"3663271";"40";"91582";"PTB / PTC / PRTB / DC / AVANTE / PR / PPS";"258888";"2";"2";"1"
"SC";"Deputado Estadual";"3663271";"40";"91582";"PC do B / PDT / PHS / PODE";"213845";"2";"2";"0"
"SC";"Deputado Estadual";"3663271";"40";"91582";"DEM / PROS / PPL / PRP / PV";"108713";"1";"1";"0"
"SC";"Deputado Estadual";"3663271";"40";"91582";"PSOL / PCB";"69214";"0";"0";"0"
"SC";"Deputado Estadual";"3663271";"40";"91582";"PMN / PATRI";"30968";"0";"0";"0"
"SC";"Deputado Estadual";"3663271";"40";"91582";"REDE";"18279";"0";"0";"0"
"SC";"Deputado Estadual";"3663271";"40";"91582";"PSTU";"2226";"0";"0";"0"
"SE";"Deputado Federal";"998669";"8";"124834";"PP / MDB / DC / PC do B / PSD / PT / PHS";"417308";"3";"3";"1"
"SE";"Deputado Federal";"998669";"8";"124834";"PRB / PPS / PSC / PR / PTC / PSDB / SOLIDARIEDADE";"290253";"2";"2";"1"
"SE";"Deputado Federal";"998669";"8";"124834";"PSB / PDT / PPL / PTB / PROS / PRP";"108195";"0";"0";"1"
"SE";"Deputado Federal";"998669";"8";"124834";"PODE / AVANTE / PMN / PATRI";"78713";"0";"0";"0"
"SE";"Deputado Federal";"998669";"8";"124834";"REDE";"37721";"0";"0";"0"
"SE";"Deputado Federal";"998669";"8";"124834";"PSOL";"20378";"0";"0";"0"
"SE";"Deputado Federal";"998669";"8";"124834";"PSL";"19369";"0";"0";"0"
"SE";"Deputado Federal";"998669";"8";"124834";"DEM / PRTB / PV";"18504";"0";"0";"0"
"SE";"Deputado Federal";"998669";"8";"124834";"NOVO";"6432";"0";"0";"0"
"SE";"Deputado Federal";"998669";"8";"124834";"PSTU";"1252";"0";"0";"0"
"SE";"Deputado Federal";"998669";"8";"124834";"PCB";"544";"0";"0";"0"
"SE";"Deputado Estadual";"1086792";"24";"45283";"PP / MDB / DC / PC do B / PSD / PT / PHS";"356844";"7";"7";"2"
"SE";"Deputado Estadual";"1086792";"24";"45283";"PSDB / PRB / PSC / PR";"287687";"6";"6";"1"
"SE";"Deputado Estadual";"1086792";"24";"45283";"PODE / AVANTE / PMN / PATRI";"98636";"2";"2";"0"
"SE";"Deputado Estadual";"1086792";"24";"45283";"PPS / PTC / SOLIDARIEDADE";"80105";"1";"1";"1"
"SE";"Deputado Estadual";"1086792";"24";"45283";"REDE";"79571";"1";"1";"1"
"SE";"Deputado Estadual";"1086792";"24";"45283";"PSB / PDT / PROS / PPL";"70022";"1";"1";"0"
"SE";"Deputado Estadual";"1086792";"24";"45283";"PTB / PRP";"62567";"1";"1";"0"
"SE";"Deputado Estadual";"1086792";"24";"45283";"PSL";"19047";"0";"0";"0"
"SE";"Deputado Estadual";"1086792";"24";"45283";"DEM / PRTB / PV";"17451";"0";"0";"0"
"SE";"Deputado Estadual";"1086792";"24";"45283";"PSOL";"13740";"0";"0";"0"
"SE";"Deputado Estadual";"1086792";"24";"45283";"PSTU";"890";"0";"0";"0"
"SE";"Deputado Estadual";"1086792";"24";"45283";"PMB";"232";"0";"0";"0"
"SE";"Deputado Estadual";"1086792";"24";"45283";"PCB";"0";"0";"0";"0"
"SP";"Deputado Federal";"21104181";"70";"301488";"PSL";"4409549";"14";"10";"0"
"SP";"Deputado Federal";"21104181";"70";"301488";"PSDB / PSD / DEM / PP";"4137965";"13";"13";"4"
"SP";"Deputado Federal";"21104181";"70";"301488";"PT / PC do B";"2156813";"7";"7";"2"
"SP";"Deputado Federal";"21104181";"70";"301488";"PSB / PSC / PPS / PTB";"1746226";"5";"5";"2"
"SP";"Deputado Federal";"21104181";"70";"301488";"PR";"1734561";"5";"5";"2"
"SP";"Deputado Federal";"21104181";"70";"301488";"PRB";"1591587";"5";"5";"1"
"SP";"Deputado Federal";"21104181";"70";"301488";"PSOL / PCB";"922692";"3";"3";"0"
"SP";"Deputado Federal";"21104181";"70";"301488";"NOVO";"899904";"2";"2";"1"
"SP";"Deputado Federal";"21104181";"70";"301488";"PMB / PHS / PODE";"754593";"2";"2";"1"
"SP";"Deputado Federal";"21104181";"70";"301488";"MDB";"527821";"1";"1";"1"
"SP";"Deputado Federal";"21104181";"70";"301488";"PDT";"451442";"1";"1";"0"
"SP";"Deputado Federal";"21104181";"70";"301488";"PV";"414051";"1";"1";"0"
"SP";"Deputado Federal";"21104181";"70";"301488";"SOLIDARIEDADE";"255231";"0";"0";"1"
"SP";"Deputado Federal";"21104181";"70";"301488";"PATRI";"229241";"0";"0";"0"
"SP";"Deputado Federal";"21104181";"70";"301488";"PMN / REDE";"224630";"0";"0";"0"
"SP";"Deputado Federal";"21104181";"70";"301488";"PROS";"201879";"0";"0";"0"
"SP";"Deputado Federal";"21104181";"70";"301488";"AVANTE";"141467";"0";"0";"0"
"SP";"Deputado Federal";"21104181";"70";"301488";"PRP";"131974";"0";"0";"0"
"SP";"Deputado Federal";"21104181";"70";"301488";"PRTB";"77350";"0";"0";"0"
"SP";"Deputado Federal";"21104181";"70";"301488";"PPL";"50027";"0";"0";"0"
"SP";"Deputado Federal";"21104181";"70";"301488";"DC";"19307";"0";"0";"0"
"SP";"Deputado Federal";"21104181";"70";"301488";"PTC";"14189";"0";"0";"0"
"SP";"Deputado Federal";"21104181";"70";"301488";"PSTU";"11682";"0";"0";"0"
"SP";"Deputado Estadual";"20851096";"94";"221820";"PSDB / PSD / DEM / PP / PRB";"5390516";"24";"24";"3"
"SP";"Deputado Estadual";"20851096";"94";"221820";"PSL";"4025339";"18";"15";"0"
"SP";"Deputado Estadual";"20851096";"94";"221820";"PSB / PSC / PPS / PTB / PV";"2565540";"11";"11";"2"
"SP";"Deputado Estadual";"20851096";"94";"221820";"PT";"1940265";"8";"8";"2"
"SP";"Deputado Estadual";"20851096";"94";"221820";"PR";"1196787";"5";"5";"1"
"SP";"Deputado Estadual";"20851096";"94";"221820";"PSOL / PCB";"914228";"4";"4";"0"
"SP";"Deputado Estadual";"20851096";"94";"221820";"NOVO";"891319";"4";"4";"0"
"SP";"Deputado Estadual";"20851096";"94";"221820";"PODE";"874310";"3";"3";"1"
"SP";"Deputado Estadual";"20851096";"94";"221820";"MDB";"598084";"2";"2";"1"
"SP";"Deputado Estadual";"20851096";"94";"221820";"PMB / PHS";"348153";"1";"1";"0"
"SP";"Deputado Estadual";"20851096";"94";"221820";"PATRI";"313957";"1";"1";"0"
"SP";"Deputado Estadual";"20851096";"94";"221820";"PROS";"309886";"1";"1";"0"
"SP";"Deputado Estadual";"20851096";"94";"221820";"PDT";"300680";"1";"1";"0"
"SP";"Deputado Estadual";"20851096";"94";"221820";"PC do B";"246100";"1";"1";"0"
"SP";"Deputado Estadual";"20851096";"94";"221820";"SOLIDARIEDADE";"232081";"1";"1";"0"
"SP";"Deputado Estadual";"20851096";"94";"221820";"AVANTE";"210034";"0";"0";"1"
"SP";"Deputado Estadual";"20851096";"94";"221820";"PMN / REDE";"195693";"0";"0";"1"
"SP";"Deputado Estadual";"20851096";"94";"221820";"PRP";"155358";"0";"0";"0"
"SP";"Deputado Estadual";"20851096";"94";"221820";"PRTB";"52706";"0";"0";"0"
"SP";"Deputado Estadual";"20851096";"94";"221820";"PPL";"30826";"0";"0";"0"
"SP";"Deputado Estadual";"20851096";"94";"221820";"PTC";"24566";"0";"0";"0"
"SP";"Deputado Estadual";"20851096";"94";"221820";"DC";"18119";"0";"0";"0"
"SP";"Deputado Estadual";"20851096";"94";"221820";"PSTU";"16549";"0";"0";"0"
"TO";"Deputado Federal";"715942";"8";"89493";"PHS / AVANTE / PROS / DEM / PTC / PP / SOLIDARIEDADE / PATRI / PRB";"332189";"3";"3";"1"
"TO";"Deputado Federal";"715942";"8";"89493";"PSB / PSDB / PR / PODE / MDB / PSC";"227826";"2";"2";"1"
"TO";"Deputado Federal";"715942";"8";"89493";"PT / PC do B / PV / PSD / REDE";"77233";"0";"0";"1"
"TO";"Deputado Federal";"715942";"8";"89493";"PSL / PMB / PRP / PMN";"38333";"0";"0";"0"
"TO";"Deputado Federal";"715942";"8";"89493";"PRTB / PDT / PTB";"26927";"0";"0";"0"
"TO";"Deputado Federal";"715942";"8";"89493";"PPS / PPL / DC";"9723";"0";"0";"0"
"TO";"Deputado Federal";"715942";"8";"89493";"PSOL";"3711";"0";"0";"0"
"TO";"Deputado Estadual";"746638";"24";"31110";"PSB / PSDB / PR / PODE / MDB / PSC";"267530";"8";"8";"1"
"TO";"Deputado Estadual";"746638";"24";"31110";"PHS / PROS / PP / DEM / AVANTE / PATRI / SOLIDARIEDADE / PRB / PTC";"236153";"7";"7";"1"
"TO";"Deputado Estadual";"746638";"24";"31110";"PT / PC do B";"62117";"1";"1";"1"
"TO";"Deputado Estadual";"746638";"24";"31110";"PPS / PPL / DC";"59532";"1";"1";"1"
"TO";"Deputado Estadual";"746638";"24";"31110";"REDE / PDT / PSD / PV / PTB";"58637";"1";"1";"1"
"TO";"Deputado Estadual";"746638";"24";"31110";"PSL / PMB / PRP / PMN";"41140";"1";"1";"0"
"TO";"Deputado Estadual";"746638";"24";"31110";"PRTB";"20269";"0";"0";"0"
"TO";"Deputado Estadual";"746638";"24";"31110";"PSOL";"1260";"0";"0";"0"
