"","ANO_ELEICAO","DESCRICAO_CARGO","SIGLA_PARTIDO","UF","Cadeiras conquistadas"
"1",1998,"DEPUTADO ESTADUAL","PC do B","AC",1
"2",1998,"DEPUTADO ESTADUAL","PC do B","AM",1
"3",1998,"DEPUTADO ESTADUAL","PC do B","BA",1
"4",1998,"DEPUTADO ESTADUAL","PC do B","CE",1
"5",1998,"DEPUTADO ESTADUAL","PC do B","GO",1
"6",1998,"DEPUTADO ESTADUAL","PC do B","PA",1
"7",1998,"DEPUTADO ESTADUAL","PC do B","PE",1
"8",1998,"DEPUTADO ESTADUAL","PC do B","RJ",1
"9",1998,"DEPUTADO ESTADUAL","PC do B","SP",2
"10",1998,"DEPUTADO ESTADUAL","PDT","AP",4
"11",1998,"DEPUTADO ESTADUAL","PDT","BA",1
"12",1998,"DEPUTADO ESTADUAL","PDT","CE",2
"13",1998,"DEPUTADO ESTADUAL","PDT","ES",2
"14",1998,"DEPUTADO ESTADUAL","PDT","GO",1
"15",1998,"DEPUTADO ESTADUAL","PDT","MA",3
"16",1998,"DEPUTADO ESTADUAL","PDT","MG",8
"17",1998,"DEPUTADO ESTADUAL","PDT","MS",3
"18",1998,"DEPUTADO ESTADUAL","PDT","PA",3
"19",1998,"DEPUTADO ESTADUAL","PDT","PB",2
"20",1998,"DEPUTADO ESTADUAL","PDT","PE",1
"21",1998,"DEPUTADO ESTADUAL","PDT","PI",2
"22",1998,"DEPUTADO ESTADUAL","PDT","PR",3
"23",1998,"DEPUTADO ESTADUAL","PDT","RJ",9
"24",1998,"DEPUTADO ESTADUAL","PDT","RN",1
"25",1998,"DEPUTADO ESTADUAL","PDT","RO",4
"26",1998,"DEPUTADO ESTADUAL","PDT","RR",5
"27",1998,"DEPUTADO ESTADUAL","PDT","RS",7
"28",1998,"DEPUTADO ESTADUAL","PDT","SC",2
"29",1998,"DEPUTADO ESTADUAL","PDT","SE",1
"30",1998,"DEPUTADO ESTADUAL","PDT","SP",7
"31",1998,"DEPUTADO ESTADUAL","PFL","AC",3
"32",1998,"DEPUTADO ESTADUAL","PFL","AL",2
"33",1998,"DEPUTADO ESTADUAL","PFL","AM",4
"34",1998,"DEPUTADO ESTADUAL","PFL","AP",3
"35",1998,"DEPUTADO ESTADUAL","PFL","BA",23
"36",1998,"DEPUTADO ESTADUAL","PFL","CE",2
"37",1998,"DEPUTADO ESTADUAL","PFL","ES",6
"38",1998,"DEPUTADO ESTADUAL","PFL","GO",2
"39",1998,"DEPUTADO ESTADUAL","PFL","MA",9
"40",1998,"DEPUTADO ESTADUAL","PFL","MG",7
"41",1998,"DEPUTADO ESTADUAL","PFL","MS",2
"42",1998,"DEPUTADO ESTADUAL","PFL","MT",5
"43",1998,"DEPUTADO ESTADUAL","PFL","PA",3
"44",1998,"DEPUTADO ESTADUAL","PFL","PB",5
"45",1998,"DEPUTADO ESTADUAL","PFL","PE",12
"46",1998,"DEPUTADO ESTADUAL","PFL","PI",10
"47",1998,"DEPUTADO ESTADUAL","PFL","PR",12
"48",1998,"DEPUTADO ESTADUAL","PFL","RJ",11
"49",1998,"DEPUTADO ESTADUAL","PFL","RN",5
"50",1998,"DEPUTADO ESTADUAL","PFL","RO",3
"51",1998,"DEPUTADO ESTADUAL","PFL","RR",4
"52",1998,"DEPUTADO ESTADUAL","PFL","RS",2
"53",1998,"DEPUTADO ESTADUAL","PFL","SC",9
"54",1998,"DEPUTADO ESTADUAL","PFL","SE",3
"55",1998,"DEPUTADO ESTADUAL","PFL","SP",11
"56",1998,"DEPUTADO ESTADUAL","PFL","TO",10
"57",1998,"DEPUTADO ESTADUAL","PL","AC",2
"58",1998,"DEPUTADO ESTADUAL","PL","AM",5
"59",1998,"DEPUTADO ESTADUAL","PL","AP",2
"60",1998,"DEPUTADO ESTADUAL","PL","BA",4
"61",1998,"DEPUTADO ESTADUAL","PL","CE",1
"62",1998,"DEPUTADO ESTADUAL","PL","GO",4
"63",1998,"DEPUTADO ESTADUAL","PL","MA",3
"64",1998,"DEPUTADO ESTADUAL","PL","MG",3
"65",1998,"DEPUTADO ESTADUAL","PL","MS",1
"66",1998,"DEPUTADO ESTADUAL","PL","MT",2
"67",1998,"DEPUTADO ESTADUAL","PL","PA",3
"68",1998,"DEPUTADO ESTADUAL","PL","PE",1
"69",1998,"DEPUTADO ESTADUAL","PL","RJ",1
"70",1998,"DEPUTADO ESTADUAL","PL","RN",2
"71",1998,"DEPUTADO ESTADUAL","PL","RO",2
"72",1998,"DEPUTADO ESTADUAL","PL","SP",5
"73",1998,"DEPUTADO ESTADUAL","PL","TO",1
"74",1998,"DEPUTADO ESTADUAL","PMDB","AC",4
"75",1998,"DEPUTADO ESTADUAL","PMDB","AL",2
"76",1998,"DEPUTADO ESTADUAL","PMDB","AM",1
"77",1998,"DEPUTADO ESTADUAL","PMDB","AP",4
"78",1998,"DEPUTADO ESTADUAL","PMDB","BA",4
"79",1998,"DEPUTADO ESTADUAL","PMDB","CE",6
"80",1998,"DEPUTADO ESTADUAL","PMDB","ES",4
"81",1998,"DEPUTADO ESTADUAL","PMDB","GO",16
"82",1998,"DEPUTADO ESTADUAL","PMDB","MA",4
"83",1998,"DEPUTADO ESTADUAL","PMDB","MG",9
"84",1998,"DEPUTADO ESTADUAL","PMDB","MS",4
"85",1998,"DEPUTADO ESTADUAL","PMDB","MT",4
"86",1998,"DEPUTADO ESTADUAL","PMDB","PA",8
"87",1998,"DEPUTADO ESTADUAL","PMDB","PB",18
"88",1998,"DEPUTADO ESTADUAL","PMDB","PE",4
"89",1998,"DEPUTADO ESTADUAL","PMDB","PI",9
"90",1998,"DEPUTADO ESTADUAL","PMDB","PR",7
"91",1998,"DEPUTADO ESTADUAL","PMDB","RJ",9
"92",1998,"DEPUTADO ESTADUAL","PMDB","RN",8
"93",1998,"DEPUTADO ESTADUAL","PMDB","RO",4
"94",1998,"DEPUTADO ESTADUAL","PMDB","RR",3
"95",1998,"DEPUTADO ESTADUAL","PMDB","RS",10
"96",1998,"DEPUTADO ESTADUAL","PMDB","SC",10
"97",1998,"DEPUTADO ESTADUAL","PMDB","SE",5
"98",1998,"DEPUTADO ESTADUAL","PMDB","SP",8
"99",1998,"DEPUTADO ESTADUAL","PMDB","TO",6
"100",1998,"DEPUTADO ESTADUAL","PMN","AC",4
"101",1998,"DEPUTADO ESTADUAL","PMN","ES",1
"102",1998,"DEPUTADO ESTADUAL","PMN","MA",1
"103",1998,"DEPUTADO ESTADUAL","PMN","MG",3
"104",1998,"DEPUTADO ESTADUAL","PMN","SE",2
"105",1998,"DEPUTADO ESTADUAL","PPB","AC",5
"106",1998,"DEPUTADO ESTADUAL","PPB","AM",2
"107",1998,"DEPUTADO ESTADUAL","PPB","BA",6
"108",1998,"DEPUTADO ESTADUAL","PPB","CE",2
"109",1998,"DEPUTADO ESTADUAL","PPB","ES",1
"110",1998,"DEPUTADO ESTADUAL","PPB","GO",3
"111",1998,"DEPUTADO ESTADUAL","PPB","MA",4
"112",1998,"DEPUTADO ESTADUAL","PPB","MG",7
"113",1998,"DEPUTADO ESTADUAL","PPB","MT",1
"114",1998,"DEPUTADO ESTADUAL","PPB","PA",4
"115",1998,"DEPUTADO ESTADUAL","PPB","PB",1
"116",1998,"DEPUTADO ESTADUAL","PPB","PE",3
"117",1998,"DEPUTADO ESTADUAL","PPB","PI",3
"118",1998,"DEPUTADO ESTADUAL","PPB","PR",8
"119",1998,"DEPUTADO ESTADUAL","PPB","RJ",5
"120",1998,"DEPUTADO ESTADUAL","PPB","RN",3
"121",1998,"DEPUTADO ESTADUAL","PPB","RO",2
"122",1998,"DEPUTADO ESTADUAL","PPB","RR",5
"123",1998,"DEPUTADO ESTADUAL","PPB","RS",11
"124",1998,"DEPUTADO ESTADUAL","PPB","SC",10
"125",1998,"DEPUTADO ESTADUAL","PPB","SE",2
"126",1998,"DEPUTADO ESTADUAL","PPB","SP",11
"127",1998,"DEPUTADO ESTADUAL","PPB","TO",6
"128",1998,"DEPUTADO ESTADUAL","PPS","AM",1
"129",1998,"DEPUTADO ESTADUAL","PPS","CE",4
"130",1998,"DEPUTADO ESTADUAL","PPS","ES",4
"131",1998,"DEPUTADO ESTADUAL","PPS","MG",2
"132",1998,"DEPUTADO ESTADUAL","PPS","MS",2
"133",1998,"DEPUTADO ESTADUAL","PPS","MT",1
"134",1998,"DEPUTADO ESTADUAL","PPS","PA",1
"135",1998,"DEPUTADO ESTADUAL","PPS","RJ",1
"136",1998,"DEPUTADO ESTADUAL","PPS","SE",1
"137",1998,"DEPUTADO ESTADUAL","PPS","SP",3
"138",1998,"DEPUTADO ESTADUAL","PRONA","RJ",1
"139",1998,"DEPUTADO ESTADUAL","PRONA","SP",3
"140",1998,"DEPUTADO ESTADUAL","PRP","MA",2
"141",1998,"DEPUTADO ESTADUAL","PRP","SP",1
"142",1998,"DEPUTADO ESTADUAL","PRTB","MA",2
"143",1998,"DEPUTADO ESTADUAL","PSB","AL",3
"144",1998,"DEPUTADO ESTADUAL","PSB","AP",3
"145",1998,"DEPUTADO ESTADUAL","PSB","BA",4
"146",1998,"DEPUTADO ESTADUAL","PSB","CE",1
"147",1998,"DEPUTADO ESTADUAL","PSB","ES",3
"148",1998,"DEPUTADO ESTADUAL","PSB","MA",1
"149",1998,"DEPUTADO ESTADUAL","PSB","MG",5
"150",1998,"DEPUTADO ESTADUAL","PSB","MT",1
"151",1998,"DEPUTADO ESTADUAL","PSB","PA",1
"152",1998,"DEPUTADO ESTADUAL","PSB","PE",12
"153",1998,"DEPUTADO ESTADUAL","PSB","PI",1
"154",1998,"DEPUTADO ESTADUAL","PSB","PR",2
"155",1998,"DEPUTADO ESTADUAL","PSB","RJ",3
"156",1998,"DEPUTADO ESTADUAL","PSB","RN",2
"157",1998,"DEPUTADO ESTADUAL","PSB","RS",1
"158",1998,"DEPUTADO ESTADUAL","PSB","SE",2
"159",1998,"DEPUTADO ESTADUAL","PSB","SP",2
"160",1998,"DEPUTADO ESTADUAL","PSC","AM",1
"161",1998,"DEPUTADO ESTADUAL","PSC","BA",3
"162",1998,"DEPUTADO ESTADUAL","PSC","CE",1
"163",1998,"DEPUTADO ESTADUAL","PSC","GO",1
"164",1998,"DEPUTADO ESTADUAL","PSC","MA",1
"165",1998,"DEPUTADO ESTADUAL","PSC","MG",1
"166",1998,"DEPUTADO ESTADUAL","PSC","PE",2
"167",1998,"DEPUTADO ESTADUAL","PSC","PR",1
"168",1998,"DEPUTADO ESTADUAL","PSC","RJ",2
"169",1998,"DEPUTADO ESTADUAL","PSC","RO",2
"170",1998,"DEPUTADO ESTADUAL","PSC","SE",1
"171",1998,"DEPUTADO ESTADUAL","PSD","AL",3
"172",1998,"DEPUTADO ESTADUAL","PSD","AP",3
"173",1998,"DEPUTADO ESTADUAL","PSD","GO",4
"174",1998,"DEPUTADO ESTADUAL","PSD","MA",7
"175",1998,"DEPUTADO ESTADUAL","PSD","MG",4
"176",1998,"DEPUTADO ESTADUAL","PSD","PA",2
"177",1998,"DEPUTADO ESTADUAL","PSDB","AC",2
"178",1998,"DEPUTADO ESTADUAL","PSDB","AL",4
"179",1998,"DEPUTADO ESTADUAL","PSDB","AM",1
"180",1998,"DEPUTADO ESTADUAL","PSDB","AP",1
"181",1998,"DEPUTADO ESTADUAL","PSDB","BA",4
"182",1998,"DEPUTADO ESTADUAL","PSDB","CE",21
"183",1998,"DEPUTADO ESTADUAL","PSDB","ES",4
"184",1998,"DEPUTADO ESTADUAL","PSDB","GO",6
"185",1998,"DEPUTADO ESTADUAL","PSDB","MA",1
"186",1998,"DEPUTADO ESTADUAL","PSDB","MG",15
"187",1998,"DEPUTADO ESTADUAL","PSDB","MS",7
"188",1998,"DEPUTADO ESTADUAL","PSDB","MT",6
"189",1998,"DEPUTADO ESTADUAL","PSDB","PA",8
"190",1998,"DEPUTADO ESTADUAL","PSDB","PB",5
"191",1998,"DEPUTADO ESTADUAL","PSDB","PE",6
"192",1998,"DEPUTADO ESTADUAL","PSDB","PI",4
"193",1998,"DEPUTADO ESTADUAL","PSDB","PR",6
"194",1998,"DEPUTADO ESTADUAL","PSDB","RJ",15
"195",1998,"DEPUTADO ESTADUAL","PSDB","RN",1
"196",1998,"DEPUTADO ESTADUAL","PSDB","RO",3
"197",1998,"DEPUTADO ESTADUAL","PSDB","RR",1
"198",1998,"DEPUTADO ESTADUAL","PSDB","RS",2
"199",1998,"DEPUTADO ESTADUAL","PSDB","SC",3
"200",1998,"DEPUTADO ESTADUAL","PSDB","SE",4
"201",1998,"DEPUTADO ESTADUAL","PSDB","SP",21
"202",1998,"DEPUTADO ESTADUAL","PSDC","AM",2
"203",1998,"DEPUTADO ESTADUAL","PSDC","PE",1
"204",1998,"DEPUTADO ESTADUAL","PSL","AL",3
"205",1998,"DEPUTADO ESTADUAL","PSL","AP",1
"206",1998,"DEPUTADO ESTADUAL","PSL","PB",1
"207",1998,"DEPUTADO ESTADUAL","PSL","PE",1
"208",1998,"DEPUTADO ESTADUAL","PSL","RR",4
"209",1998,"DEPUTADO ESTADUAL","PSN","MG",1
"210",1998,"DEPUTADO ESTADUAL","PST","GO",2
"211",1998,"DEPUTADO ESTADUAL","PST","MA",1
"212",1998,"DEPUTADO ESTADUAL","PST","MG",1
"213",1998,"DEPUTADO ESTADUAL","PT","AC",3
"214",1998,"DEPUTADO ESTADUAL","PT","AL",2
"215",1998,"DEPUTADO ESTADUAL","PT","AM",1
"216",1998,"DEPUTADO ESTADUAL","PT","AP",2
"217",1998,"DEPUTADO ESTADUAL","PT","BA",6
"218",1998,"DEPUTADO ESTADUAL","PT","CE",3
"219",1998,"DEPUTADO ESTADUAL","PT","ES",1
"220",1998,"DEPUTADO ESTADUAL","PT","GO",1
"221",1998,"DEPUTADO ESTADUAL","PT","MA",1
"222",1998,"DEPUTADO ESTADUAL","PT","MG",5
"223",1998,"DEPUTADO ESTADUAL","PT","MS",1
"224",1998,"DEPUTADO ESTADUAL","PT","MT",2
"225",1998,"DEPUTADO ESTADUAL","PT","PA",4
"226",1998,"DEPUTADO ESTADUAL","PT","PB",3
"227",1998,"DEPUTADO ESTADUAL","PT","PE",3
"228",1998,"DEPUTADO ESTADUAL","PT","PI",1
"229",1998,"DEPUTADO ESTADUAL","PT","PR",4
"230",1998,"DEPUTADO ESTADUAL","PT","RJ",7
"231",1998,"DEPUTADO ESTADUAL","PT","RN",1
"232",1998,"DEPUTADO ESTADUAL","PT","RO",2
"233",1998,"DEPUTADO ESTADUAL","PT","RS",12
"234",1998,"DEPUTADO ESTADUAL","PT","SC",5
"235",1998,"DEPUTADO ESTADUAL","PT","SE",1
"236",1998,"DEPUTADO ESTADUAL","PT","SP",14
"237",1998,"DEPUTADO ESTADUAL","PT do B","AL",1
"238",1998,"DEPUTADO ESTADUAL","PT do B","BA",1
"239",1998,"DEPUTADO ESTADUAL","PT do B","MA",1
"240",1998,"DEPUTADO ESTADUAL","PT do B","RJ",2
"241",1998,"DEPUTADO ESTADUAL","PTB","AL",7
"242",1998,"DEPUTADO ESTADUAL","PTB","AM",5
"243",1998,"DEPUTADO ESTADUAL","PTB","AP",1
"244",1998,"DEPUTADO ESTADUAL","PTB","BA",5
"245",1998,"DEPUTADO ESTADUAL","PTB","CE",2
"246",1998,"DEPUTADO ESTADUAL","PTB","ES",4
"247",1998,"DEPUTADO ESTADUAL","PTB","MA",1
"248",1998,"DEPUTADO ESTADUAL","PTB","MG",6
"249",1998,"DEPUTADO ESTADUAL","PTB","MS",4
"250",1998,"DEPUTADO ESTADUAL","PTB","MT",2
"251",1998,"DEPUTADO ESTADUAL","PTB","PA",3
"252",1998,"DEPUTADO ESTADUAL","PTB","PE",2
"253",1998,"DEPUTADO ESTADUAL","PTB","PR",11
"254",1998,"DEPUTADO ESTADUAL","PTB","RJ",2
"255",1998,"DEPUTADO ESTADUAL","PTB","RN",1
"256",1998,"DEPUTADO ESTADUAL","PTB","RO",2
"257",1998,"DEPUTADO ESTADUAL","PTB","RR",2
"258",1998,"DEPUTADO ESTADUAL","PTB","RS",10
"259",1998,"DEPUTADO ESTADUAL","PTB","SC",1
"260",1998,"DEPUTADO ESTADUAL","PTB","SE",2
"261",1998,"DEPUTADO ESTADUAL","PTB","SP",5
"262",1998,"DEPUTADO ESTADUAL","PTB","TO",1
"263",1998,"DEPUTADO ESTADUAL","PV","BA",1
"264",1998,"DEPUTADO ESTADUAL","PV","PB",1
"265",1998,"DEPUTADO ESTADUAL","PV","RJ",1
"266",1998,"DEPUTADO ESTADUAL","PV","SP",1
"267",2002,"DEPUTADO ESTADUAL","PAN","RR",1
"268",2002,"DEPUTADO ESTADUAL","PC do B","AC",2
"269",2002,"DEPUTADO ESTADUAL","PC do B","AM",1
"270",2002,"DEPUTADO ESTADUAL","PC do B","AP",1
"271",2002,"DEPUTADO ESTADUAL","PC do B","BA",3
"272",2002,"DEPUTADO ESTADUAL","PC do B","CE",1
"273",2002,"DEPUTADO ESTADUAL","PC do B","GO",1
"274",2002,"DEPUTADO ESTADUAL","PC do B","MG",1
"275",2002,"DEPUTADO ESTADUAL","PC do B","PA",1
"276",2002,"DEPUTADO ESTADUAL","PC do B","PE",1
"277",2002,"DEPUTADO ESTADUAL","PC do B","RJ",1
"278",2002,"DEPUTADO ESTADUAL","PC do B","RS",1
"279",2002,"DEPUTADO ESTADUAL","PC do B","SP",2
"280",2002,"DEPUTADO ESTADUAL","PDT","AL",1
"281",2002,"DEPUTADO ESTADUAL","PDT","AM",1
"282",2002,"DEPUTADO ESTADUAL","PDT","AP",3
"283",2002,"DEPUTADO ESTADUAL","PDT","BA",2
"284",2002,"DEPUTADO ESTADUAL","PDT","CE",1
"285",2002,"DEPUTADO ESTADUAL","PDT","ES",2
"286",2002,"DEPUTADO ESTADUAL","PDT","GO",1
"287",2002,"DEPUTADO ESTADUAL","PDT","MA",5
"288",2002,"DEPUTADO ESTADUAL","PDT","MG",5
"289",2002,"DEPUTADO ESTADUAL","PDT","MS",3
"290",2002,"DEPUTADO ESTADUAL","PDT","PA",2
"291",2002,"DEPUTADO ESTADUAL","PDT","PB",1
"292",2002,"DEPUTADO ESTADUAL","PDT","PE",3
"293",2002,"DEPUTADO ESTADUAL","PDT","PI",2
"294",2002,"DEPUTADO ESTADUAL","PDT","PR",6
"295",2002,"DEPUTADO ESTADUAL","PDT","RJ",4
"296",2002,"DEPUTADO ESTADUAL","PDT","RN",1
"297",2002,"DEPUTADO ESTADUAL","PDT","RO",3
"298",2002,"DEPUTADO ESTADUAL","PDT","RR",1
"299",2002,"DEPUTADO ESTADUAL","PDT","RS",7
"300",2002,"DEPUTADO ESTADUAL","PDT","SE",3
"301",2002,"DEPUTADO ESTADUAL","PDT","SP",4
"302",2002,"DEPUTADO ESTADUAL","PFL","AC",1
"303",2002,"DEPUTADO ESTADUAL","PFL","AL",1
"304",2002,"DEPUTADO ESTADUAL","PFL","AM",5
"305",2002,"DEPUTADO ESTADUAL","PFL","BA",16
"306",2002,"DEPUTADO ESTADUAL","PFL","CE",1
"307",2002,"DEPUTADO ESTADUAL","PFL","ES",4
"308",2002,"DEPUTADO ESTADUAL","PFL","GO",3
"309",2002,"DEPUTADO ESTADUAL","PFL","MA",14
"310",2002,"DEPUTADO ESTADUAL","PFL","MG",5
"311",2002,"DEPUTADO ESTADUAL","PFL","MS",1
"312",2002,"DEPUTADO ESTADUAL","PFL","MT",3
"313",2002,"DEPUTADO ESTADUAL","PFL","PB",4
"314",2002,"DEPUTADO ESTADUAL","PFL","PE",7
"315",2002,"DEPUTADO ESTADUAL","PFL","PI",9
"316",2002,"DEPUTADO ESTADUAL","PFL","PR",7
"317",2002,"DEPUTADO ESTADUAL","PFL","RJ",4
"318",2002,"DEPUTADO ESTADUAL","PFL","RN",4
"319",2002,"DEPUTADO ESTADUAL","PFL","RO",2
"320",2002,"DEPUTADO ESTADUAL","PFL","RR",2
"321",2002,"DEPUTADO ESTADUAL","PFL","RS",1
"322",2002,"DEPUTADO ESTADUAL","PFL","SC",8
"323",2002,"DEPUTADO ESTADUAL","PFL","SE",3
"324",2002,"DEPUTADO ESTADUAL","PFL","SP",6
"325",2002,"DEPUTADO ESTADUAL","PFL","TO",7
"326",2002,"DEPUTADO ESTADUAL","PGT","MA",1
"327",2002,"DEPUTADO ESTADUAL","PGT","SP",1
"328",2002,"DEPUTADO ESTADUAL","PHS","CE",2
"329",2002,"DEPUTADO ESTADUAL","PL","AC",2
"330",2002,"DEPUTADO ESTADUAL","PL","AL",3
"331",2002,"DEPUTADO ESTADUAL","PL","AM",5
"332",2002,"DEPUTADO ESTADUAL","PL","AP",2
"333",2002,"DEPUTADO ESTADUAL","PL","BA",4
"334",2002,"DEPUTADO ESTADUAL","PL","CE",3
"335",2002,"DEPUTADO ESTADUAL","PL","ES",2
"336",2002,"DEPUTADO ESTADUAL","PL","GO",1
"337",2002,"DEPUTADO ESTADUAL","PL","MA",1
"338",2002,"DEPUTADO ESTADUAL","PL","MG",7
"339",2002,"DEPUTADO ESTADUAL","PL","MS",3
"340",2002,"DEPUTADO ESTADUAL","PL","MT",2
"341",2002,"DEPUTADO ESTADUAL","PL","PA",5
"342",2002,"DEPUTADO ESTADUAL","PL","PB",1
"343",2002,"DEPUTADO ESTADUAL","PL","PE",2
"344",2002,"DEPUTADO ESTADUAL","PL","PI",1
"345",2002,"DEPUTADO ESTADUAL","PL","PR",2
"346",2002,"DEPUTADO ESTADUAL","PL","RJ",4
"347",2002,"DEPUTADO ESTADUAL","PL","RN",1
"348",2002,"DEPUTADO ESTADUAL","PL","RO",2
"349",2002,"DEPUTADO ESTADUAL","PL","SC",1
"350",2002,"DEPUTADO ESTADUAL","PL","SE",2
"351",2002,"DEPUTADO ESTADUAL","PL","SP",2
"352",2002,"DEPUTADO ESTADUAL","PL","TO",1
"353",2002,"DEPUTADO ESTADUAL","PMDB","AC",2
"354",2002,"DEPUTADO ESTADUAL","PMDB","AM",3
"355",2002,"DEPUTADO ESTADUAL","PMDB","AP",4
"356",2002,"DEPUTADO ESTADUAL","PMDB","BA",3
"357",2002,"DEPUTADO ESTADUAL","PMDB","CE",5
"358",2002,"DEPUTADO ESTADUAL","PMDB","ES",2
"359",2002,"DEPUTADO ESTADUAL","PMDB","GO",9
"360",2002,"DEPUTADO ESTADUAL","PMDB","MA",3
"361",2002,"DEPUTADO ESTADUAL","PMDB","MG",9
"362",2002,"DEPUTADO ESTADUAL","PMDB","MS",2
"363",2002,"DEPUTADO ESTADUAL","PMDB","MT",3
"364",2002,"DEPUTADO ESTADUAL","PMDB","PA",8
"365",2002,"DEPUTADO ESTADUAL","PMDB","PB",9
"366",2002,"DEPUTADO ESTADUAL","PMDB","PE",7
"367",2002,"DEPUTADO ESTADUAL","PMDB","PI",6
"368",2002,"DEPUTADO ESTADUAL","PMDB","PR",8
"369",2002,"DEPUTADO ESTADUAL","PMDB","RJ",12
"370",2002,"DEPUTADO ESTADUAL","PMDB","RN",4
"371",2002,"DEPUTADO ESTADUAL","PMDB","RO",3
"372",2002,"DEPUTADO ESTADUAL","PMDB","RR",1
"373",2002,"DEPUTADO ESTADUAL","PMDB","RS",9
"374",2002,"DEPUTADO ESTADUAL","PMDB","SC",7
"375",2002,"DEPUTADO ESTADUAL","PMDB","SE",3
"376",2002,"DEPUTADO ESTADUAL","PMDB","SP",4
"377",2002,"DEPUTADO ESTADUAL","PMDB","TO",4
"378",2002,"DEPUTADO ESTADUAL","PMN","AC",2
"379",2002,"DEPUTADO ESTADUAL","PMN","AL",1
"380",2002,"DEPUTADO ESTADUAL","PMN","ES",1
"381",2002,"DEPUTADO ESTADUAL","PMN","MS",1
"382",2002,"DEPUTADO ESTADUAL","PMN","MT",1
"383",2002,"DEPUTADO ESTADUAL","PMN","SE",3
"384",2002,"DEPUTADO ESTADUAL","PPB","AC",2
"385",2002,"DEPUTADO ESTADUAL","PPB","BA",7
"386",2002,"DEPUTADO ESTADUAL","PPB","CE",2
"387",2002,"DEPUTADO ESTADUAL","PPB","ES",4
"388",2002,"DEPUTADO ESTADUAL","PPB","GO",4
"389",2002,"DEPUTADO ESTADUAL","PPB","MA",1
"390",2002,"DEPUTADO ESTADUAL","PPB","MG",6
"391",2002,"DEPUTADO ESTADUAL","PPB","MT",1
"392",2002,"DEPUTADO ESTADUAL","PPB","PA",2
"393",2002,"DEPUTADO ESTADUAL","PPB","PB",2
"394",2002,"DEPUTADO ESTADUAL","PPB","PE",3
"395",2002,"DEPUTADO ESTADUAL","PPB","PI",4
"396",2002,"DEPUTADO ESTADUAL","PPB","PR",4
"397",2002,"DEPUTADO ESTADUAL","PPB","RJ",6
"398",2002,"DEPUTADO ESTADUAL","PPB","RN",8
"399",2002,"DEPUTADO ESTADUAL","PPB","RO",2
"400",2002,"DEPUTADO ESTADUAL","PPB","RR",1
"401",2002,"DEPUTADO ESTADUAL","PPB","RS",10
"402",2002,"DEPUTADO ESTADUAL","PPB","SC",10
"403",2002,"DEPUTADO ESTADUAL","PPB","SE",1
"404",2002,"DEPUTADO ESTADUAL","PPB","SP",7
"405",2002,"DEPUTADO ESTADUAL","PPB","TO",4
"406",2002,"DEPUTADO ESTADUAL","PPS","AC",2
"407",2002,"DEPUTADO ESTADUAL","PPS","AL",2
"408",2002,"DEPUTADO ESTADUAL","PPS","AM",1
"409",2002,"DEPUTADO ESTADUAL","PPS","BA",1
"410",2002,"DEPUTADO ESTADUAL","PPS","CE",4
"411",2002,"DEPUTADO ESTADUAL","PPS","ES",2
"412",2002,"DEPUTADO ESTADUAL","PPS","GO",1
"413",2002,"DEPUTADO ESTADUAL","PPS","MA",1
"414",2002,"DEPUTADO ESTADUAL","PPS","MG",2
"415",2002,"DEPUTADO ESTADUAL","PPS","MS",1
"416",2002,"DEPUTADO ESTADUAL","PPS","MT",2
"417",2002,"DEPUTADO ESTADUAL","PPS","PA",1
"418",2002,"DEPUTADO ESTADUAL","PPS","PB",1
"419",2002,"DEPUTADO ESTADUAL","PPS","PE",1
"420",2002,"DEPUTADO ESTADUAL","PPS","PR",3
"421",2002,"DEPUTADO ESTADUAL","PPS","RJ",1
"422",2002,"DEPUTADO ESTADUAL","PPS","RN",1
"423",2002,"DEPUTADO ESTADUAL","PPS","RO",1
"424",2002,"DEPUTADO ESTADUAL","PPS","RR",1
"425",2002,"DEPUTADO ESTADUAL","PPS","RS",3
"426",2002,"DEPUTADO ESTADUAL","PPS","SE",3
"427",2002,"DEPUTADO ESTADUAL","PPS","SP",5
"428",2002,"DEPUTADO ESTADUAL","PPS","TO",1
"429",2002,"DEPUTADO ESTADUAL","PRONA","AL",1
"430",2002,"DEPUTADO ESTADUAL","PRONA","RJ",2
"431",2002,"DEPUTADO ESTADUAL","PRONA","SP",4
"432",2002,"DEPUTADO ESTADUAL","PRP","AL",1
"433",2002,"DEPUTADO ESTADUAL","PRP","BA",1
"434",2002,"DEPUTADO ESTADUAL","PRP","GO",1
"435",2002,"DEPUTADO ESTADUAL","PRP","PR",1
"436",2002,"DEPUTADO ESTADUAL","PRP","RR",1
"437",2002,"DEPUTADO ESTADUAL","PRP","SP",1
"438",2002,"DEPUTADO ESTADUAL","PRTB","AM",1
"439",2002,"DEPUTADO ESTADUAL","PRTB","MA",1
"440",2002,"DEPUTADO ESTADUAL","PRTB","MG",2
"441",2002,"DEPUTADO ESTADUAL","PSB","AC",1
"442",2002,"DEPUTADO ESTADUAL","PSB","AL",4
"443",2002,"DEPUTADO ESTADUAL","PSB","AP",4
"444",2002,"DEPUTADO ESTADUAL","PSB","BA",2
"445",2002,"DEPUTADO ESTADUAL","PSB","CE",2
"446",2002,"DEPUTADO ESTADUAL","PSB","ES",2
"447",2002,"DEPUTADO ESTADUAL","PSB","GO",1
"448",2002,"DEPUTADO ESTADUAL","PSB","MA",1
"449",2002,"DEPUTADO ESTADUAL","PSB","MG",3
"450",2002,"DEPUTADO ESTADUAL","PSB","MT",2
"451",2002,"DEPUTADO ESTADUAL","PSB","PA",2
"452",2002,"DEPUTADO ESTADUAL","PSB","PB",2
"453",2002,"DEPUTADO ESTADUAL","PSB","PE",5
"454",2002,"DEPUTADO ESTADUAL","PSB","PR",3
"455",2002,"DEPUTADO ESTADUAL","PSB","RJ",12
"456",2002,"DEPUTADO ESTADUAL","PSB","RN",2
"457",2002,"DEPUTADO ESTADUAL","PSB","RO",1
"458",2002,"DEPUTADO ESTADUAL","PSB","RR",1
"459",2002,"DEPUTADO ESTADUAL","PSB","RS",2
"460",2002,"DEPUTADO ESTADUAL","PSB","SE",1
"461",2002,"DEPUTADO ESTADUAL","PSB","SP",6
"462",2002,"DEPUTADO ESTADUAL","PSC","AC",1
"463",2002,"DEPUTADO ESTADUAL","PSC","AM",1
"464",2002,"DEPUTADO ESTADUAL","PSC","BA",1
"465",2002,"DEPUTADO ESTADUAL","PSC","ES",1
"466",2002,"DEPUTADO ESTADUAL","PSC","MA",1
"467",2002,"DEPUTADO ESTADUAL","PSC","PE",2
"468",2002,"DEPUTADO ESTADUAL","PSC","PR",1
"469",2002,"DEPUTADO ESTADUAL","PSC","RJ",3
"470",2002,"DEPUTADO ESTADUAL","PSC","SE",2
"471",2002,"DEPUTADO ESTADUAL","PSD","AP",2
"472",2002,"DEPUTADO ESTADUAL","PSD","BA",2
"473",2002,"DEPUTADO ESTADUAL","PSD","CE",1
"474",2002,"DEPUTADO ESTADUAL","PSD","GO",1
"475",2002,"DEPUTADO ESTADUAL","PSD","MA",6
"476",2002,"DEPUTADO ESTADUAL","PSD","MG",2
"477",2002,"DEPUTADO ESTADUAL","PSD","MS",1
"478",2002,"DEPUTADO ESTADUAL","PSD","PA",2
"479",2002,"DEPUTADO ESTADUAL","PSD","PE",3
"480",2002,"DEPUTADO ESTADUAL","PSD","RR",2
"481",2002,"DEPUTADO ESTADUAL","PSDB","AC",2
"482",2002,"DEPUTADO ESTADUAL","PSDB","AL",2
"483",2002,"DEPUTADO ESTADUAL","PSDB","AM",1
"484",2002,"DEPUTADO ESTADUAL","PSDB","AP",1
"485",2002,"DEPUTADO ESTADUAL","PSDB","BA",3
"486",2002,"DEPUTADO ESTADUAL","PSDB","CE",17
"487",2002,"DEPUTADO ESTADUAL","PSDB","ES",2
"488",2002,"DEPUTADO ESTADUAL","PSDB","GO",12
"489",2002,"DEPUTADO ESTADUAL","PSDB","MA",3
"490",2002,"DEPUTADO ESTADUAL","PSDB","MG",11
"491",2002,"DEPUTADO ESTADUAL","PSDB","MS",4
"492",2002,"DEPUTADO ESTADUAL","PSDB","MT",7
"493",2002,"DEPUTADO ESTADUAL","PSDB","PA",7
"494",2002,"DEPUTADO ESTADUAL","PSDB","PB",10
"495",2002,"DEPUTADO ESTADUAL","PSDB","PE",6
"496",2002,"DEPUTADO ESTADUAL","PSDB","PI",4
"497",2002,"DEPUTADO ESTADUAL","PSDB","PR",5
"498",2002,"DEPUTADO ESTADUAL","PSDB","RJ",4
"499",2002,"DEPUTADO ESTADUAL","PSDB","RO",3
"500",2002,"DEPUTADO ESTADUAL","PSDB","RR",3
"501",2002,"DEPUTADO ESTADUAL","PSDB","RS",3
"502",2002,"DEPUTADO ESTADUAL","PSDB","SC",3
"503",2002,"DEPUTADO ESTADUAL","PSDB","SE",2
"504",2002,"DEPUTADO ESTADUAL","PSDB","SP",18
"505",2002,"DEPUTADO ESTADUAL","PSDB","TO",4
"506",2002,"DEPUTADO ESTADUAL","PSDC","AC",2
"507",2002,"DEPUTADO ESTADUAL","PSDC","AM",2
"508",2002,"DEPUTADO ESTADUAL","PSDC","GO",1
"509",2002,"DEPUTADO ESTADUAL","PSDC","PE",1
"510",2002,"DEPUTADO ESTADUAL","PSL","AL",1
"511",2002,"DEPUTADO ESTADUAL","PSL","CE",1
"512",2002,"DEPUTADO ESTADUAL","PSL","MS",2
"513",2002,"DEPUTADO ESTADUAL","PSL","PE",1
"514",2002,"DEPUTADO ESTADUAL","PSL","PR",2
"515",2002,"DEPUTADO ESTADUAL","PSL","RJ",2
"516",2002,"DEPUTADO ESTADUAL","PSL","RO",1
"517",2002,"DEPUTADO ESTADUAL","PSL","RR",3
"518",2002,"DEPUTADO ESTADUAL","PST","AP",1
"519",2002,"DEPUTADO ESTADUAL","PST","BA",4
"520",2002,"DEPUTADO ESTADUAL","PST","CE",1
"521",2002,"DEPUTADO ESTADUAL","PST","GO",1
"522",2002,"DEPUTADO ESTADUAL","PST","MG",2
"523",2002,"DEPUTADO ESTADUAL","PST","MS",1
"524",2002,"DEPUTADO ESTADUAL","PST","PA",2
"525",2002,"DEPUTADO ESTADUAL","PST","RR",2
"526",2002,"DEPUTADO ESTADUAL","PT","AC",5
"527",2002,"DEPUTADO ESTADUAL","PT","AL",1
"528",2002,"DEPUTADO ESTADUAL","PT","AM",1
"529",2002,"DEPUTADO ESTADUAL","PT","AP",2
"530",2002,"DEPUTADO ESTADUAL","PT","BA",10
"531",2002,"DEPUTADO ESTADUAL","PT","CE",5
"532",2002,"DEPUTADO ESTADUAL","PT","ES",4
"533",2002,"DEPUTADO ESTADUAL","PT","GO",4
"534",2002,"DEPUTADO ESTADUAL","PT","MA",2
"535",2002,"DEPUTADO ESTADUAL","PT","MG",15
"536",2002,"DEPUTADO ESTADUAL","PT","MS",3
"537",2002,"DEPUTADO ESTADUAL","PT","MT",2
"538",2002,"DEPUTADO ESTADUAL","PT","PA",5
"539",2002,"DEPUTADO ESTADUAL","PT","PB",4
"540",2002,"DEPUTADO ESTADUAL","PT","PE",5
"541",2002,"DEPUTADO ESTADUAL","PT","PI",3
"542",2002,"DEPUTADO ESTADUAL","PT","PR",9
"543",2002,"DEPUTADO ESTADUAL","PT","RJ",8
"544",2002,"DEPUTADO ESTADUAL","PT","RN",2
"545",2002,"DEPUTADO ESTADUAL","PT","RO",4
"546",2002,"DEPUTADO ESTADUAL","PT","RR",1
"547",2002,"DEPUTADO ESTADUAL","PT","RS",13
"548",2002,"DEPUTADO ESTADUAL","PT","SC",9
"549",2002,"DEPUTADO ESTADUAL","PT","SE",1
"550",2002,"DEPUTADO ESTADUAL","PT","SP",23
"551",2002,"DEPUTADO ESTADUAL","PT","TO",1
"552",2002,"DEPUTADO ESTADUAL","PT do B","AL",2
"553",2002,"DEPUTADO ESTADUAL","PT do B","AP",2
"554",2002,"DEPUTADO ESTADUAL","PT do B","RJ",3
"555",2002,"DEPUTADO ESTADUAL","PTB","AL",7
"556",2002,"DEPUTADO ESTADUAL","PTB","AM",2
"557",2002,"DEPUTADO ESTADUAL","PTB","AP",1
"558",2002,"DEPUTADO ESTADUAL","PTB","BA",4
"559",2002,"DEPUTADO ESTADUAL","PTB","ES",3
"560",2002,"DEPUTADO ESTADUAL","PTB","MA",2
"561",2002,"DEPUTADO ESTADUAL","PTB","MG",6
"562",2002,"DEPUTADO ESTADUAL","PTB","MS",2
"563",2002,"DEPUTADO ESTADUAL","PTB","MT",1
"564",2002,"DEPUTADO ESTADUAL","PTB","PA",4
"565",2002,"DEPUTADO ESTADUAL","PTB","PB",2
"566",2002,"DEPUTADO ESTADUAL","PTB","PE",1
"567",2002,"DEPUTADO ESTADUAL","PTB","PI",1
"568",2002,"DEPUTADO ESTADUAL","PTB","PR",3
"569",2002,"DEPUTADO ESTADUAL","PTB","RJ",1
"570",2002,"DEPUTADO ESTADUAL","PTB","RN",1
"571",2002,"DEPUTADO ESTADUAL","PTB","RO",2
"572",2002,"DEPUTADO ESTADUAL","PTB","RR",2
"573",2002,"DEPUTADO ESTADUAL","PTB","RS",6
"574",2002,"DEPUTADO ESTADUAL","PTB","SC",2
"575",2002,"DEPUTADO ESTADUAL","PTB","SP",5
"576",2002,"DEPUTADO ESTADUAL","PTB","TO",2
"577",2002,"DEPUTADO ESTADUAL","PTC","ES",1
"578",2002,"DEPUTADO ESTADUAL","PTN","RR",2
"579",2002,"DEPUTADO ESTADUAL","PTN","SP",1
"580",2002,"DEPUTADO ESTADUAL","PV","AP",1
"581",2002,"DEPUTADO ESTADUAL","PV","MG",1
"582",2002,"DEPUTADO ESTADUAL","PV","PE",1
"583",2002,"DEPUTADO ESTADUAL","PV","RJ",3
"584",2002,"DEPUTADO ESTADUAL","PV","SP",5
"585",2006,"DEPUTADO ESTADUAL","PAN","AM",2
"586",2006,"DEPUTADO ESTADUAL","PAN","CE",1
"587",2006,"DEPUTADO ESTADUAL","PAN","ES",2
"588",2006,"DEPUTADO ESTADUAL","PAN","PE",1
"589",2006,"DEPUTADO ESTADUAL","PAN","RJ",2
"590",2006,"DEPUTADO ESTADUAL","PC do B","AC",2
"591",2006,"DEPUTADO ESTADUAL","PC do B","AM",1
"592",2006,"DEPUTADO ESTADUAL","PC do B","BA",3
"593",2006,"DEPUTADO ESTADUAL","PC do B","CE",1
"594",2006,"DEPUTADO ESTADUAL","PC do B","MG",1
"595",2006,"DEPUTADO ESTADUAL","PC do B","PE",1
"596",2006,"DEPUTADO ESTADUAL","PC do B","PI",1
"597",2006,"DEPUTADO ESTADUAL","PC do B","RJ",1
"598",2006,"DEPUTADO ESTADUAL","PC do B","RS",1
"599",2006,"DEPUTADO ESTADUAL","PCB","AP",1
"600",2006,"DEPUTADO ESTADUAL","PDT","AC",1
"601",2006,"DEPUTADO ESTADUAL","PDT","AL",1
"602",2006,"DEPUTADO ESTADUAL","PDT","AP",3
"603",2006,"DEPUTADO ESTADUAL","PDT","BA",3
"604",2006,"DEPUTADO ESTADUAL","PDT","CE",2
"605",2006,"DEPUTADO ESTADUAL","PDT","ES",4
"606",2006,"DEPUTADO ESTADUAL","PDT","GO",2
"607",2006,"DEPUTADO ESTADUAL","PDT","MA",6
"608",2006,"DEPUTADO ESTADUAL","PDT","MG",5
"609",2006,"DEPUTADO ESTADUAL","PDT","MS",3
"610",2006,"DEPUTADO ESTADUAL","PDT","MT",1
"611",2006,"DEPUTADO ESTADUAL","PDT","PA",2
"612",2006,"DEPUTADO ESTADUAL","PDT","PB",2
"613",2006,"DEPUTADO ESTADUAL","PDT","PE",2
"614",2006,"DEPUTADO ESTADUAL","PDT","PI",3
"615",2006,"DEPUTADO ESTADUAL","PDT","PR",3
"616",2006,"DEPUTADO ESTADUAL","PDT","RJ",5
"617",2006,"DEPUTADO ESTADUAL","PDT","RN",2
"618",2006,"DEPUTADO ESTADUAL","PDT","RR",1
"619",2006,"DEPUTADO ESTADUAL","PDT","RS",7
"620",2006,"DEPUTADO ESTADUAL","PDT","SC",2
"621",2006,"DEPUTADO ESTADUAL","PDT","SP",5
"622",2006,"DEPUTADO ESTADUAL","PDT","TO",1
"623",2006,"DEPUTADO ESTADUAL","PFL","AL",1
"624",2006,"DEPUTADO ESTADUAL","PFL","AM",2
"625",2006,"DEPUTADO ESTADUAL","PFL","AP",2
"626",2006,"DEPUTADO ESTADUAL","PFL","BA",16
"627",2006,"DEPUTADO ESTADUAL","PFL","CE",1
"628",2006,"DEPUTADO ESTADUAL","PFL","ES",3
"629",2006,"DEPUTADO ESTADUAL","PFL","GO",2
"630",2006,"DEPUTADO ESTADUAL","PFL","MA",6
"631",2006,"DEPUTADO ESTADUAL","PFL","MG",7
"632",2006,"DEPUTADO ESTADUAL","PFL","MS",1
"633",2006,"DEPUTADO ESTADUAL","PFL","MT",5
"634",2006,"DEPUTADO ESTADUAL","PFL","PA",4
"635",2006,"DEPUTADO ESTADUAL","PFL","PB",6
"636",2006,"DEPUTADO ESTADUAL","PFL","PE",8
"637",2006,"DEPUTADO ESTADUAL","PFL","PI",4
"638",2006,"DEPUTADO ESTADUAL","PFL","PR",6
"639",2006,"DEPUTADO ESTADUAL","PFL","RJ",6
"640",2006,"DEPUTADO ESTADUAL","PFL","RN",3
"641",2006,"DEPUTADO ESTADUAL","PFL","RO",1
"642",2006,"DEPUTADO ESTADUAL","PFL","RR",3
"643",2006,"DEPUTADO ESTADUAL","PFL","RS",3
"644",2006,"DEPUTADO ESTADUAL","PFL","SC",6
"645",2006,"DEPUTADO ESTADUAL","PFL","SE",5
"646",2006,"DEPUTADO ESTADUAL","PFL","SP",11
"647",2006,"DEPUTADO ESTADUAL","PFL","TO",4
"648",2006,"DEPUTADO ESTADUAL","PHS","AM",1
"649",2006,"DEPUTADO ESTADUAL","PHS","CE",2
"650",2006,"DEPUTADO ESTADUAL","PHS","MG",1
"651",2006,"DEPUTADO ESTADUAL","PHS","RJ",2
"652",2006,"DEPUTADO ESTADUAL","PHS","RN",1
"653",2006,"DEPUTADO ESTADUAL","PL","AM",1
"654",2006,"DEPUTADO ESTADUAL","PL","AP",1
"655",2006,"DEPUTADO ESTADUAL","PL","BA",5
"656",2006,"DEPUTADO ESTADUAL","PL","ES",2
"657",2006,"DEPUTADO ESTADUAL","PL","GO",4
"658",2006,"DEPUTADO ESTADUAL","PL","MG",1
"659",2006,"DEPUTADO ESTADUAL","PL","MS",3
"660",2006,"DEPUTADO ESTADUAL","PL","PA",2
"661",2006,"DEPUTADO ESTADUAL","PL","PE",1
"662",2006,"DEPUTADO ESTADUAL","PL","PI",1
"663",2006,"DEPUTADO ESTADUAL","PL","PR",1
"664",2006,"DEPUTADO ESTADUAL","PL","RJ",2
"665",2006,"DEPUTADO ESTADUAL","PL","RR",3
"666",2006,"DEPUTADO ESTADUAL","PL","SC",1
"667",2006,"DEPUTADO ESTADUAL","PL","SE",1
"668",2006,"DEPUTADO ESTADUAL","PL","SP",2
"669",2006,"DEPUTADO ESTADUAL","PL","TO",3
"670",2006,"DEPUTADO ESTADUAL","PMDB","AC",2
"671",2006,"DEPUTADO ESTADUAL","PMDB","AL",1
"672",2006,"DEPUTADO ESTADUAL","PMDB","AM",4
"673",2006,"DEPUTADO ESTADUAL","PMDB","AP",3
"674",2006,"DEPUTADO ESTADUAL","PMDB","BA",6
"675",2006,"DEPUTADO ESTADUAL","PMDB","CE",7
"676",2006,"DEPUTADO ESTADUAL","PMDB","ES",3
"677",2006,"DEPUTADO ESTADUAL","PMDB","GO",10
"678",2006,"DEPUTADO ESTADUAL","PMDB","MA",4
"679",2006,"DEPUTADO ESTADUAL","PMDB","MG",9
"680",2006,"DEPUTADO ESTADUAL","PMDB","MS",7
"681",2006,"DEPUTADO ESTADUAL","PMDB","MT",4
"682",2006,"DEPUTADO ESTADUAL","PMDB","PA",5
"683",2006,"DEPUTADO ESTADUAL","PMDB","PB",10
"684",2006,"DEPUTADO ESTADUAL","PMDB","PE",3
"685",2006,"DEPUTADO ESTADUAL","PMDB","PI",8
"686",2006,"DEPUTADO ESTADUAL","PMDB","PR",17
"687",2006,"DEPUTADO ESTADUAL","PMDB","RJ",17
"688",2006,"DEPUTADO ESTADUAL","PMDB","RN",4
"689",2006,"DEPUTADO ESTADUAL","PMDB","RO",4
"690",2006,"DEPUTADO ESTADUAL","PMDB","RR",2
"691",2006,"DEPUTADO ESTADUAL","PMDB","RS",9
"692",2006,"DEPUTADO ESTADUAL","PMDB","SC",11
"693",2006,"DEPUTADO ESTADUAL","PMDB","SE",1
"694",2006,"DEPUTADO ESTADUAL","PMDB","SP",4
"695",2006,"DEPUTADO ESTADUAL","PMDB","TO",6
"696",2006,"DEPUTADO ESTADUAL","PMN","AC",2
"697",2006,"DEPUTADO ESTADUAL","PMN","AL",12
"698",2006,"DEPUTADO ESTADUAL","PMN","AM",2
"699",2006,"DEPUTADO ESTADUAL","PMN","AP",1
"700",2006,"DEPUTADO ESTADUAL","PMN","BA",1
"701",2006,"DEPUTADO ESTADUAL","PMN","ES",1
"702",2006,"DEPUTADO ESTADUAL","PMN","MG",2
"703",2006,"DEPUTADO ESTADUAL","PMN","PE",2
"704",2006,"DEPUTADO ESTADUAL","PMN","PR",1
"705",2006,"DEPUTADO ESTADUAL","PMN","RJ",2
"706",2006,"DEPUTADO ESTADUAL","PMN","RN",5
"707",2006,"DEPUTADO ESTADUAL","PP","AC",1
"708",2006,"DEPUTADO ESTADUAL","PP","AM",3
"709",2006,"DEPUTADO ESTADUAL","PP","BA",5
"710",2006,"DEPUTADO ESTADUAL","PP","ES",1
"711",2006,"DEPUTADO ESTADUAL","PP","GO",2
"712",2006,"DEPUTADO ESTADUAL","PP","MA",2
"713",2006,"DEPUTADO ESTADUAL","PP","MG",4
"714",2006,"DEPUTADO ESTADUAL","PP","MT",4
"715",2006,"DEPUTADO ESTADUAL","PP","PA",1
"716",2006,"DEPUTADO ESTADUAL","PP","PB",1
"717",2006,"DEPUTADO ESTADUAL","PP","PE",1
"718",2006,"DEPUTADO ESTADUAL","PP","PR",4
"719",2006,"DEPUTADO ESTADUAL","PP","RJ",2
"720",2006,"DEPUTADO ESTADUAL","PP","RO",1
"721",2006,"DEPUTADO ESTADUAL","PP","RS",9
"722",2006,"DEPUTADO ESTADUAL","PP","SC",6
"723",2006,"DEPUTADO ESTADUAL","PP","SE",1
"724",2006,"DEPUTADO ESTADUAL","PP","SP",2
"725",2006,"DEPUTADO ESTADUAL","PP","TO",2
"726",2006,"DEPUTADO ESTADUAL","PPS","AC",3
"727",2006,"DEPUTADO ESTADUAL","PPS","AL",1
"728",2006,"DEPUTADO ESTADUAL","PPS","AM",1
"729",2006,"DEPUTADO ESTADUAL","PPS","MA",1
"730",2006,"DEPUTADO ESTADUAL","PPS","MG",4
"731",2006,"DEPUTADO ESTADUAL","PPS","MT",5
"732",2006,"DEPUTADO ESTADUAL","PPS","PA",2
"733",2006,"DEPUTADO ESTADUAL","PPS","PB",2
"734",2006,"DEPUTADO ESTADUAL","PPS","PI",1
"735",2006,"DEPUTADO ESTADUAL","PPS","PR",3
"736",2006,"DEPUTADO ESTADUAL","PPS","RJ",2
"737",2006,"DEPUTADO ESTADUAL","PPS","RN",1
"738",2006,"DEPUTADO ESTADUAL","PPS","RO",2
"739",2006,"DEPUTADO ESTADUAL","PPS","RR",2
"740",2006,"DEPUTADO ESTADUAL","PPS","RS",4
"741",2006,"DEPUTADO ESTADUAL","PPS","SC",1
"742",2006,"DEPUTADO ESTADUAL","PPS","SP",5
"743",2006,"DEPUTADO ESTADUAL","PPS","TO",1
"744",2006,"DEPUTADO ESTADUAL","PRB","PA",1
"745",2006,"DEPUTADO ESTADUAL","PRB","PR",1
"746",2006,"DEPUTADO ESTADUAL","PRB","RJ",1
"747",2006,"DEPUTADO ESTADUAL","PRONA","AL",1
"748",2006,"DEPUTADO ESTADUAL","PRONA","AM",1
"749",2006,"DEPUTADO ESTADUAL","PRONA","RJ",1
"750",2006,"DEPUTADO ESTADUAL","PRONA","RR",1
"751",2006,"DEPUTADO ESTADUAL","PRONA","SP",1
"752",2006,"DEPUTADO ESTADUAL","PRP","AM",1
"753",2006,"DEPUTADO ESTADUAL","PRP","BA",3
"754",2006,"DEPUTADO ESTADUAL","PRP","ES",1
"755",2006,"DEPUTADO ESTADUAL","PRP","RR",1
"756",2006,"DEPUTADO ESTADUAL","PRTB","AM",1
"757",2006,"DEPUTADO ESTADUAL","PRTB","BA",2
"758",2006,"DEPUTADO ESTADUAL","PRTB","MA",1
"759",2006,"DEPUTADO ESTADUAL","PRTB","MG",1
"760",2006,"DEPUTADO ESTADUAL","PRTB","MS",1
"761",2006,"DEPUTADO ESTADUAL","PRTB","RR",2
"762",2006,"DEPUTADO ESTADUAL","PSB","AC",2
"763",2006,"DEPUTADO ESTADUAL","PSB","AL",2
"764",2006,"DEPUTADO ESTADUAL","PSB","AM",1
"765",2006,"DEPUTADO ESTADUAL","PSB","AP",2
"766",2006,"DEPUTADO ESTADUAL","PSB","BA",1
"767",2006,"DEPUTADO ESTADUAL","PSB","CE",8
"768",2006,"DEPUTADO ESTADUAL","PSB","ES",4
"769",2006,"DEPUTADO ESTADUAL","PSB","GO",1
"770",2006,"DEPUTADO ESTADUAL","PSB","MA",5
"771",2006,"DEPUTADO ESTADUAL","PSB","MG",1
"772",2006,"DEPUTADO ESTADUAL","PSB","MS",1
"773",2006,"DEPUTADO ESTADUAL","PSB","PA",1
"774",2006,"DEPUTADO ESTADUAL","PSB","PB",3
"775",2006,"DEPUTADO ESTADUAL","PSB","PE",7
"776",2006,"DEPUTADO ESTADUAL","PSB","PI",2
"777",2006,"DEPUTADO ESTADUAL","PSB","PR",2
"778",2006,"DEPUTADO ESTADUAL","PSB","RJ",3
"779",2006,"DEPUTADO ESTADUAL","PSB","RN",4
"780",2006,"DEPUTADO ESTADUAL","PSB","RO",2
"781",2006,"DEPUTADO ESTADUAL","PSB","RS",2
"782",2006,"DEPUTADO ESTADUAL","PSB","SE",1
"783",2006,"DEPUTADO ESTADUAL","PSB","SP",4
"784",2006,"DEPUTADO ESTADUAL","PSC","AP",1
"785",2006,"DEPUTADO ESTADUAL","PSC","BA",2
"786",2006,"DEPUTADO ESTADUAL","PSC","ES",1
"787",2006,"DEPUTADO ESTADUAL","PSC","GO",1
"788",2006,"DEPUTADO ESTADUAL","PSC","MA",1
"789",2006,"DEPUTADO ESTADUAL","PSC","MG",3
"790",2006,"DEPUTADO ESTADUAL","PSC","PA",1
"791",2006,"DEPUTADO ESTADUAL","PSC","PE",2
"792",2006,"DEPUTADO ESTADUAL","PSC","RJ",5
"793",2006,"DEPUTADO ESTADUAL","PSC","RR",1
"794",2006,"DEPUTADO ESTADUAL","PSC","SE",5
"795",2006,"DEPUTADO ESTADUAL","PSC","SP",2
"796",2006,"DEPUTADO ESTADUAL","PSC","TO",1
"797",2006,"DEPUTADO ESTADUAL","PSDB","AC",2
"798",2006,"DEPUTADO ESTADUAL","PSDB","AL",2
"799",2006,"DEPUTADO ESTADUAL","PSDB","AP",2
"800",2006,"DEPUTADO ESTADUAL","PSDB","BA",3
"801",2006,"DEPUTADO ESTADUAL","PSDB","CE",15
"802",2006,"DEPUTADO ESTADUAL","PSDB","ES",1
"803",2006,"DEPUTADO ESTADUAL","PSDB","GO",10
"804",2006,"DEPUTADO ESTADUAL","PSDB","MA",9
"805",2006,"DEPUTADO ESTADUAL","PSDB","MG",16
"806",2006,"DEPUTADO ESTADUAL","PSDB","MS",2
"807",2006,"DEPUTADO ESTADUAL","PSDB","MT",2
"808",2006,"DEPUTADO ESTADUAL","PSDB","PA",10
"809",2006,"DEPUTADO ESTADUAL","PSDB","PB",9
"810",2006,"DEPUTADO ESTADUAL","PSDB","PE",6
"811",2006,"DEPUTADO ESTADUAL","PSDB","PI",3
"812",2006,"DEPUTADO ESTADUAL","PSDB","PR",7
"813",2006,"DEPUTADO ESTADUAL","PSDB","RJ",6
"814",2006,"DEPUTADO ESTADUAL","PSDB","RN",1
"815",2006,"DEPUTADO ESTADUAL","PSDB","RO",1
"816",2006,"DEPUTADO ESTADUAL","PSDB","RR",4
"817",2006,"DEPUTADO ESTADUAL","PSDB","RS",5
"818",2006,"DEPUTADO ESTADUAL","PSDB","SC",6
"819",2006,"DEPUTADO ESTADUAL","PSDB","SE",2
"820",2006,"DEPUTADO ESTADUAL","PSDB","SP",24
"821",2006,"DEPUTADO ESTADUAL","PSDB","TO",2
"822",2006,"DEPUTADO ESTADUAL","PSDC","CE",2
"823",2006,"DEPUTADO ESTADUAL","PSDC","PE",1
"824",2006,"DEPUTADO ESTADUAL","PSDC","RJ",1
"825",2006,"DEPUTADO ESTADUAL","PSDC","RO",2
"826",2006,"DEPUTADO ESTADUAL","PSL","AP",1
"827",2006,"DEPUTADO ESTADUAL","PSL","BA",1
"828",2006,"DEPUTADO ESTADUAL","PSL","CE",2
"829",2006,"DEPUTADO ESTADUAL","PSL","MA",1
"830",2006,"DEPUTADO ESTADUAL","PSL","RJ",1
"831",2006,"DEPUTADO ESTADUAL","PSL","RO",1
"832",2006,"DEPUTADO ESTADUAL","PSOL","RJ",1
"833",2006,"DEPUTADO ESTADUAL","PSOL","SP",2
"834",2006,"DEPUTADO ESTADUAL","PT","AC",7
"835",2006,"DEPUTADO ESTADUAL","PT","AL",2
"836",2006,"DEPUTADO ESTADUAL","PT","AM",1
"837",2006,"DEPUTADO ESTADUAL","PT","AP",1
"838",2006,"DEPUTADO ESTADUAL","PT","BA",10
"839",2006,"DEPUTADO ESTADUAL","PT","CE",3
"840",2006,"DEPUTADO ESTADUAL","PT","ES",2
"841",2006,"DEPUTADO ESTADUAL","PT","GO",3
"842",2006,"DEPUTADO ESTADUAL","PT","MA",2
"843",2006,"DEPUTADO ESTADUAL","PT","MG",9
"844",2006,"DEPUTADO ESTADUAL","PT","MS",4
"845",2006,"DEPUTADO ESTADUAL","PT","MT",2
"846",2006,"DEPUTADO ESTADUAL","PT","PA",6
"847",2006,"DEPUTADO ESTADUAL","PT","PB",2
"848",2006,"DEPUTADO ESTADUAL","PT","PE",5
"849",2006,"DEPUTADO ESTADUAL","PT","PI",5
"850",2006,"DEPUTADO ESTADUAL","PT","PR",6
"851",2006,"DEPUTADO ESTADUAL","PT","RJ",6
"852",2006,"DEPUTADO ESTADUAL","PT","RN",1
"853",2006,"DEPUTADO ESTADUAL","PT","RO",3
"854",2006,"DEPUTADO ESTADUAL","PT","RS",10
"855",2006,"DEPUTADO ESTADUAL","PT","SC",6
"856",2006,"DEPUTADO ESTADUAL","PT","SE",4
"857",2006,"DEPUTADO ESTADUAL","PT","SP",20
"858",2006,"DEPUTADO ESTADUAL","PT","TO",2
"859",2006,"DEPUTADO ESTADUAL","PT do B","AC",1
"860",2006,"DEPUTADO ESTADUAL","PT do B","AL",2
"861",2006,"DEPUTADO ESTADUAL","PT do B","AP",3
"862",2006,"DEPUTADO ESTADUAL","PT do B","BA",1
"863",2006,"DEPUTADO ESTADUAL","PT do B","ES",1
"864",2006,"DEPUTADO ESTADUAL","PT do B","GO",2
"865",2006,"DEPUTADO ESTADUAL","PT do B","MA",1
"866",2006,"DEPUTADO ESTADUAL","PT do B","MS",1
"867",2006,"DEPUTADO ESTADUAL","PT do B","PE",2
"868",2006,"DEPUTADO ESTADUAL","PT do B","RJ",1
"869",2006,"DEPUTADO ESTADUAL","PT do B","SE",2
"870",2006,"DEPUTADO ESTADUAL","PTB","AL",2
"871",2006,"DEPUTADO ESTADUAL","PTB","AM",1
"872",2006,"DEPUTADO ESTADUAL","PTB","AP",1
"873",2006,"DEPUTADO ESTADUAL","PTB","ES",4
"874",2006,"DEPUTADO ESTADUAL","PTB","GO",4
"875",2006,"DEPUTADO ESTADUAL","PTB","MG",3
"876",2006,"DEPUTADO ESTADUAL","PTB","MS",1
"877",2006,"DEPUTADO ESTADUAL","PTB","MT",1
"878",2006,"DEPUTADO ESTADUAL","PTB","PA",4
"879",2006,"DEPUTADO ESTADUAL","PTB","PB",1
"880",2006,"DEPUTADO ESTADUAL","PTB","PE",6
"881",2006,"DEPUTADO ESTADUAL","PTB","PI",2
"882",2006,"DEPUTADO ESTADUAL","PTB","PR",2
"883",2006,"DEPUTADO ESTADUAL","PTB","RJ",1
"884",2006,"DEPUTADO ESTADUAL","PTB","RO",3
"885",2006,"DEPUTADO ESTADUAL","PTB","RS",5
"886",2006,"DEPUTADO ESTADUAL","PTB","SC",1
"887",2006,"DEPUTADO ESTADUAL","PTB","SE",1
"888",2006,"DEPUTADO ESTADUAL","PTB","SP",4
"889",2006,"DEPUTADO ESTADUAL","PTB","TO",1
"890",2006,"DEPUTADO ESTADUAL","PTC","MA",1
"891",2006,"DEPUTADO ESTADUAL","PTC","MG",3
"892",2006,"DEPUTADO ESTADUAL","PTC","RJ",1
"893",2006,"DEPUTADO ESTADUAL","PTC","RR",1
"894",2006,"DEPUTADO ESTADUAL","PTN","AC",1
"895",2006,"DEPUTADO ESTADUAL","PTN","BA",1
"896",2006,"DEPUTADO ESTADUAL","PTN","RO",2
"897",2006,"DEPUTADO ESTADUAL","PTN","RR",2
"898",2006,"DEPUTADO ESTADUAL","PV","AM",1
"899",2006,"DEPUTADO ESTADUAL","PV","AP",2
"900",2006,"DEPUTADO ESTADUAL","PV","CE",2
"901",2006,"DEPUTADO ESTADUAL","PV","MA",2
"902",2006,"DEPUTADO ESTADUAL","PV","MG",7
"903",2006,"DEPUTADO ESTADUAL","PV","PA",2
"904",2006,"DEPUTADO ESTADUAL","PV","PE",1
"905",2006,"DEPUTADO ESTADUAL","PV","PR",1
"906",2006,"DEPUTADO ESTADUAL","PV","RJ",1
"907",2006,"DEPUTADO ESTADUAL","PV","RN",2
"908",2006,"DEPUTADO ESTADUAL","PV","RO",2
"909",2006,"DEPUTADO ESTADUAL","PV","RR",1
"910",2006,"DEPUTADO ESTADUAL","PV","SE",1
"911",2006,"DEPUTADO ESTADUAL","PV","SP",8
"912",2006,"DEPUTADO ESTADUAL","PV","TO",1
"913",2010,"DEPUTADO DISTRITAL","DEM","DF",2
"914",2010,"DEPUTADO DISTRITAL","PDT","DF",1
"915",2010,"DEPUTADO DISTRITAL","PMDB","DF",2
"916",2010,"DEPUTADO DISTRITAL","PMN","DF",1
"917",2010,"DEPUTADO DISTRITAL","PP","DF",1
"918",2010,"DEPUTADO DISTRITAL","PPS","DF",2
"919",2010,"DEPUTADO DISTRITAL","PR","DF",1
"920",2010,"DEPUTADO DISTRITAL","PRB","DF",1
"921",2010,"DEPUTADO DISTRITAL","PRTB","DF",1
"922",2010,"DEPUTADO DISTRITAL","PSB","DF",1
"923",2010,"DEPUTADO DISTRITAL","PSC","DF",1
"924",2010,"DEPUTADO DISTRITAL","PSDB","DF",1
"925",2010,"DEPUTADO DISTRITAL","PSL","DF",1
"926",2010,"DEPUTADO DISTRITAL","PT","DF",5
"927",2010,"DEPUTADO DISTRITAL","PT do B","DF",1
"928",2010,"DEPUTADO DISTRITAL","PTB","DF",1
"929",2010,"DEPUTADO DISTRITAL","PTC","DF",1
"930",2010,"DEPUTADO ESTADUAL","DEM","AC",1
"931",2010,"DEPUTADO ESTADUAL","DEM","AL",2
"932",2010,"DEPUTADO ESTADUAL","DEM","AM",1
"933",2010,"DEPUTADO ESTADUAL","DEM","AP",2
"934",2010,"DEPUTADO ESTADUAL","DEM","BA",5
"935",2010,"DEPUTADO ESTADUAL","DEM","CE",1
"936",2010,"DEPUTADO ESTADUAL","DEM","ES",5
"937",2010,"DEPUTADO ESTADUAL","DEM","GO",2
"938",2010,"DEPUTADO ESTADUAL","DEM","MA",4
"939",2010,"DEPUTADO ESTADUAL","DEM","MG",3
"940",2010,"DEPUTADO ESTADUAL","DEM","MS",1
"941",2010,"DEPUTADO ESTADUAL","DEM","MT",2
"942",2010,"DEPUTADO ESTADUAL","DEM","PA",1
"943",2010,"DEPUTADO ESTADUAL","DEM","PB",5
"944",2010,"DEPUTADO ESTADUAL","DEM","PE",2
"945",2010,"DEPUTADO ESTADUAL","DEM","PI",2
"946",2010,"DEPUTADO ESTADUAL","DEM","PR",6
"947",2010,"DEPUTADO ESTADUAL","DEM","RJ",1
"948",2010,"DEPUTADO ESTADUAL","DEM","RN",2
"949",2010,"DEPUTADO ESTADUAL","DEM","RO",1
"950",2010,"DEPUTADO ESTADUAL","DEM","RR",3
"951",2010,"DEPUTADO ESTADUAL","DEM","RS",1
"952",2010,"DEPUTADO ESTADUAL","DEM","SC",7
"953",2010,"DEPUTADO ESTADUAL","DEM","SE",3
"954",2010,"DEPUTADO ESTADUAL","DEM","SP",8
"955",2010,"DEPUTADO ESTADUAL","DEM","TO",2
"956",2010,"DEPUTADO ESTADUAL","PC do B","AC",2
"957",2010,"DEPUTADO ESTADUAL","PC do B","AM",1
"958",2010,"DEPUTADO ESTADUAL","PC do B","BA",3
"959",2010,"DEPUTADO ESTADUAL","PC do B","CE",1
"960",2010,"DEPUTADO ESTADUAL","PC do B","MA",1
"961",2010,"DEPUTADO ESTADUAL","PC do B","MG",2
"962",2010,"DEPUTADO ESTADUAL","PC do B","PE",1
"963",2010,"DEPUTADO ESTADUAL","PC do B","PI",1
"964",2010,"DEPUTADO ESTADUAL","PC do B","RJ",1
"965",2010,"DEPUTADO ESTADUAL","PC do B","RR",1
"966",2010,"DEPUTADO ESTADUAL","PC do B","RS",1
"967",2010,"DEPUTADO ESTADUAL","PC do B","SC",1
"968",2010,"DEPUTADO ESTADUAL","PC do B","SP",2
"969",2010,"DEPUTADO ESTADUAL","PDT","AC",2
"970",2010,"DEPUTADO ESTADUAL","PDT","AL",3
"971",2010,"DEPUTADO ESTADUAL","PDT","AP",4
"972",2010,"DEPUTADO ESTADUAL","PDT","BA",5
"973",2010,"DEPUTADO ESTADUAL","PDT","CE",4
"974",2010,"DEPUTADO ESTADUAL","PDT","ES",4
"975",2010,"DEPUTADO ESTADUAL","PDT","GO",3
"976",2010,"DEPUTADO ESTADUAL","PDT","MA",4
"977",2010,"DEPUTADO ESTADUAL","PDT","MG",5
"978",2010,"DEPUTADO ESTADUAL","PDT","MS",1
"979",2010,"DEPUTADO ESTADUAL","PDT","MT",1
"980",2010,"DEPUTADO ESTADUAL","PDT","PA",2
"981",2010,"DEPUTADO ESTADUAL","PDT","PB",1
"982",2010,"DEPUTADO ESTADUAL","PDT","PE",3
"983",2010,"DEPUTADO ESTADUAL","PDT","PI",2
"984",2010,"DEPUTADO ESTADUAL","PDT","PR",4
"985",2010,"DEPUTADO ESTADUAL","PDT","RJ",11
"986",2010,"DEPUTADO ESTADUAL","PDT","RN",1
"987",2010,"DEPUTADO ESTADUAL","PDT","RO",1
"988",2010,"DEPUTADO ESTADUAL","PDT","RR",1
"989",2010,"DEPUTADO ESTADUAL","PDT","RS",7
"990",2010,"DEPUTADO ESTADUAL","PDT","SC",1
"991",2010,"DEPUTADO ESTADUAL","PDT","SE",2
"992",2010,"DEPUTADO ESTADUAL","PDT","SP",4
"993",2010,"DEPUTADO ESTADUAL","PHS","CE",1
"994",2010,"DEPUTADO ESTADUAL","PHS","MA",1
"995",2010,"DEPUTADO ESTADUAL","PHS","MG",2
"996",2010,"DEPUTADO ESTADUAL","PHS","PE",2
"997",2010,"DEPUTADO ESTADUAL","PHS","RN",1
"998",2010,"DEPUTADO ESTADUAL","PMDB","AC",2
"999",2010,"DEPUTADO ESTADUAL","PMDB","AL",3
"1000",2010,"DEPUTADO ESTADUAL","PMDB","AM",4
"1001",2010,"DEPUTADO ESTADUAL","PMDB","AP",2
"1002",2010,"DEPUTADO ESTADUAL","PMDB","BA",6
"1003",2010,"DEPUTADO ESTADUAL","PMDB","CE",3
"1004",2010,"DEPUTADO ESTADUAL","PMDB","ES",5
"1005",2010,"DEPUTADO ESTADUAL","PMDB","GO",8
"1006",2010,"DEPUTADO ESTADUAL","PMDB","MA",6
"1007",2010,"DEPUTADO ESTADUAL","PMDB","MG",8
"1008",2010,"DEPUTADO ESTADUAL","PMDB","MS",6
"1009",2010,"DEPUTADO ESTADUAL","PMDB","MT",5
"1010",2010,"DEPUTADO ESTADUAL","PMDB","PA",8
"1011",2010,"DEPUTADO ESTADUAL","PMDB","PB",9
"1012",2010,"DEPUTADO ESTADUAL","PMDB","PE",1
"1013",2010,"DEPUTADO ESTADUAL","PMDB","PI",5
"1014",2010,"DEPUTADO ESTADUAL","PMDB","PR",13
"1015",2010,"DEPUTADO ESTADUAL","PMDB","RJ",12
"1016",2010,"DEPUTADO ESTADUAL","PMDB","RN",6
"1017",2010,"DEPUTADO ESTADUAL","PMDB","RO",3
"1018",2010,"DEPUTADO ESTADUAL","PMDB","RR",1
"1019",2010,"DEPUTADO ESTADUAL","PMDB","RS",8
"1020",2010,"DEPUTADO ESTADUAL","PMDB","SC",10
"1021",2010,"DEPUTADO ESTADUAL","PMDB","SE",2
"1022",2010,"DEPUTADO ESTADUAL","PMDB","SP",5
"1023",2010,"DEPUTADO ESTADUAL","PMDB","TO",6
"1024",2010,"DEPUTADO ESTADUAL","PMN","AC",1
"1025",2010,"DEPUTADO ESTADUAL","PMN","AL",1
"1026",2010,"DEPUTADO ESTADUAL","PMN","AM",2
"1027",2010,"DEPUTADO ESTADUAL","PMN","CE",1
"1028",2010,"DEPUTADO ESTADUAL","PMN","GO",1
"1029",2010,"DEPUTADO ESTADUAL","PMN","MA",2
"1030",2010,"DEPUTADO ESTADUAL","PMN","MG",2
"1031",2010,"DEPUTADO ESTADUAL","PMN","PA",1
"1032",2010,"DEPUTADO ESTADUAL","PMN","PE",1
"1033",2010,"DEPUTADO ESTADUAL","PMN","PR",1
"1034",2010,"DEPUTADO ESTADUAL","PMN","RJ",2
"1035",2010,"DEPUTADO ESTADUAL","PMN","RN",4
"1036",2010,"DEPUTADO ESTADUAL","PMN","RO",1
"1037",2010,"DEPUTADO ESTADUAL","PMN","RR",1
"1038",2010,"DEPUTADO ESTADUAL","PP","AC",2
"1039",2010,"DEPUTADO ESTADUAL","PP","AM",3
"1040",2010,"DEPUTADO ESTADUAL","PP","AP",2
"1041",2010,"DEPUTADO ESTADUAL","PP","BA",6
"1042",2010,"DEPUTADO ESTADUAL","PP","GO",1
"1043",2010,"DEPUTADO ESTADUAL","PP","MA",2
"1044",2010,"DEPUTADO ESTADUAL","PP","MG",2
"1045",2010,"DEPUTADO ESTADUAL","PP","MS",1
"1046",2010,"DEPUTADO ESTADUAL","PP","MT",5
"1047",2010,"DEPUTADO ESTADUAL","PP","PA",1
"1048",2010,"DEPUTADO ESTADUAL","PP","PB",1
"1049",2010,"DEPUTADO ESTADUAL","PP","PI",1
"1050",2010,"DEPUTADO ESTADUAL","PP","PR",1
"1051",2010,"DEPUTADO ESTADUAL","PP","RJ",2
"1052",2010,"DEPUTADO ESTADUAL","PP","RO",2
"1053",2010,"DEPUTADO ESTADUAL","PP","RR",1
"1054",2010,"DEPUTADO ESTADUAL","PP","RS",7
"1055",2010,"DEPUTADO ESTADUAL","PP","SC",6
"1056",2010,"DEPUTADO ESTADUAL","PP","SE",1
"1057",2010,"DEPUTADO ESTADUAL","PP","SP",1
"1058",2010,"DEPUTADO ESTADUAL","PP","TO",1
"1059",2010,"DEPUTADO ESTADUAL","PPS","AL",2
"1060",2010,"DEPUTADO ESTADUAL","PPS","AM",1
"1061",2010,"DEPUTADO ESTADUAL","PPS","AP",2
"1062",2010,"DEPUTADO ESTADUAL","PPS","ES",1
"1063",2010,"DEPUTADO ESTADUAL","PPS","GO",1
"1064",2010,"DEPUTADO ESTADUAL","PPS","MA",1
"1065",2010,"DEPUTADO ESTADUAL","PPS","MG",3
"1066",2010,"DEPUTADO ESTADUAL","PPS","MS",1
"1067",2010,"DEPUTADO ESTADUAL","PPS","MT",1
"1068",2010,"DEPUTADO ESTADUAL","PPS","PA",1
"1069",2010,"DEPUTADO ESTADUAL","PPS","PB",2
"1070",2010,"DEPUTADO ESTADUAL","PPS","PI",1
"1071",2010,"DEPUTADO ESTADUAL","PPS","PR",3
"1072",2010,"DEPUTADO ESTADUAL","PPS","RJ",3
"1073",2010,"DEPUTADO ESTADUAL","PPS","RR",2
"1074",2010,"DEPUTADO ESTADUAL","PPS","RS",2
"1075",2010,"DEPUTADO ESTADUAL","PPS","SC",1
"1076",2010,"DEPUTADO ESTADUAL","PPS","SP",4
"1077",2010,"DEPUTADO ESTADUAL","PPS","TO",3
"1078",2010,"DEPUTADO ESTADUAL","PR","AC",1
"1079",2010,"DEPUTADO ESTADUAL","PR","AM",1
"1080",2010,"DEPUTADO ESTADUAL","PR","BA",4
"1081",2010,"DEPUTADO ESTADUAL","PR","CE",2
"1082",2010,"DEPUTADO ESTADUAL","PR","ES",4
"1083",2010,"DEPUTADO ESTADUAL","PR","GO",3
"1084",2010,"DEPUTADO ESTADUAL","PR","MA",2
"1085",2010,"DEPUTADO ESTADUAL","PR","MG",1
"1086",2010,"DEPUTADO ESTADUAL","PR","MS",3
"1087",2010,"DEPUTADO ESTADUAL","PR","MT",6
"1088",2010,"DEPUTADO ESTADUAL","PR","PA",4
"1089",2010,"DEPUTADO ESTADUAL","PR","PB",1
"1090",2010,"DEPUTADO ESTADUAL","PR","PE",3
"1091",2010,"DEPUTADO ESTADUAL","PR","RJ",9
"1092",2010,"DEPUTADO ESTADUAL","PR","RN",2
"1093",2010,"DEPUTADO ESTADUAL","PR","RO",1
"1094",2010,"DEPUTADO ESTADUAL","PR","RR",2
"1095",2010,"DEPUTADO ESTADUAL","PR","SP",1
"1096",2010,"DEPUTADO ESTADUAL","PR","TO",4
"1097",2010,"DEPUTADO ESTADUAL","PRB","AP",1
"1098",2010,"DEPUTADO ESTADUAL","PRB","BA",2
"1099",2010,"DEPUTADO ESTADUAL","PRB","CE",2
"1100",2010,"DEPUTADO ESTADUAL","PRB","GO",1
"1101",2010,"DEPUTADO ESTADUAL","PRB","MA",1
"1102",2010,"DEPUTADO ESTADUAL","PRB","MG",2
"1103",2010,"DEPUTADO ESTADUAL","PRB","PA",1
"1104",2010,"DEPUTADO ESTADUAL","PRB","PR",1
"1105",2010,"DEPUTADO ESTADUAL","PRB","RJ",2
"1106",2010,"DEPUTADO ESTADUAL","PRB","RR",1
"1107",2010,"DEPUTADO ESTADUAL","PRB","RS",1
"1108",2010,"DEPUTADO ESTADUAL","PRB","SP",2
"1109",2010,"DEPUTADO ESTADUAL","PRP","AC",2
"1110",2010,"DEPUTADO ESTADUAL","PRP","AM",1
"1111",2010,"DEPUTADO ESTADUAL","PRP","BA",2
"1112",2010,"DEPUTADO ESTADUAL","PRP","CE",1
"1113",2010,"DEPUTADO ESTADUAL","PRP","ES",2
"1114",2010,"DEPUTADO ESTADUAL","PRP","MG",1
"1115",2010,"DEPUTADO ESTADUAL","PRP","PE",1
"1116",2010,"DEPUTADO ESTADUAL","PRP","RJ",1
"1117",2010,"DEPUTADO ESTADUAL","PRP","RO",2
"1118",2010,"DEPUTADO ESTADUAL","PRTB","AL",2
"1119",2010,"DEPUTADO ESTADUAL","PRTB","AM",1
"1120",2010,"DEPUTADO ESTADUAL","PRTB","AP",1
"1121",2010,"DEPUTADO ESTADUAL","PRTB","GO",1
"1122",2010,"DEPUTADO ESTADUAL","PRTB","MG",2
"1123",2010,"DEPUTADO ESTADUAL","PRTB","RJ",1
"1124",2010,"DEPUTADO ESTADUAL","PRTB","RR",1
"1125",2010,"DEPUTADO ESTADUAL","PSB","AC",1
"1126",2010,"DEPUTADO ESTADUAL","PSB","AM",1
"1127",2010,"DEPUTADO ESTADUAL","PSB","AP",2
"1128",2010,"DEPUTADO ESTADUAL","PSB","BA",1
"1129",2010,"DEPUTADO ESTADUAL","PSB","CE",11
"1130",2010,"DEPUTADO ESTADUAL","PSB","ES",2
"1131",2010,"DEPUTADO ESTADUAL","PSB","MA",3
"1132",2010,"DEPUTADO ESTADUAL","PSB","MG",3
"1133",2010,"DEPUTADO ESTADUAL","PSB","MS",1
"1134",2010,"DEPUTADO ESTADUAL","PSB","MT",1
"1135",2010,"DEPUTADO ESTADUAL","PSB","PA",2
"1136",2010,"DEPUTADO ESTADUAL","PSB","PB",3
"1137",2010,"DEPUTADO ESTADUAL","PSB","PE",13
"1138",2010,"DEPUTADO ESTADUAL","PSB","PI",5
"1139",2010,"DEPUTADO ESTADUAL","PSB","PR",3
"1140",2010,"DEPUTADO ESTADUAL","PSB","RJ",3
"1141",2010,"DEPUTADO ESTADUAL","PSB","RN",4
"1142",2010,"DEPUTADO ESTADUAL","PSB","RO",1
"1143",2010,"DEPUTADO ESTADUAL","PSB","RR",2
"1144",2010,"DEPUTADO ESTADUAL","PSB","RS",3
"1145",2010,"DEPUTADO ESTADUAL","PSB","SE",2
"1146",2010,"DEPUTADO ESTADUAL","PSB","SP",3
"1147",2010,"DEPUTADO ESTADUAL","PSB","TO",1
"1148",2010,"DEPUTADO ESTADUAL","PSC","AC",1
"1149",2010,"DEPUTADO ESTADUAL","PSC","AL",1
"1150",2010,"DEPUTADO ESTADUAL","PSC","AM",1
"1151",2010,"DEPUTADO ESTADUAL","PSC","AP",1
"1152",2010,"DEPUTADO ESTADUAL","PSC","BA",5
"1153",2010,"DEPUTADO ESTADUAL","PSC","GO",1
"1154",2010,"DEPUTADO ESTADUAL","PSC","MA",1
"1155",2010,"DEPUTADO ESTADUAL","PSC","MG",2
"1156",2010,"DEPUTADO ESTADUAL","PSC","PA",1
"1157",2010,"DEPUTADO ESTADUAL","PSC","PB",3
"1158",2010,"DEPUTADO ESTADUAL","PSC","PE",1
"1159",2010,"DEPUTADO ESTADUAL","PSC","PR",3
"1160",2010,"DEPUTADO ESTADUAL","PSC","RJ",3
"1161",2010,"DEPUTADO ESTADUAL","PSC","RR",1
"1162",2010,"DEPUTADO ESTADUAL","PSC","SE",4
"1163",2010,"DEPUTADO ESTADUAL","PSC","SP",4
"1164",2010,"DEPUTADO ESTADUAL","PSDB","AC",2
"1165",2010,"DEPUTADO ESTADUAL","PSDB","AL",6
"1166",2010,"DEPUTADO ESTADUAL","PSDB","AM",1
"1167",2010,"DEPUTADO ESTADUAL","PSDB","AP",1
"1168",2010,"DEPUTADO ESTADUAL","PSDB","BA",2
"1169",2010,"DEPUTADO ESTADUAL","PSDB","CE",7
"1170",2010,"DEPUTADO ESTADUAL","PSDB","GO",8
"1171",2010,"DEPUTADO ESTADUAL","PSDB","MA",3
"1172",2010,"DEPUTADO ESTADUAL","PSDB","MG",13
"1173",2010,"DEPUTADO ESTADUAL","PSDB","MS",3
"1174",2010,"DEPUTADO ESTADUAL","PSDB","MT",1
"1175",2010,"DEPUTADO ESTADUAL","PSDB","PA",6
"1176",2010,"DEPUTADO ESTADUAL","PSDB","PB",3
"1177",2010,"DEPUTADO ESTADUAL","PSDB","PE",5
"1178",2010,"DEPUTADO ESTADUAL","PSDB","PI",3
"1179",2010,"DEPUTADO ESTADUAL","PSDB","PR",9
"1180",2010,"DEPUTADO ESTADUAL","PSDB","RJ",4
"1181",2010,"DEPUTADO ESTADUAL","PSDB","RN",1
"1182",2010,"DEPUTADO ESTADUAL","PSDB","RO",2
"1183",2010,"DEPUTADO ESTADUAL","PSDB","RR",2
"1184",2010,"DEPUTADO ESTADUAL","PSDB","RS",5
"1185",2010,"DEPUTADO ESTADUAL","PSDB","SC",6
"1186",2010,"DEPUTADO ESTADUAL","PSDB","SE",1
"1187",2010,"DEPUTADO ESTADUAL","PSDB","SP",22
"1188",2010,"DEPUTADO ESTADUAL","PSDB","TO",2
"1189",2010,"DEPUTADO ESTADUAL","PSDC","AC",2
"1190",2010,"DEPUTADO ESTADUAL","PSDC","AP",1
"1191",2010,"DEPUTADO ESTADUAL","PSDC","CE",1
"1192",2010,"DEPUTADO ESTADUAL","PSDC","RJ",1
"1193",2010,"DEPUTADO ESTADUAL","PSDC","RO",2
"1194",2010,"DEPUTADO ESTADUAL","PSDC","RR",1
"1195",2010,"DEPUTADO ESTADUAL","PSL","AM",1
"1196",2010,"DEPUTADO ESTADUAL","PSL","BA",2
"1197",2010,"DEPUTADO ESTADUAL","PSL","CE",1
"1198",2010,"DEPUTADO ESTADUAL","PSL","MA",1
"1199",2010,"DEPUTADO ESTADUAL","PSL","MG",3
"1200",2010,"DEPUTADO ESTADUAL","PSL","MS",1
"1201",2010,"DEPUTADO ESTADUAL","PSL","PB",2
"1202",2010,"DEPUTADO ESTADUAL","PSL","PR",1
"1203",2010,"DEPUTADO ESTADUAL","PSL","RJ",1
"1204",2010,"DEPUTADO ESTADUAL","PSL","RR",2
"1205",2010,"DEPUTADO ESTADUAL","PSL","SE",2
"1206",2010,"DEPUTADO ESTADUAL","PSOL","PA",1
"1207",2010,"DEPUTADO ESTADUAL","PSOL","RJ",2
"1208",2010,"DEPUTADO ESTADUAL","PSOL","SP",1
"1209",2010,"DEPUTADO ESTADUAL","PT","AC",4
"1210",2010,"DEPUTADO ESTADUAL","PT","AL",3
"1211",2010,"DEPUTADO ESTADUAL","PT","AM",2
"1212",2010,"DEPUTADO ESTADUAL","PT","BA",14
"1213",2010,"DEPUTADO ESTADUAL","PT","CE",5
"1214",2010,"DEPUTADO ESTADUAL","PT","ES",4
"1215",2010,"DEPUTADO ESTADUAL","PT","GO",4
"1216",2010,"DEPUTADO ESTADUAL","PT","MA",3
"1217",2010,"DEPUTADO ESTADUAL","PT","MG",11
"1218",2010,"DEPUTADO ESTADUAL","PT","MS",4
"1219",2010,"DEPUTADO ESTADUAL","PT","MT",1
"1220",2010,"DEPUTADO ESTADUAL","PT","PA",8
"1221",2010,"DEPUTADO ESTADUAL","PT","PB",3
"1222",2010,"DEPUTADO ESTADUAL","PT","PE",5
"1223",2010,"DEPUTADO ESTADUAL","PT","PI",5
"1224",2010,"DEPUTADO ESTADUAL","PT","PR",6
"1225",2010,"DEPUTADO ESTADUAL","PT","RJ",6
"1226",2010,"DEPUTADO ESTADUAL","PT","RN",1
"1227",2010,"DEPUTADO ESTADUAL","PT","RO",3
"1228",2010,"DEPUTADO ESTADUAL","PT","RS",14
"1229",2010,"DEPUTADO ESTADUAL","PT","SC",7
"1230",2010,"DEPUTADO ESTADUAL","PT","SE",4
"1231",2010,"DEPUTADO ESTADUAL","PT","SP",24
"1232",2010,"DEPUTADO ESTADUAL","PT","TO",3
"1233",2010,"DEPUTADO ESTADUAL","PT do B","AC",1
"1234",2010,"DEPUTADO ESTADUAL","PT do B","AL",2
"1235",2010,"DEPUTADO ESTADUAL","PT do B","AP",2
"1236",2010,"DEPUTADO ESTADUAL","PT do B","BA",2
"1237",2010,"DEPUTADO ESTADUAL","PT do B","CE",1
"1238",2010,"DEPUTADO ESTADUAL","PT do B","GO",1
"1239",2010,"DEPUTADO ESTADUAL","PT do B","MA",1
"1240",2010,"DEPUTADO ESTADUAL","PT do B","MG",1
"1241",2010,"DEPUTADO ESTADUAL","PT do B","MS",2
"1242",2010,"DEPUTADO ESTADUAL","PT do B","RJ",1
"1243",2010,"DEPUTADO ESTADUAL","PT do B","RO",1
"1244",2010,"DEPUTADO ESTADUAL","PT do B","SE",1
"1245",2010,"DEPUTADO ESTADUAL","PTB","AL",2
"1246",2010,"DEPUTADO ESTADUAL","PTB","AM",1
"1247",2010,"DEPUTADO ESTADUAL","PTB","AP",2
"1248",2010,"DEPUTADO ESTADUAL","PTB","CE",1
"1249",2010,"DEPUTADO ESTADUAL","PTB","ES",1
"1250",2010,"DEPUTADO ESTADUAL","PTB","GO",4
"1251",2010,"DEPUTADO ESTADUAL","PTB","MA",1
"1252",2010,"DEPUTADO ESTADUAL","PTB","MG",4
"1253",2010,"DEPUTADO ESTADUAL","PTB","MT",1
"1254",2010,"DEPUTADO ESTADUAL","PTB","PA",3
"1255",2010,"DEPUTADO ESTADUAL","PTB","PB",1
"1256",2010,"DEPUTADO ESTADUAL","PTB","PE",7
"1257",2010,"DEPUTADO ESTADUAL","PTB","PI",4
"1258",2010,"DEPUTADO ESTADUAL","PTB","PR",1
"1259",2010,"DEPUTADO ESTADUAL","PTB","RJ",1
"1260",2010,"DEPUTADO ESTADUAL","PTB","RN",1
"1261",2010,"DEPUTADO ESTADUAL","PTB","RO",1
"1262",2010,"DEPUTADO ESTADUAL","PTB","RS",6
"1263",2010,"DEPUTADO ESTADUAL","PTB","SC",1
"1264",2010,"DEPUTADO ESTADUAL","PTB","SP",4
"1265",2010,"DEPUTADO ESTADUAL","PTB","TO",1
"1266",2010,"DEPUTADO ESTADUAL","PTC","MG",1
"1267",2010,"DEPUTADO ESTADUAL","PTC","PE",3
"1268",2010,"DEPUTADO ESTADUAL","PTC","PI",1
"1269",2010,"DEPUTADO ESTADUAL","PTC","RR",1
"1270",2010,"DEPUTADO ESTADUAL","PTC","SE",1
"1271",2010,"DEPUTADO ESTADUAL","PTN","AM",2
"1272",2010,"DEPUTADO ESTADUAL","PTN","BA",3
"1273",2010,"DEPUTADO ESTADUAL","PTN","CE",1
"1274",2010,"DEPUTADO ESTADUAL","PTN","GO",2
"1275",2010,"DEPUTADO ESTADUAL","PTN","PB",2
"1276",2010,"DEPUTADO ESTADUAL","PTN","RJ",1
"1277",2010,"DEPUTADO ESTADUAL","PTN","RO",2
"1278",2010,"DEPUTADO ESTADUAL","PV","AP",1
"1279",2010,"DEPUTADO ESTADUAL","PV","BA",1
"1280",2010,"DEPUTADO ESTADUAL","PV","CE",2
"1281",2010,"DEPUTADO ESTADUAL","PV","ES",2
"1282",2010,"DEPUTADO ESTADUAL","PV","MA",5
"1283",2010,"DEPUTADO ESTADUAL","PV","MG",6
"1284",2010,"DEPUTADO ESTADUAL","PV","PA",1
"1285",2010,"DEPUTADO ESTADUAL","PV","PE",1
"1286",2010,"DEPUTADO ESTADUAL","PV","PR",2
"1287",2010,"DEPUTADO ESTADUAL","PV","RJ",2
"1288",2010,"DEPUTADO ESTADUAL","PV","RN",1
"1289",2010,"DEPUTADO ESTADUAL","PV","RO",1
"1290",2010,"DEPUTADO ESTADUAL","PV","RR",1
"1291",2010,"DEPUTADO ESTADUAL","PV","SE",1
"1292",2010,"DEPUTADO ESTADUAL","PV","SP",9
"1293",2010,"DEPUTADO ESTADUAL","PV","TO",1
"1294",2014,"DEPUTADO DISTRITAL","PDT","DF",3
"1295",2014,"DEPUTADO DISTRITAL","PEN","DF",1
"1296",2014,"DEPUTADO DISTRITAL","PHS","DF",1
"1297",2014,"DEPUTADO DISTRITAL","PMDB","DF",3
"1298",2014,"DEPUTADO DISTRITAL","PP","DF",1
"1299",2014,"DEPUTADO DISTRITAL","PPL","DF",1
"1300",2014,"DEPUTADO DISTRITAL","PR","DF",1
"1301",2014,"DEPUTADO DISTRITAL","PRB","DF",1
"1302",2014,"DEPUTADO DISTRITAL","PRTB","DF",2
"1303",2014,"DEPUTADO DISTRITAL","PSDB","DF",1
"1304",2014,"DEPUTADO DISTRITAL","PT","DF",4
"1305",2014,"DEPUTADO DISTRITAL","PTB","DF",1
"1306",2014,"DEPUTADO DISTRITAL","PTC","DF",1
"1307",2014,"DEPUTADO DISTRITAL","PTN","DF",1
"1308",2014,"DEPUTADO DISTRITAL","PV","DF",1
"1309",2014,"DEPUTADO DISTRITAL","SD","DF",1
"1310",2014,"DEPUTADO ESTADUAL","DEM","AC",1
"1311",2014,"DEPUTADO ESTADUAL","DEM","AL",2
"1312",2014,"DEPUTADO ESTADUAL","DEM","AM",1
"1313",2014,"DEPUTADO ESTADUAL","DEM","AP",1
"1314",2014,"DEPUTADO ESTADUAL","DEM","BA",6
"1315",2014,"DEPUTADO ESTADUAL","DEM","CE",1
"1316",2014,"DEPUTADO ESTADUAL","DEM","ES",2
"1317",2014,"DEPUTADO ESTADUAL","DEM","GO",1
"1318",2014,"DEPUTADO ESTADUAL","DEM","MA",2
"1319",2014,"DEPUTADO ESTADUAL","DEM","MG",2
"1320",2014,"DEPUTADO ESTADUAL","DEM","MS",1
"1321",2014,"DEPUTADO ESTADUAL","DEM","MT",1
"1322",2014,"DEPUTADO ESTADUAL","DEM","PA",2
"1323",2014,"DEPUTADO ESTADUAL","DEM","PB",2
"1324",2014,"DEPUTADO ESTADUAL","DEM","PE",1
"1325",2014,"DEPUTADO ESTADUAL","DEM","PR",4
"1326",2014,"DEPUTADO ESTADUAL","DEM","RN",2
"1327",2014,"DEPUTADO ESTADUAL","DEM","RO",1
"1328",2014,"DEPUTADO ESTADUAL","DEM","SC",1
"1329",2014,"DEPUTADO ESTADUAL","DEM","SE",2
"1330",2014,"DEPUTADO ESTADUAL","DEM","SP",8
"1331",2014,"DEPUTADO ESTADUAL","DEM","TO",1
"1332",2014,"DEPUTADO ESTADUAL","PC do B","AC",1
"1333",2014,"DEPUTADO ESTADUAL","PC do B","AM",1
"1334",2014,"DEPUTADO ESTADUAL","PC do B","BA",3
"1335",2014,"DEPUTADO ESTADUAL","PC do B","CE",2
"1336",2014,"DEPUTADO ESTADUAL","PC do B","GO",1
"1337",2014,"DEPUTADO ESTADUAL","PC do B","MA",3
"1338",2014,"DEPUTADO ESTADUAL","PC do B","MG",3
"1339",2014,"DEPUTADO ESTADUAL","PC do B","PA",1
"1340",2014,"DEPUTADO ESTADUAL","PC do B","PB",1
"1341",2014,"DEPUTADO ESTADUAL","PC do B","RJ",1
"1342",2014,"DEPUTADO ESTADUAL","PC do B","RN",1
"1343",2014,"DEPUTADO ESTADUAL","PC do B","RR",1
"1344",2014,"DEPUTADO ESTADUAL","PC do B","RS",2
"1345",2014,"DEPUTADO ESTADUAL","PC do B","SC",1
"1346",2014,"DEPUTADO ESTADUAL","PC do B","SE",1
"1347",2014,"DEPUTADO ESTADUAL","PC do B","SP",2
"1348",2014,"DEPUTADO ESTADUAL","PDT","AC",2
"1349",2014,"DEPUTADO ESTADUAL","PDT","AL",2
"1350",2014,"DEPUTADO ESTADUAL","PDT","AM",1
"1351",2014,"DEPUTADO ESTADUAL","PDT","AP",2
"1352",2014,"DEPUTADO ESTADUAL","PDT","BA",5
"1353",2014,"DEPUTADO ESTADUAL","PDT","CE",3
"1354",2014,"DEPUTADO ESTADUAL","PDT","ES",2
"1355",2014,"DEPUTADO ESTADUAL","PDT","GO",1
"1356",2014,"DEPUTADO ESTADUAL","PDT","MA",3
"1357",2014,"DEPUTADO ESTADUAL","PDT","MG",4
"1358",2014,"DEPUTADO ESTADUAL","PDT","MS",3
"1359",2014,"DEPUTADO ESTADUAL","PDT","MT",2
"1360",2014,"DEPUTADO ESTADUAL","PDT","PA",1
"1361",2014,"DEPUTADO ESTADUAL","PDT","PE",2
"1362",2014,"DEPUTADO ESTADUAL","PDT","PI",2
"1363",2014,"DEPUTADO ESTADUAL","PDT","PR",4
"1364",2014,"DEPUTADO ESTADUAL","PDT","RJ",3
"1365",2014,"DEPUTADO ESTADUAL","PDT","RN",1
"1366",2014,"DEPUTADO ESTADUAL","PDT","RO",2
"1367",2014,"DEPUTADO ESTADUAL","PDT","RR",1
"1368",2014,"DEPUTADO ESTADUAL","PDT","RS",8
"1369",2014,"DEPUTADO ESTADUAL","PDT","SC",1
"1370",2014,"DEPUTADO ESTADUAL","PDT","SE",1
"1371",2014,"DEPUTADO ESTADUAL","PDT","SP",1
"1372",2014,"DEPUTADO ESTADUAL","PEN","CE",1
"1373",2014,"DEPUTADO ESTADUAL","PEN","ES",1
"1374",2014,"DEPUTADO ESTADUAL","PEN","MA",1
"1375",2014,"DEPUTADO ESTADUAL","PEN","MG",1
"1376",2014,"DEPUTADO ESTADUAL","PEN","MS",1
"1377",2014,"DEPUTADO ESTADUAL","PEN","PA",1
"1378",2014,"DEPUTADO ESTADUAL","PEN","PB",4
"1379",2014,"DEPUTADO ESTADUAL","PEN","RO",1
"1380",2014,"DEPUTADO ESTADUAL","PEN","RR",1
"1381",2014,"DEPUTADO ESTADUAL","PEN","SP",2
"1382",2014,"DEPUTADO ESTADUAL","PHS","AP",1
"1383",2014,"DEPUTADO ESTADUAL","PHS","CE",1
"1384",2014,"DEPUTADO ESTADUAL","PHS","GO",2
"1385",2014,"DEPUTADO ESTADUAL","PHS","MA",1
"1386",2014,"DEPUTADO ESTADUAL","PHS","MG",1
"1387",2014,"DEPUTADO ESTADUAL","PHS","PE",1
"1388",2014,"DEPUTADO ESTADUAL","PHS","RJ",1
"1389",2014,"DEPUTADO ESTADUAL","PHS","RN",1
"1390",2014,"DEPUTADO ESTADUAL","PHS","SP",1
"1391",2014,"DEPUTADO ESTADUAL","PMDB","AC",2
"1392",2014,"DEPUTADO ESTADUAL","PMDB","AL",3
"1393",2014,"DEPUTADO ESTADUAL","PMDB","AM",3
"1394",2014,"DEPUTADO ESTADUAL","PMDB","AP",2
"1395",2014,"DEPUTADO ESTADUAL","PMDB","BA",6
"1396",2014,"DEPUTADO ESTADUAL","PMDB","CE",6
"1397",2014,"DEPUTADO ESTADUAL","PMDB","ES",4
"1398",2014,"DEPUTADO ESTADUAL","PMDB","GO",5
"1399",2014,"DEPUTADO ESTADUAL","PMDB","MA",4
"1400",2014,"DEPUTADO ESTADUAL","PMDB","MG",10
"1401",2014,"DEPUTADO ESTADUAL","PMDB","MS",6
"1402",2014,"DEPUTADO ESTADUAL","PMDB","MT",3
"1403",2014,"DEPUTADO ESTADUAL","PMDB","PA",8
"1404",2014,"DEPUTADO ESTADUAL","PMDB","PB",4
"1405",2014,"DEPUTADO ESTADUAL","PMDB","PE",3
"1406",2014,"DEPUTADO ESTADUAL","PMDB","PI",6
"1407",2014,"DEPUTADO ESTADUAL","PMDB","PR",8
"1408",2014,"DEPUTADO ESTADUAL","PMDB","RJ",15
"1409",2014,"DEPUTADO ESTADUAL","PMDB","RN",5
"1410",2014,"DEPUTADO ESTADUAL","PMDB","RO",3
"1411",2014,"DEPUTADO ESTADUAL","PMDB","RR",3
"1412",2014,"DEPUTADO ESTADUAL","PMDB","RS",8
"1413",2014,"DEPUTADO ESTADUAL","PMDB","SC",10
"1414",2014,"DEPUTADO ESTADUAL","PMDB","SE",4
"1415",2014,"DEPUTADO ESTADUAL","PMDB","SP",5
"1416",2014,"DEPUTADO ESTADUAL","PMDB","TO",3
"1417",2014,"DEPUTADO ESTADUAL","PMN","AL",1
"1418",2014,"DEPUTADO ESTADUAL","PMN","ES",1
"1419",2014,"DEPUTADO ESTADUAL","PMN","GO",1
"1420",2014,"DEPUTADO ESTADUAL","PMN","MA",1
"1421",2014,"DEPUTADO ESTADUAL","PMN","MG",1
"1422",2014,"DEPUTADO ESTADUAL","PMN","PR",1
"1423",2014,"DEPUTADO ESTADUAL","PMN","RJ",1
"1424",2014,"DEPUTADO ESTADUAL","PMN","RN",1
"1425",2014,"DEPUTADO ESTADUAL","PP","AC",2
"1426",2014,"DEPUTADO ESTADUAL","PP","AM",1
"1427",2014,"DEPUTADO ESTADUAL","PP","BA",5
"1428",2014,"DEPUTADO ESTADUAL","PP","CE",2
"1429",2014,"DEPUTADO ESTADUAL","PP","ES",2
"1430",2014,"DEPUTADO ESTADUAL","PP","MA",1
"1431",2014,"DEPUTADO ESTADUAL","PP","MG",3
"1432",2014,"DEPUTADO ESTADUAL","PP","PA",1
"1433",2014,"DEPUTADO ESTADUAL","PP","PB",2
"1434",2014,"DEPUTADO ESTADUAL","PP","PE",4
"1435",2014,"DEPUTADO ESTADUAL","PP","PI",1
"1436",2014,"DEPUTADO ESTADUAL","PP","PR",2
"1437",2014,"DEPUTADO ESTADUAL","PP","RJ",4
"1438",2014,"DEPUTADO ESTADUAL","PP","RO",3
"1439",2014,"DEPUTADO ESTADUAL","PP","RR",1
"1440",2014,"DEPUTADO ESTADUAL","PP","RS",7
"1441",2014,"DEPUTADO ESTADUAL","PP","SC",4
"1442",2014,"DEPUTADO ESTADUAL","PP","SE",2
"1443",2014,"DEPUTADO ESTADUAL","PP","SP",2
"1444",2014,"DEPUTADO ESTADUAL","PP","TO",1
"1445",2014,"DEPUTADO ESTADUAL","PPL","PA",1
"1446",2014,"DEPUTADO ESTADUAL","PPL","PR",1
"1447",2014,"DEPUTADO ESTADUAL","PPL","RS",1
"1448",2014,"DEPUTADO ESTADUAL","PPS","AL",2
"1449",2014,"DEPUTADO ESTADUAL","PPS","AM",1
"1450",2014,"DEPUTADO ESTADUAL","PPS","CE",1
"1451",2014,"DEPUTADO ESTADUAL","PPS","ES",2
"1452",2014,"DEPUTADO ESTADUAL","PPS","MA",1
"1453",2014,"DEPUTADO ESTADUAL","PPS","MG",3
"1454",2014,"DEPUTADO ESTADUAL","PPS","PA",1
"1455",2014,"DEPUTADO ESTADUAL","PPS","PR",2
"1456",2014,"DEPUTADO ESTADUAL","PPS","RJ",2
"1457",2014,"DEPUTADO ESTADUAL","PPS","RR",1
"1458",2014,"DEPUTADO ESTADUAL","PPS","RS",1
"1459",2014,"DEPUTADO ESTADUAL","PPS","SC",1
"1460",2014,"DEPUTADO ESTADUAL","PPS","SP",3
"1461",2014,"DEPUTADO ESTADUAL","PPS","TO",1
"1462",2014,"DEPUTADO ESTADUAL","PR","AC",1
"1463",2014,"DEPUTADO ESTADUAL","PR","AM",2
"1464",2014,"DEPUTADO ESTADUAL","PR","BA",1
"1465",2014,"DEPUTADO ESTADUAL","PR","CE",2
"1466",2014,"DEPUTADO ESTADUAL","PR","ES",1
"1467",2014,"DEPUTADO ESTADUAL","PR","GO",2
"1468",2014,"DEPUTADO ESTADUAL","PR","MA",2
"1469",2014,"DEPUTADO ESTADUAL","PR","MG",3
"1470",2014,"DEPUTADO ESTADUAL","PR","MS",2
"1471",2014,"DEPUTADO ESTADUAL","PR","MT",5
"1472",2014,"DEPUTADO ESTADUAL","PR","PA",2
"1473",2014,"DEPUTADO ESTADUAL","PR","PB",1
"1474",2014,"DEPUTADO ESTADUAL","PR","PE",3
"1475",2014,"DEPUTADO ESTADUAL","PR","PI",1
"1476",2014,"DEPUTADO ESTADUAL","PR","RJ",8
"1477",2014,"DEPUTADO ESTADUAL","PR","RN",1
"1478",2014,"DEPUTADO ESTADUAL","PR","RS",1
"1479",2014,"DEPUTADO ESTADUAL","PR","SC",2
"1480",2014,"DEPUTADO ESTADUAL","PR","SP",3
"1481",2014,"DEPUTADO ESTADUAL","PR","TO",2
"1482",2014,"DEPUTADO ESTADUAL","PRB","AC",1
"1483",2014,"DEPUTADO ESTADUAL","PRB","AL",1
"1484",2014,"DEPUTADO ESTADUAL","PRB","AM",1
"1485",2014,"DEPUTADO ESTADUAL","PRB","AP",4
"1486",2014,"DEPUTADO ESTADUAL","PRB","BA",2
"1487",2014,"DEPUTADO ESTADUAL","PRB","CE",1
"1488",2014,"DEPUTADO ESTADUAL","PRB","GO",1
"1489",2014,"DEPUTADO ESTADUAL","PRB","MA",3
"1490",2014,"DEPUTADO ESTADUAL","PRB","MG",2
"1491",2014,"DEPUTADO ESTADUAL","PRB","PA",1
"1492",2014,"DEPUTADO ESTADUAL","PRB","PB",1
"1493",2014,"DEPUTADO ESTADUAL","PRB","PE",1
"1494",2014,"DEPUTADO ESTADUAL","PRB","PI",1
"1495",2014,"DEPUTADO ESTADUAL","PRB","PR",1
"1496",2014,"DEPUTADO ESTADUAL","PRB","RJ",2
"1497",2014,"DEPUTADO ESTADUAL","PRB","RR",3
"1498",2014,"DEPUTADO ESTADUAL","PRB","RS",1
"1499",2014,"DEPUTADO ESTADUAL","PRB","SE",1
"1500",2014,"DEPUTADO ESTADUAL","PRB","SP",4
"1501",2014,"DEPUTADO ESTADUAL","PROS","AC",1
"1502",2014,"DEPUTADO ESTADUAL","PROS","AL",2
"1503",2014,"DEPUTADO ESTADUAL","PROS","AM",1
"1504",2014,"DEPUTADO ESTADUAL","PROS","AP",2
"1505",2014,"DEPUTADO ESTADUAL","PROS","BA",1
"1506",2014,"DEPUTADO ESTADUAL","PROS","CE",12
"1507",2014,"DEPUTADO ESTADUAL","PROS","GO",1
"1508",2014,"DEPUTADO ESTADUAL","PROS","MG",1
"1509",2014,"DEPUTADO ESTADUAL","PROS","PA",2
"1510",2014,"DEPUTADO ESTADUAL","PROS","PE",1
"1511",2014,"DEPUTADO ESTADUAL","PROS","RN",4
"1512",2014,"DEPUTADO ESTADUAL","PROS","RR",1
"1513",2014,"DEPUTADO ESTADUAL","PROS","TO",1
"1514",2014,"DEPUTADO ESTADUAL","PRP","AC",1
"1515",2014,"DEPUTADO ESTADUAL","PRP","BA",2
"1516",2014,"DEPUTADO ESTADUAL","PRP","CE",1
"1517",2014,"DEPUTADO ESTADUAL","PRP","ES",3
"1518",2014,"DEPUTADO ESTADUAL","PRP","GO",1
"1519",2014,"DEPUTADO ESTADUAL","PRP","PE",1
"1520",2014,"DEPUTADO ESTADUAL","PRP","RO",1
"1521",2014,"DEPUTADO ESTADUAL","PRP","RR",2
"1522",2014,"DEPUTADO ESTADUAL","PRTB","AL",3
"1523",2014,"DEPUTADO ESTADUAL","PRTB","ES",1
"1524",2014,"DEPUTADO ESTADUAL","PRTB","GO",1
"1525",2014,"DEPUTADO ESTADUAL","PRTB","MA",1
"1526",2014,"DEPUTADO ESTADUAL","PRTB","RR",1
"1527",2014,"DEPUTADO ESTADUAL","PRTB","TO",1
"1528",2014,"DEPUTADO ESTADUAL","PSB","AC",1
"1529",2014,"DEPUTADO ESTADUAL","PSB","AL",2
"1530",2014,"DEPUTADO ESTADUAL","PSB","AM",1
"1531",2014,"DEPUTADO ESTADUAL","PSB","AP",2
"1532",2014,"DEPUTADO ESTADUAL","PSB","BA",2
"1533",2014,"DEPUTADO ESTADUAL","PSB","ES",2
"1534",2014,"DEPUTADO ESTADUAL","PSB","MA",1
"1535",2014,"DEPUTADO ESTADUAL","PSB","MG",3
"1536",2014,"DEPUTADO ESTADUAL","PSB","MS",1
"1537",2014,"DEPUTADO ESTADUAL","PSB","MT",3
"1538",2014,"DEPUTADO ESTADUAL","PSB","PA",2
"1539",2014,"DEPUTADO ESTADUAL","PSB","PB",5
"1540",2014,"DEPUTADO ESTADUAL","PSB","PE",15
"1541",2014,"DEPUTADO ESTADUAL","PSB","PI",3
"1542",2014,"DEPUTADO ESTADUAL","PSB","PR",2
"1543",2014,"DEPUTADO ESTADUAL","PSB","RJ",1
"1544",2014,"DEPUTADO ESTADUAL","PSB","RN",2
"1545",2014,"DEPUTADO ESTADUAL","PSB","RO",1
"1546",2014,"DEPUTADO ESTADUAL","PSB","RR",1
"1547",2014,"DEPUTADO ESTADUAL","PSB","RS",3
"1548",2014,"DEPUTADO ESTADUAL","PSB","SC",2
"1549",2014,"DEPUTADO ESTADUAL","PSB","SE",1
"1550",2014,"DEPUTADO ESTADUAL","PSB","SP",6
"1551",2014,"DEPUTADO ESTADUAL","PSB","TO",1
"1552",2014,"DEPUTADO ESTADUAL","PSC","AL",1
"1553",2014,"DEPUTADO ESTADUAL","PSC","AM",1
"1554",2014,"DEPUTADO ESTADUAL","PSC","AP",2
"1555",2014,"DEPUTADO ESTADUAL","PSC","BA",2
"1556",2014,"DEPUTADO ESTADUAL","PSC","CE",1
"1557",2014,"DEPUTADO ESTADUAL","PSC","GO",1
"1558",2014,"DEPUTADO ESTADUAL","PSC","MA",2
"1559",2014,"DEPUTADO ESTADUAL","PSC","MG",2
"1560",2014,"DEPUTADO ESTADUAL","PSC","PA",2
"1561",2014,"DEPUTADO ESTADUAL","PSC","PB",2
"1562",2014,"DEPUTADO ESTADUAL","PSC","PR",12
"1563",2014,"DEPUTADO ESTADUAL","PSC","RJ",1
"1564",2014,"DEPUTADO ESTADUAL","PSC","RR",1
"1565",2014,"DEPUTADO ESTADUAL","PSC","SE",2
"1566",2014,"DEPUTADO ESTADUAL","PSC","SP",3
"1567",2014,"DEPUTADO ESTADUAL","PSD","AC",1
"1568",2014,"DEPUTADO ESTADUAL","PSD","AL",2
"1569",2014,"DEPUTADO ESTADUAL","PSD","AM",3
"1570",2014,"DEPUTADO ESTADUAL","PSD","BA",8
"1571",2014,"DEPUTADO ESTADUAL","PSD","CE",2
"1572",2014,"DEPUTADO ESTADUAL","PSD","ES",1
"1573",2014,"DEPUTADO ESTADUAL","PSD","GO",5
"1574",2014,"DEPUTADO ESTADUAL","PSD","MG",4
"1575",2014,"DEPUTADO ESTADUAL","PSD","MT",4
"1576",2014,"DEPUTADO ESTADUAL","PSD","PA",3
"1577",2014,"DEPUTADO ESTADUAL","PSD","PB",2
"1578",2014,"DEPUTADO ESTADUAL","PSD","PE",2
"1579",2014,"DEPUTADO ESTADUAL","PSD","PI",3
"1580",2014,"DEPUTADO ESTADUAL","PSD","PR",3
"1581",2014,"DEPUTADO ESTADUAL","PSD","RJ",7
"1582",2014,"DEPUTADO ESTADUAL","PSD","RN",3
"1583",2014,"DEPUTADO ESTADUAL","PSD","RO",1
"1584",2014,"DEPUTADO ESTADUAL","PSD","RS",1
"1585",2014,"DEPUTADO ESTADUAL","PSD","SC",9
"1586",2014,"DEPUTADO ESTADUAL","PSD","SE",3
"1587",2014,"DEPUTADO ESTADUAL","PSD","SP",4
"1588",2014,"DEPUTADO ESTADUAL","PSD","TO",2
"1589",2014,"DEPUTADO ESTADUAL","PSDB","AC",1
"1590",2014,"DEPUTADO ESTADUAL","PSDB","AL",4
"1591",2014,"DEPUTADO ESTADUAL","PSDB","AM",2
"1592",2014,"DEPUTADO ESTADUAL","PSDB","AP",2
"1593",2014,"DEPUTADO ESTADUAL","PSDB","BA",3
"1594",2014,"DEPUTADO ESTADUAL","PSDB","CE",1
"1595",2014,"DEPUTADO ESTADUAL","PSDB","ES",2
"1596",2014,"DEPUTADO ESTADUAL","PSDB","GO",7
"1597",2014,"DEPUTADO ESTADUAL","PSDB","MA",2
"1598",2014,"DEPUTADO ESTADUAL","PSDB","MG",9
"1599",2014,"DEPUTADO ESTADUAL","PSDB","MS",4
"1600",2014,"DEPUTADO ESTADUAL","PSDB","MT",3
"1601",2014,"DEPUTADO ESTADUAL","PSDB","PA",6
"1602",2014,"DEPUTADO ESTADUAL","PSDB","PB",4
"1603",2014,"DEPUTADO ESTADUAL","PSDB","PE",1
"1604",2014,"DEPUTADO ESTADUAL","PSDB","PI",3
"1605",2014,"DEPUTADO ESTADUAL","PSDB","PR",7
"1606",2014,"DEPUTADO ESTADUAL","PSDB","RJ",2
"1607",2014,"DEPUTADO ESTADUAL","PSDB","RO",1
"1608",2014,"DEPUTADO ESTADUAL","PSDB","RR",1
"1609",2014,"DEPUTADO ESTADUAL","PSDB","RS",4
"1610",2014,"DEPUTADO ESTADUAL","PSDB","SC",4
"1611",2014,"DEPUTADO ESTADUAL","PSDB","SP",22
"1612",2014,"DEPUTADO ESTADUAL","PSDB","TO",1
"1613",2014,"DEPUTADO ESTADUAL","PSDC","AC",1
"1614",2014,"DEPUTADO ESTADUAL","PSDC","AP",1
"1615",2014,"DEPUTADO ESTADUAL","PSDC","CE",1
"1616",2014,"DEPUTADO ESTADUAL","PSDC","MA",1
"1617",2014,"DEPUTADO ESTADUAL","PSDC","RJ",1
"1618",2014,"DEPUTADO ESTADUAL","PSDC","RO",2
"1619",2014,"DEPUTADO ESTADUAL","PSDC","RR",2
"1620",2014,"DEPUTADO ESTADUAL","PSL","BA",1
"1621",2014,"DEPUTADO ESTADUAL","PSL","CE",1
"1622",2014,"DEPUTADO ESTADUAL","PSL","GO",1
"1623",2014,"DEPUTADO ESTADUAL","PSL","MA",2
"1624",2014,"DEPUTADO ESTADUAL","PSL","PB",2
"1625",2014,"DEPUTADO ESTADUAL","PSL","PE",1
"1626",2014,"DEPUTADO ESTADUAL","PSL","PR",1
"1627",2014,"DEPUTADO ESTADUAL","PSL","RJ",2
"1628",2014,"DEPUTADO ESTADUAL","PSL","RR",2
"1629",2014,"DEPUTADO ESTADUAL","PSL","SE",1
"1630",2014,"DEPUTADO ESTADUAL","PSL","SP",1
"1631",2014,"DEPUTADO ESTADUAL","PSL","TO",1
"1632",2014,"DEPUTADO ESTADUAL","PSOL","AP",2
"1633",2014,"DEPUTADO ESTADUAL","PSOL","CE",1
"1634",2014,"DEPUTADO ESTADUAL","PSOL","PE",1
"1635",2014,"DEPUTADO ESTADUAL","PSOL","RJ",5
"1636",2014,"DEPUTADO ESTADUAL","PSOL","RS",1
"1637",2014,"DEPUTADO ESTADUAL","PSOL","SP",2
"1638",2014,"DEPUTADO ESTADUAL","PT","AC",5
"1639",2014,"DEPUTADO ESTADUAL","PT","AL",2
"1640",2014,"DEPUTADO ESTADUAL","PT","AM",2
"1641",2014,"DEPUTADO ESTADUAL","PT","BA",11
"1642",2014,"DEPUTADO ESTADUAL","PT","CE",2
"1643",2014,"DEPUTADO ESTADUAL","PT","ES",3
"1644",2014,"DEPUTADO ESTADUAL","PT","GO",4
"1645",2014,"DEPUTADO ESTADUAL","PT","MA",2
"1646",2014,"DEPUTADO ESTADUAL","PT","MG",10
"1647",2014,"DEPUTADO ESTADUAL","PT","MS",4
"1648",2014,"DEPUTADO ESTADUAL","PT","MT",1
"1649",2014,"DEPUTADO ESTADUAL","PT","PA",3
"1650",2014,"DEPUTADO ESTADUAL","PT","PB",2
"1651",2014,"DEPUTADO ESTADUAL","PT","PE",3
"1652",2014,"DEPUTADO ESTADUAL","PT","PI",3
"1653",2014,"DEPUTADO ESTADUAL","PT","PR",3
"1654",2014,"DEPUTADO ESTADUAL","PT","RJ",6
"1655",2014,"DEPUTADO ESTADUAL","PT","RN",1
"1656",2014,"DEPUTADO ESTADUAL","PT","RO",2
"1657",2014,"DEPUTADO ESTADUAL","PT","RR",1
"1658",2014,"DEPUTADO ESTADUAL","PT","RS",11
"1659",2014,"DEPUTADO ESTADUAL","PT","SC",5
"1660",2014,"DEPUTADO ESTADUAL","PT","SE",2
"1661",2014,"DEPUTADO ESTADUAL","PT","SP",15
"1662",2014,"DEPUTADO ESTADUAL","PT","TO",3
"1663",2014,"DEPUTADO ESTADUAL","PT do B","AP",1
"1664",2014,"DEPUTADO ESTADUAL","PT do B","MA",1
"1665",2014,"DEPUTADO ESTADUAL","PT do B","MG",3
"1666",2014,"DEPUTADO ESTADUAL","PT do B","MS",2
"1667",2014,"DEPUTADO ESTADUAL","PT do B","PB",2
"1668",2014,"DEPUTADO ESTADUAL","PT do B","RJ",1
"1669",2014,"DEPUTADO ESTADUAL","PT do B","RN",1
"1670",2014,"DEPUTADO ESTADUAL","PT do B","RO",2
"1671",2014,"DEPUTADO ESTADUAL","PT do B","SE",1
"1672",2014,"DEPUTADO ESTADUAL","PTB","AP",2
"1673",2014,"DEPUTADO ESTADUAL","PTB","GO",5
"1674",2014,"DEPUTADO ESTADUAL","PTB","MG",4
"1675",2014,"DEPUTADO ESTADUAL","PTB","PA",2
"1676",2014,"DEPUTADO ESTADUAL","PTB","PB",1
"1677",2014,"DEPUTADO ESTADUAL","PTB","PE",6
"1678",2014,"DEPUTADO ESTADUAL","PTB","PI",5
"1679",2014,"DEPUTADO ESTADUAL","PTB","PR",1
"1680",2014,"DEPUTADO ESTADUAL","PTB","RJ",2
"1681",2014,"DEPUTADO ESTADUAL","PTB","RO",1
"1682",2014,"DEPUTADO ESTADUAL","PTB","RS",5
"1683",2014,"DEPUTADO ESTADUAL","PTB","SP",2
"1684",2014,"DEPUTADO ESTADUAL","PTB","TO",2
"1685",2014,"DEPUTADO ESTADUAL","PTC","ES",1
"1686",2014,"DEPUTADO ESTADUAL","PTC","MA",1
"1687",2014,"DEPUTADO ESTADUAL","PTC","MG",1
"1688",2014,"DEPUTADO ESTADUAL","PTC","PE",1
"1689",2014,"DEPUTADO ESTADUAL","PTC","PI",2
"1690",2014,"DEPUTADO ESTADUAL","PTC","RJ",1
"1691",2014,"DEPUTADO ESTADUAL","PTC","SE",3
"1692",2014,"DEPUTADO ESTADUAL","PTN","AC",2
"1693",2014,"DEPUTADO ESTADUAL","PTN","AM",2
"1694",2014,"DEPUTADO ESTADUAL","PTN","BA",3
"1695",2014,"DEPUTADO ESTADUAL","PTN","CE",1
"1696",2014,"DEPUTADO ESTADUAL","PTN","MA",2
"1697",2014,"DEPUTADO ESTADUAL","PTN","MG",3
"1698",2014,"DEPUTADO ESTADUAL","PTN","PB",1
"1699",2014,"DEPUTADO ESTADUAL","PTN","RJ",1
"1700",2014,"DEPUTADO ESTADUAL","PTN","RO",1
"1701",2014,"DEPUTADO ESTADUAL","PTN","SP",1
"1702",2014,"DEPUTADO ESTADUAL","PV","AC",1
"1703",2014,"DEPUTADO ESTADUAL","PV","AM",1
"1704",2014,"DEPUTADO ESTADUAL","PV","BA",2
"1705",2014,"DEPUTADO ESTADUAL","PV","CE",1
"1706",2014,"DEPUTADO ESTADUAL","PV","ES",1
"1707",2014,"DEPUTADO ESTADUAL","PV","MA",4
"1708",2014,"DEPUTADO ESTADUAL","PV","MG",4
"1709",2014,"DEPUTADO ESTADUAL","PV","MT",1
"1710",2014,"DEPUTADO ESTADUAL","PV","PR",1
"1711",2014,"DEPUTADO ESTADUAL","PV","RO",1
"1712",2014,"DEPUTADO ESTADUAL","PV","RR",1
"1713",2014,"DEPUTADO ESTADUAL","PV","RS",1
"1714",2014,"DEPUTADO ESTADUAL","PV","SP",6
"1715",2014,"DEPUTADO ESTADUAL","SD","CE",2
"1716",2014,"DEPUTADO ESTADUAL","SD","ES",1
"1717",2014,"DEPUTADO ESTADUAL","SD","GO",1
"1718",2014,"DEPUTADO ESTADUAL","SD","MA",1
"1719",2014,"DEPUTADO ESTADUAL","SD","MT",1
"1720",2014,"DEPUTADO ESTADUAL","SD","PA",2
"1721",2014,"DEPUTADO ESTADUAL","SD","PE",2
"1722",2014,"DEPUTADO ESTADUAL","SD","PR",1
"1723",2014,"DEPUTADO ESTADUAL","SD","RJ",3
"1724",2014,"DEPUTADO ESTADUAL","SD","RN",1
"1725",2014,"DEPUTADO ESTADUAL","SD","RO",1
"1726",2014,"DEPUTADO ESTADUAL","SD","SP",1
"1727",2014,"DEPUTADO ESTADUAL","SD","TO",4
"1728",2018,"DEPUTADO DISTRITAL","AVANTE","DF",2
"1729",2018,"DEPUTADO DISTRITAL","MDB","DF",1
"1730",2018,"DEPUTADO DISTRITAL","NOVO","DF",1
"1731",2018,"DEPUTADO DISTRITAL","PDT","DF",2
"1732",2018,"DEPUTADO DISTRITAL","PHS","DF",1
"1733",2018,"DEPUTADO DISTRITAL","PODE","DF",1
"1734",2018,"DEPUTADO DISTRITAL","PP","DF",1
"1735",2018,"DEPUTADO DISTRITAL","PR","DF",1
"1736",2018,"DEPUTADO DISTRITAL","PRB","DF",2
"1737",2018,"DEPUTADO DISTRITAL","PROS","DF",2
"1738",2018,"DEPUTADO DISTRITAL","PRP","DF",1
"1739",2018,"DEPUTADO DISTRITAL","PSB","DF",2
"1740",2018,"DEPUTADO DISTRITAL","PSC","DF",1
"1741",2018,"DEPUTADO DISTRITAL","PSD","DF",1
"1742",2018,"DEPUTADO DISTRITAL","PSOL","DF",1
"1743",2018,"DEPUTADO DISTRITAL","PT","DF",2
"1744",2018,"DEPUTADO DISTRITAL","PTC","DF",1
"1745",2018,"DEPUTADO DISTRITAL","REDE","DF",1
"1746",2018,"DEPUTADO ESTADUAL","AVANTE","BA",1
"1747",2018,"DEPUTADO ESTADUAL","AVANTE","ES",1
"1748",2018,"DEPUTADO ESTADUAL","AVANTE","MG",2
"1749",2018,"DEPUTADO ESTADUAL","AVANTE","PB",4
"1750",2018,"DEPUTADO ESTADUAL","AVANTE","PE",1
"1751",2018,"DEPUTADO ESTADUAL","AVANTE","RJ",1
"1752",2018,"DEPUTADO ESTADUAL","AVANTE","RN",2
"1753",2018,"DEPUTADO ESTADUAL","AVANTE","SP",1
"1754",2018,"DEPUTADO ESTADUAL","DC","AP",1
"1755",2018,"DEPUTADO ESTADUAL","DC","ES",1
"1756",2018,"DEPUTADO ESTADUAL","DC","GO",2
"1757",2018,"DEPUTADO ESTADUAL","DC","MG",1
"1758",2018,"DEPUTADO ESTADUAL","DC","MT",2
"1759",2018,"DEPUTADO ESTADUAL","DC","PA",1
"1760",2018,"DEPUTADO ESTADUAL","DC","RJ",2
"1761",2018,"DEPUTADO ESTADUAL","DEM","AC",1
"1762",2018,"DEPUTADO ESTADUAL","DEM","AL",1
"1763",2018,"DEPUTADO ESTADUAL","DEM","AM",1
"1764",2018,"DEPUTADO ESTADUAL","DEM","AP",2
"1765",2018,"DEPUTADO ESTADUAL","DEM","BA",7
"1766",2018,"DEPUTADO ESTADUAL","DEM","CE",1
"1767",2018,"DEPUTADO ESTADUAL","DEM","ES",1
"1768",2018,"DEPUTADO ESTADUAL","DEM","GO",4
"1769",2018,"DEPUTADO ESTADUAL","DEM","MA",5
"1770",2018,"DEPUTADO ESTADUAL","DEM","MG",1
"1771",2018,"DEPUTADO ESTADUAL","DEM","MS",2
"1772",2018,"DEPUTADO ESTADUAL","DEM","MT",2
"1773",2018,"DEPUTADO ESTADUAL","DEM","PA",3
"1774",2018,"DEPUTADO ESTADUAL","DEM","PE",3
"1775",2018,"DEPUTADO ESTADUAL","DEM","PR",2
"1776",2018,"DEPUTADO ESTADUAL","DEM","RJ",6
"1777",2018,"DEPUTADO ESTADUAL","DEM","RN",1
"1778",2018,"DEPUTADO ESTADUAL","DEM","RO",1
"1779",2018,"DEPUTADO ESTADUAL","DEM","RS",2
"1780",2018,"DEPUTADO ESTADUAL","DEM","SP",7
"1781",2018,"DEPUTADO ESTADUAL","DEM","TO",1
"1782",2018,"DEPUTADO ESTADUAL","MDB","AC",3
"1783",2018,"DEPUTADO ESTADUAL","MDB","AL",6
"1784",2018,"DEPUTADO ESTADUAL","MDB","AM",1
"1785",2018,"DEPUTADO ESTADUAL","MDB","AP",1
"1786",2018,"DEPUTADO ESTADUAL","MDB","BA",1
"1787",2018,"DEPUTADO ESTADUAL","MDB","CE",4
"1788",2018,"DEPUTADO ESTADUAL","MDB","ES",2
"1789",2018,"DEPUTADO ESTADUAL","MDB","GO",3
"1790",2018,"DEPUTADO ESTADUAL","MDB","MA",2
"1791",2018,"DEPUTADO ESTADUAL","MDB","MG",7
"1792",2018,"DEPUTADO ESTADUAL","MDB","MS",3
"1793",2018,"DEPUTADO ESTADUAL","MDB","MT",3
"1794",2018,"DEPUTADO ESTADUAL","MDB","PA",6
"1795",2018,"DEPUTADO ESTADUAL","MDB","PB",1
"1796",2018,"DEPUTADO ESTADUAL","MDB","PE",1
"1797",2018,"DEPUTADO ESTADUAL","MDB","PI",6
"1798",2018,"DEPUTADO ESTADUAL","MDB","PR",2
"1799",2018,"DEPUTADO ESTADUAL","MDB","RJ",5
"1800",2018,"DEPUTADO ESTADUAL","MDB","RN",2
"1801",2018,"DEPUTADO ESTADUAL","MDB","RO",3
"1802",2018,"DEPUTADO ESTADUAL","MDB","RR",2
"1803",2018,"DEPUTADO ESTADUAL","MDB","RS",8
"1804",2018,"DEPUTADO ESTADUAL","MDB","SC",9
"1805",2018,"DEPUTADO ESTADUAL","MDB","SE",3
"1806",2018,"DEPUTADO ESTADUAL","MDB","SP",3
"1807",2018,"DEPUTADO ESTADUAL","MDB","TO",5
"1808",2018,"DEPUTADO ESTADUAL","NOVO","MG",3
"1809",2018,"DEPUTADO ESTADUAL","NOVO","RJ",2
"1810",2018,"DEPUTADO ESTADUAL","NOVO","RS",2
"1811",2018,"DEPUTADO ESTADUAL","NOVO","SP",4
"1812",2018,"DEPUTADO ESTADUAL","PATRI","BA",1
"1813",2018,"DEPUTADO ESTADUAL","PATRI","CE",3
"1814",2018,"DEPUTADO ESTADUAL","PATRI","ES",1
"1815",2018,"DEPUTADO ESTADUAL","PATRI","GO",1
"1816",2018,"DEPUTADO ESTADUAL","PATRI","MG",2
"1817",2018,"DEPUTADO ESTADUAL","PATRI","MS",1
"1818",2018,"DEPUTADO ESTADUAL","PATRI","PA",1
"1819",2018,"DEPUTADO ESTADUAL","PATRI","PB",2
"1820",2018,"DEPUTADO ESTADUAL","PATRI","RJ",1
"1821",2018,"DEPUTADO ESTADUAL","PATRI","RR",2
"1822",2018,"DEPUTADO ESTADUAL","PATRI","SP",1
"1823",2018,"DEPUTADO ESTADUAL","PC do B","AC",2
"1824",2018,"DEPUTADO ESTADUAL","PC do B","BA",5
"1825",2018,"DEPUTADO ESTADUAL","PC do B","CE",2
"1826",2018,"DEPUTADO ESTADUAL","PC do B","MA",6
"1827",2018,"DEPUTADO ESTADUAL","PC do B","MG",1
"1828",2018,"DEPUTADO ESTADUAL","PC do B","PB",1
"1829",2018,"DEPUTADO ESTADUAL","PC do B","PE",1
"1830",2018,"DEPUTADO ESTADUAL","PC do B","RJ",1
"1831",2018,"DEPUTADO ESTADUAL","PC do B","RR",1
"1832",2018,"DEPUTADO ESTADUAL","PC do B","SP",1
"1833",2018,"DEPUTADO ESTADUAL","PDT","AC",1
"1834",2018,"DEPUTADO ESTADUAL","PDT","AL",1
"1835",2018,"DEPUTADO ESTADUAL","PDT","AM",1
"1836",2018,"DEPUTADO ESTADUAL","PDT","AP",1
"1837",2018,"DEPUTADO ESTADUAL","PDT","BA",3
"1838",2018,"DEPUTADO ESTADUAL","PDT","CE",14
"1839",2018,"DEPUTADO ESTADUAL","PDT","ES",1
"1840",2018,"DEPUTADO ESTADUAL","PDT","GO",1
"1841",2018,"DEPUTADO ESTADUAL","PDT","MA",7
"1842",2018,"DEPUTADO ESTADUAL","PDT","MG",2
"1843",2018,"DEPUTADO ESTADUAL","PDT","MS",1
"1844",2018,"DEPUTADO ESTADUAL","PDT","MT",1
"1845",2018,"DEPUTADO ESTADUAL","PDT","PA",2
"1846",2018,"DEPUTADO ESTADUAL","PDT","PE",1
"1847",2018,"DEPUTADO ESTADUAL","PDT","PI",1
"1848",2018,"DEPUTADO ESTADUAL","PDT","PR",2
"1849",2018,"DEPUTADO ESTADUAL","PDT","RJ",3
"1850",2018,"DEPUTADO ESTADUAL","PDT","RO",1
"1851",2018,"DEPUTADO ESTADUAL","PDT","RS",4
"1852",2018,"DEPUTADO ESTADUAL","PDT","SC",2
"1853",2018,"DEPUTADO ESTADUAL","PDT","SP",1
"1854",2018,"DEPUTADO ESTADUAL","PHS","AC",1
"1855",2018,"DEPUTADO ESTADUAL","PHS","AM",2
"1856",2018,"DEPUTADO ESTADUAL","PHS","BA",1
"1857",2018,"DEPUTADO ESTADUAL","PHS","MG",3
"1858",2018,"DEPUTADO ESTADUAL","PHS","PA",1
"1859",2018,"DEPUTADO ESTADUAL","PHS","PE",1
"1860",2018,"DEPUTADO ESTADUAL","PHS","RJ",2
"1861",2018,"DEPUTADO ESTADUAL","PHS","RN",1
"1862",2018,"DEPUTADO ESTADUAL","PHS","SP",1
"1863",2018,"DEPUTADO ESTADUAL","PHS","TO",1
"1864",2018,"DEPUTADO ESTADUAL","PMB","AP",1
"1865",2018,"DEPUTADO ESTADUAL","PMB","RJ",1
"1866",2018,"DEPUTADO ESTADUAL","PMB","RR",1
"1867",2018,"DEPUTADO ESTADUAL","PMN","AL",1
"1868",2018,"DEPUTADO ESTADUAL","PMN","ES",1
"1869",2018,"DEPUTADO ESTADUAL","PMN","MA",1
"1870",2018,"DEPUTADO ESTADUAL","PMN","PA",1
"1871",2018,"DEPUTADO ESTADUAL","PMN","PR",1
"1872",2018,"DEPUTADO ESTADUAL","PMN","RO",1
"1873",2018,"DEPUTADO ESTADUAL","PODE","AC",1
"1874",2018,"DEPUTADO ESTADUAL","PODE","AM",1
"1875",2018,"DEPUTADO ESTADUAL","PODE","BA",1
"1876",2018,"DEPUTADO ESTADUAL","PODE","MG",2
"1877",2018,"DEPUTADO ESTADUAL","PODE","PB",3
"1878",2018,"DEPUTADO ESTADUAL","PODE","PR",1
"1879",2018,"DEPUTADO ESTADUAL","PODE","RJ",1
"1880",2018,"DEPUTADO ESTADUAL","PODE","RO",3
"1881",2018,"DEPUTADO ESTADUAL","PODE","RR",1
"1882",2018,"DEPUTADO ESTADUAL","PODE","RS",1
"1883",2018,"DEPUTADO ESTADUAL","PODE","SE",2
"1884",2018,"DEPUTADO ESTADUAL","PODE","SP",4
"1885",2018,"DEPUTADO ESTADUAL","PP","AC",3
"1886",2018,"DEPUTADO ESTADUAL","PP","AL",4
"1887",2018,"DEPUTADO ESTADUAL","PP","AM",4
"1888",2018,"DEPUTADO ESTADUAL","PP","AP",1
"1889",2018,"DEPUTADO ESTADUAL","PP","BA",7
"1890",2018,"DEPUTADO ESTADUAL","PP","CE",3
"1891",2018,"DEPUTADO ESTADUAL","PP","ES",1
"1892",2018,"DEPUTADO ESTADUAL","PP","GO",1
"1893",2018,"DEPUTADO ESTADUAL","PP","MA",2
"1894",2018,"DEPUTADO ESTADUAL","PP","MG",1
"1895",2018,"DEPUTADO ESTADUAL","PP","MS",2
"1896",2018,"DEPUTADO ESTADUAL","PP","MT",1
"1897",2018,"DEPUTADO ESTADUAL","PP","PA",1
"1898",2018,"DEPUTADO ESTADUAL","PP","PB",2
"1899",2018,"DEPUTADO ESTADUAL","PP","PE",10
"1900",2018,"DEPUTADO ESTADUAL","PP","PI",5
"1901",2018,"DEPUTADO ESTADUAL","PP","PR",3
"1902",2018,"DEPUTADO ESTADUAL","PP","RJ",2
"1903",2018,"DEPUTADO ESTADUAL","PP","RO",1
"1904",2018,"DEPUTADO ESTADUAL","PP","RR",1
"1905",2018,"DEPUTADO ESTADUAL","PP","RS",6
"1906",2018,"DEPUTADO ESTADUAL","PP","SC",3
"1907",2018,"DEPUTADO ESTADUAL","PP","SP",4
"1908",2018,"DEPUTADO ESTADUAL","PP","TO",1
"1909",2018,"DEPUTADO ESTADUAL","PPL","AP",1
"1910",2018,"DEPUTADO ESTADUAL","PPL","PR",1
"1911",2018,"DEPUTADO ESTADUAL","PPL","RN",1
"1912",2018,"DEPUTADO ESTADUAL","PPL","TO",1
"1913",2018,"DEPUTADO ESTADUAL","PPS","AL",1
"1914",2018,"DEPUTADO ESTADUAL","PPS","AM",1
"1915",2018,"DEPUTADO ESTADUAL","PPS","CE",1
"1916",2018,"DEPUTADO ESTADUAL","PPS","ES",1
"1917",2018,"DEPUTADO ESTADUAL","PPS","GO",1
"1918",2018,"DEPUTADO ESTADUAL","PPS","MG",1
"1919",2018,"DEPUTADO ESTADUAL","PPS","PA",1
"1920",2018,"DEPUTADO ESTADUAL","PPS","PB",2
"1921",2018,"DEPUTADO ESTADUAL","PPS","PI",1
"1922",2018,"DEPUTADO ESTADUAL","PPS","PR",3
"1923",2018,"DEPUTADO ESTADUAL","PPS","RJ",1
"1924",2018,"DEPUTADO ESTADUAL","PPS","RR",1
"1925",2018,"DEPUTADO ESTADUAL","PPS","RS",1
"1926",2018,"DEPUTADO ESTADUAL","PPS","SE",2
"1927",2018,"DEPUTADO ESTADUAL","PPS","SP",2
"1928",2018,"DEPUTADO ESTADUAL","PPS","TO",1
"1929",2018,"DEPUTADO ESTADUAL","PR","AC",1
"1930",2018,"DEPUTADO ESTADUAL","PR","AM",2
"1931",2018,"DEPUTADO ESTADUAL","PR","AP",4
"1932",2018,"DEPUTADO ESTADUAL","PR","BA",1
"1933",2018,"DEPUTADO ESTADUAL","PR","CE",1
"1934",2018,"DEPUTADO ESTADUAL","PR","MA",3
"1935",2018,"DEPUTADO ESTADUAL","PR","MG",2
"1936",2018,"DEPUTADO ESTADUAL","PR","MS",1
"1937",2018,"DEPUTADO ESTADUAL","PR","PA",3
"1938",2018,"DEPUTADO ESTADUAL","PR","PB",1
"1939",2018,"DEPUTADO ESTADUAL","PR","PE",2
"1940",2018,"DEPUTADO ESTADUAL","PR","PI",3
"1941",2018,"DEPUTADO ESTADUAL","PR","PR",2
"1942",2018,"DEPUTADO ESTADUAL","PR","RJ",1
"1943",2018,"DEPUTADO ESTADUAL","PR","RN",1
"1944",2018,"DEPUTADO ESTADUAL","PR","RS",2
"1945",2018,"DEPUTADO ESTADUAL","PR","SC",3
"1946",2018,"DEPUTADO ESTADUAL","PR","SE",2
"1947",2018,"DEPUTADO ESTADUAL","PR","SP",6
"1948",2018,"DEPUTADO ESTADUAL","PR","TO",1
"1949",2018,"DEPUTADO ESTADUAL","PRB","AC",1
"1950",2018,"DEPUTADO ESTADUAL","PRB","AM",1
"1951",2018,"DEPUTADO ESTADUAL","PRB","AP",1
"1952",2018,"DEPUTADO ESTADUAL","PRB","BA",2
"1953",2018,"DEPUTADO ESTADUAL","PRB","CE",1
"1954",2018,"DEPUTADO ESTADUAL","PRB","ES",2
"1955",2018,"DEPUTADO ESTADUAL","PRB","GO",2
"1956",2018,"DEPUTADO ESTADUAL","PRB","MA",1
"1957",2018,"DEPUTADO ESTADUAL","PRB","MG",3
"1958",2018,"DEPUTADO ESTADUAL","PRB","MS",1
"1959",2018,"DEPUTADO ESTADUAL","PRB","MT",1
"1960",2018,"DEPUTADO ESTADUAL","PRB","PA",2
"1961",2018,"DEPUTADO ESTADUAL","PRB","PB",1
"1962",2018,"DEPUTADO ESTADUAL","PRB","PE",1
"1963",2018,"DEPUTADO ESTADUAL","PRB","PI",1
"1964",2018,"DEPUTADO ESTADUAL","PRB","PR",1
"1965",2018,"DEPUTADO ESTADUAL","PRB","RJ",3
"1966",2018,"DEPUTADO ESTADUAL","PRB","RO",3
"1967",2018,"DEPUTADO ESTADUAL","PRB","RR",3
"1968",2018,"DEPUTADO ESTADUAL","PRB","RS",2
"1969",2018,"DEPUTADO ESTADUAL","PRB","SC",1
"1970",2018,"DEPUTADO ESTADUAL","PRB","SP",6
"1971",2018,"DEPUTADO ESTADUAL","PROS","AC",1
"1972",2018,"DEPUTADO ESTADUAL","PROS","AL",1
"1973",2018,"DEPUTADO ESTADUAL","PROS","CE",2
"1974",2018,"DEPUTADO ESTADUAL","PROS","ES",1
"1975",2018,"DEPUTADO ESTADUAL","PROS","GO",3
"1976",2018,"DEPUTADO ESTADUAL","PROS","MA",1
"1977",2018,"DEPUTADO ESTADUAL","PROS","MG",1
"1978",2018,"DEPUTADO ESTADUAL","PROS","MT",1
"1979",2018,"DEPUTADO ESTADUAL","PROS","PR",2
"1980",2018,"DEPUTADO ESTADUAL","PROS","RJ",1
"1981",2018,"DEPUTADO ESTADUAL","PROS","RN",1
"1982",2018,"DEPUTADO ESTADUAL","PROS","RO",1
"1983",2018,"DEPUTADO ESTADUAL","PROS","SP",1
"1984",2018,"DEPUTADO ESTADUAL","PROS","TO",1
"1985",2018,"DEPUTADO ESTADUAL","PRP","AM",1
"1986",2018,"DEPUTADO ESTADUAL","PRP","AP",1
"1987",2018,"DEPUTADO ESTADUAL","PRP","BA",1
"1988",2018,"DEPUTADO ESTADUAL","PRP","ES",2
"1989",2018,"DEPUTADO ESTADUAL","PRP","GO",2
"1990",2018,"DEPUTADO ESTADUAL","PRP","MG",1
"1991",2018,"DEPUTADO ESTADUAL","PRP","RJ",2
"1992",2018,"DEPUTADO ESTADUAL","PRP","RR",1
"1993",2018,"DEPUTADO ESTADUAL","PRTB","AL",4
"1994",2018,"DEPUTADO ESTADUAL","PRTB","GO",2
"1995",2018,"DEPUTADO ESTADUAL","PRTB","MA",2
"1996",2018,"DEPUTADO ESTADUAL","PRTB","MG",1
"1997",2018,"DEPUTADO ESTADUAL","PRTB","PB",1
"1998",2018,"DEPUTADO ESTADUAL","PRTB","PE",1
"1999",2018,"DEPUTADO ESTADUAL","PRTB","PI",1
"2000",2018,"DEPUTADO ESTADUAL","PRTB","PR",1
"2001",2018,"DEPUTADO ESTADUAL","PRTB","RJ",1
"2002",2018,"DEPUTADO ESTADUAL","PRTB","RR",2
"2003",2018,"DEPUTADO ESTADUAL","PSB","AC",1
"2004",2018,"DEPUTADO ESTADUAL","PSB","AM",1
"2005",2018,"DEPUTADO ESTADUAL","PSB","AP",1
"2006",2018,"DEPUTADO ESTADUAL","PSB","BA",4
"2007",2018,"DEPUTADO ESTADUAL","PSB","CE",1
"2008",2018,"DEPUTADO ESTADUAL","PSB","ES",2
"2009",2018,"DEPUTADO ESTADUAL","PSB","GO",1
"2010",2018,"DEPUTADO ESTADUAL","PSB","MA",2
"2011",2018,"DEPUTADO ESTADUAL","PSB","MG",1
"2012",2018,"DEPUTADO ESTADUAL","PSB","MT",2
"2013",2018,"DEPUTADO ESTADUAL","PSB","PA",1
"2014",2018,"DEPUTADO ESTADUAL","PSB","PB",8
"2015",2018,"DEPUTADO ESTADUAL","PSB","PE",11
"2016",2018,"DEPUTADO ESTADUAL","PSB","PI",1
"2017",2018,"DEPUTADO ESTADUAL","PSB","PR",5
"2018",2018,"DEPUTADO ESTADUAL","PSB","RJ",1
"2019",2018,"DEPUTADO ESTADUAL","PSB","RO",2
"2020",2018,"DEPUTADO ESTADUAL","PSB","RR",1
"2021",2018,"DEPUTADO ESTADUAL","PSB","RS",3
"2022",2018,"DEPUTADO ESTADUAL","PSB","SC",3
"2023",2018,"DEPUTADO ESTADUAL","PSB","SE",1
"2024",2018,"DEPUTADO ESTADUAL","PSB","SP",8
"2025",2018,"DEPUTADO ESTADUAL","PSB","TO",1
"2026",2018,"DEPUTADO ESTADUAL","PSC","AP",1
"2027",2018,"DEPUTADO ESTADUAL","PSC","BA",3
"2028",2018,"DEPUTADO ESTADUAL","PSC","GO",1
"2029",2018,"DEPUTADO ESTADUAL","PSC","MG",3
"2030",2018,"DEPUTADO ESTADUAL","PSC","MT",2
"2031",2018,"DEPUTADO ESTADUAL","PSC","PA",2
"2032",2018,"DEPUTADO ESTADUAL","PSC","PB",1
"2033",2018,"DEPUTADO ESTADUAL","PSC","PE",5
"2034",2018,"DEPUTADO ESTADUAL","PSC","PR",4
"2035",2018,"DEPUTADO ESTADUAL","PSC","RJ",2
"2036",2018,"DEPUTADO ESTADUAL","PSC","SC",1
"2037",2018,"DEPUTADO ESTADUAL","PSC","SE",4
"2038",2018,"DEPUTADO ESTADUAL","PSD","AL",2
"2039",2018,"DEPUTADO ESTADUAL","PSD","AM",2
"2040",2018,"DEPUTADO ESTADUAL","PSD","AP",1
"2041",2018,"DEPUTADO ESTADUAL","PSD","BA",9
"2042",2018,"DEPUTADO ESTADUAL","PSD","CE",2
"2043",2018,"DEPUTADO ESTADUAL","PSD","ES",1
"2044",2018,"DEPUTADO ESTADUAL","PSD","GO",2
"2045",2018,"DEPUTADO ESTADUAL","PSD","MG",4
"2046",2018,"DEPUTADO ESTADUAL","PSD","MS",1
"2047",2018,"DEPUTADO ESTADUAL","PSD","MT",1
"2048",2018,"DEPUTADO ESTADUAL","PSD","PA",3
"2049",2018,"DEPUTADO ESTADUAL","PSD","PB",1
"2050",2018,"DEPUTADO ESTADUAL","PSD","PE",3
"2051",2018,"DEPUTADO ESTADUAL","PSD","PI",1
"2052",2018,"DEPUTADO ESTADUAL","PSD","PR",6
"2053",2018,"DEPUTADO ESTADUAL","PSD","RJ",3
"2054",2018,"DEPUTADO ESTADUAL","PSD","RN",2
"2055",2018,"DEPUTADO ESTADUAL","PSD","RO",1
"2056",2018,"DEPUTADO ESTADUAL","PSD","RS",1
"2057",2018,"DEPUTADO ESTADUAL","PSD","SC",5
"2058",2018,"DEPUTADO ESTADUAL","PSD","SE",4
"2059",2018,"DEPUTADO ESTADUAL","PSD","SP",2
"2060",2018,"DEPUTADO ESTADUAL","PSDB","AC",2
"2061",2018,"DEPUTADO ESTADUAL","PSDB","AL",2
"2062",2018,"DEPUTADO ESTADUAL","PSDB","AM",1
"2063",2018,"DEPUTADO ESTADUAL","PSDB","AP",1
"2064",2018,"DEPUTADO ESTADUAL","PSDB","BA",3
"2065",2018,"DEPUTADO ESTADUAL","PSDB","CE",2
"2066",2018,"DEPUTADO ESTADUAL","PSDB","ES",3
"2067",2018,"DEPUTADO ESTADUAL","PSDB","GO",6
"2068",2018,"DEPUTADO ESTADUAL","PSDB","MA",1
"2069",2018,"DEPUTADO ESTADUAL","PSDB","MG",7
"2070",2018,"DEPUTADO ESTADUAL","PSDB","MS",5
"2071",2018,"DEPUTADO ESTADUAL","PSDB","MT",2
"2072",2018,"DEPUTADO ESTADUAL","PSDB","PA",5
"2073",2018,"DEPUTADO ESTADUAL","PSDB","PB",3
"2074",2018,"DEPUTADO ESTADUAL","PSDB","PE",1
"2075",2018,"DEPUTADO ESTADUAL","PSDB","PI",1
"2076",2018,"DEPUTADO ESTADUAL","PSDB","PR",3
"2077",2018,"DEPUTADO ESTADUAL","PSDB","RJ",2
"2078",2018,"DEPUTADO ESTADUAL","PSDB","RN",5
"2079",2018,"DEPUTADO ESTADUAL","PSDB","RO",1
"2080",2018,"DEPUTADO ESTADUAL","PSDB","RS",4
"2081",2018,"DEPUTADO ESTADUAL","PSDB","SC",2
"2082",2018,"DEPUTADO ESTADUAL","PSDB","SE",1
"2083",2018,"DEPUTADO ESTADUAL","PSDB","SP",8
"2084",2018,"DEPUTADO ESTADUAL","PSDB","TO",2
"2085",2018,"DEPUTADO ESTADUAL","PSL","AC",1
"2086",2018,"DEPUTADO ESTADUAL","PSL","AL",1
"2087",2018,"DEPUTADO ESTADUAL","PSL","AM",1
"2088",2018,"DEPUTADO ESTADUAL","PSL","BA",2
"2089",2018,"DEPUTADO ESTADUAL","PSL","CE",2
"2090",2018,"DEPUTADO ESTADUAL","PSL","ES",4
"2091",2018,"DEPUTADO ESTADUAL","PSL","GO",2
"2092",2018,"DEPUTADO ESTADUAL","PSL","MA",1
"2093",2018,"DEPUTADO ESTADUAL","PSL","MG",6
"2094",2018,"DEPUTADO ESTADUAL","PSL","MS",2
"2095",2018,"DEPUTADO ESTADUAL","PSL","MT",2
"2096",2018,"DEPUTADO ESTADUAL","PSL","PA",1
"2097",2018,"DEPUTADO ESTADUAL","PSL","PB",2
"2098",2018,"DEPUTADO ESTADUAL","PSL","PR",8
"2099",2018,"DEPUTADO ESTADUAL","PSL","RJ",13
"2100",2018,"DEPUTADO ESTADUAL","PSL","RN",1
"2101",2018,"DEPUTADO ESTADUAL","PSL","RO",1
"2102",2018,"DEPUTADO ESTADUAL","PSL","RS",4
"2103",2018,"DEPUTADO ESTADUAL","PSL","SC",6
"2104",2018,"DEPUTADO ESTADUAL","PSL","SP",15
"2105",2018,"DEPUTADO ESTADUAL","PSL","TO",1
"2106",2018,"DEPUTADO ESTADUAL","PSOL","AP",1
"2107",2018,"DEPUTADO ESTADUAL","PSOL","BA",1
"2108",2018,"DEPUTADO ESTADUAL","PSOL","CE",1
"2109",2018,"DEPUTADO ESTADUAL","PSOL","MG",1
"2110",2018,"DEPUTADO ESTADUAL","PSOL","PA",1
"2111",2018,"DEPUTADO ESTADUAL","PSOL","PE",1
"2112",2018,"DEPUTADO ESTADUAL","PSOL","RJ",5
"2113",2018,"DEPUTADO ESTADUAL","PSOL","RN",1
"2114",2018,"DEPUTADO ESTADUAL","PSOL","RS",1
"2115",2018,"DEPUTADO ESTADUAL","PSOL","SP",4
"2116",2018,"DEPUTADO ESTADUAL","PT","AC",2
"2117",2018,"DEPUTADO ESTADUAL","PT","AM",1
"2118",2018,"DEPUTADO ESTADUAL","PT","BA",10
"2119",2018,"DEPUTADO ESTADUAL","PT","CE",4
"2120",2018,"DEPUTADO ESTADUAL","PT","ES",1
"2121",2018,"DEPUTADO ESTADUAL","PT","GO",2
"2122",2018,"DEPUTADO ESTADUAL","PT","MA",1
"2123",2018,"DEPUTADO ESTADUAL","PT","MG",10
"2124",2018,"DEPUTADO ESTADUAL","PT","MS",2
"2125",2018,"DEPUTADO ESTADUAL","PT","MT",2
"2126",2018,"DEPUTADO ESTADUAL","PT","PA",3
"2127",2018,"DEPUTADO ESTADUAL","PT","PE",3
"2128",2018,"DEPUTADO ESTADUAL","PT","PI",5
"2129",2018,"DEPUTADO ESTADUAL","PT","PR",4
"2130",2018,"DEPUTADO ESTADUAL","PT","RJ",3
"2131",2018,"DEPUTADO ESTADUAL","PT","RN",2
"2132",2018,"DEPUTADO ESTADUAL","PT","RO",1
"2133",2018,"DEPUTADO ESTADUAL","PT","RR",1
"2134",2018,"DEPUTADO ESTADUAL","PT","RS",8
"2135",2018,"DEPUTADO ESTADUAL","PT","SC",4
"2136",2018,"DEPUTADO ESTADUAL","PT","SE",2
"2137",2018,"DEPUTADO ESTADUAL","PT","SP",10
"2138",2018,"DEPUTADO ESTADUAL","PT","TO",2
"2139",2018,"DEPUTADO ESTADUAL","PTB","AC",1
"2140",2018,"DEPUTADO ESTADUAL","PTB","AL",1
"2141",2018,"DEPUTADO ESTADUAL","PTB","AP",1
"2142",2018,"DEPUTADO ESTADUAL","PTB","ES",1
"2143",2018,"DEPUTADO ESTADUAL","PTB","GO",1
"2144",2018,"DEPUTADO ESTADUAL","PTB","MA",1
"2145",2018,"DEPUTADO ESTADUAL","PTB","MG",3
"2146",2018,"DEPUTADO ESTADUAL","PTB","MS",1
"2147",2018,"DEPUTADO ESTADUAL","PTB","PA",2
"2148",2018,"DEPUTADO ESTADUAL","PTB","PB",2
"2149",2018,"DEPUTADO ESTADUAL","PTB","PE",2
"2150",2018,"DEPUTADO ESTADUAL","PTB","PI",2
"2151",2018,"DEPUTADO ESTADUAL","PTB","PR",1
"2152",2018,"DEPUTADO ESTADUAL","PTB","RJ",1
"2153",2018,"DEPUTADO ESTADUAL","PTB","RO",2
"2154",2018,"DEPUTADO ESTADUAL","PTB","RR",1
"2155",2018,"DEPUTADO ESTADUAL","PTB","RS",5
"2156",2018,"DEPUTADO ESTADUAL","PTB","SE",1
"2157",2018,"DEPUTADO ESTADUAL","PTB","SP",2
"2158",2018,"DEPUTADO ESTADUAL","PTC","AP",2
"2159",2018,"DEPUTADO ESTADUAL","PTC","GO",1
"2160",2018,"DEPUTADO ESTADUAL","PTC","PI",1
"2161",2018,"DEPUTADO ESTADUAL","PTC","RJ",1
"2162",2018,"DEPUTADO ESTADUAL","PTC","RN",2
"2163",2018,"DEPUTADO ESTADUAL","PTC","RO",1
"2164",2018,"DEPUTADO ESTADUAL","PTC","RR",2
"2165",2018,"DEPUTADO ESTADUAL","PTC","TO",1
"2166",2018,"DEPUTADO ESTADUAL","PV","AC",1
"2167",2018,"DEPUTADO ESTADUAL","PV","AL",1
"2168",2018,"DEPUTADO ESTADUAL","PV","AM",3
"2169",2018,"DEPUTADO ESTADUAL","PV","ES",2
"2170",2018,"DEPUTADO ESTADUAL","PV","GO",1
"2171",2018,"DEPUTADO ESTADUAL","PV","MA",3
"2172",2018,"DEPUTADO ESTADUAL","PV","MG",5
"2173",2018,"DEPUTADO ESTADUAL","PV","MT",2
"2174",2018,"DEPUTADO ESTADUAL","PV","PI",1
"2175",2018,"DEPUTADO ESTADUAL","PV","PR",2
"2176",2018,"DEPUTADO ESTADUAL","PV","RO",1
"2177",2018,"DEPUTADO ESTADUAL","PV","RR",1
"2178",2018,"DEPUTADO ESTADUAL","PV","SC",1
"2179",2018,"DEPUTADO ESTADUAL","PV","SP",1
"2180",2018,"DEPUTADO ESTADUAL","PV","TO",2
"2181",2018,"DEPUTADO ESTADUAL","REDE","AP",1
"2182",2018,"DEPUTADO ESTADUAL","REDE","ES",1
"2183",2018,"DEPUTADO ESTADUAL","REDE","MG",1
"2184",2018,"DEPUTADO ESTADUAL","REDE","PB",1
"2185",2018,"DEPUTADO ESTADUAL","REDE","SE",2
"2186",2018,"DEPUTADO ESTADUAL","REDE","SP",1
"2187",2018,"DEPUTADO ESTADUAL","SOLIDARIEDADE","AC",1
"2188",2018,"DEPUTADO ESTADUAL","SOLIDARIEDADE","AL",1
"2189",2018,"DEPUTADO ESTADUAL","SOLIDARIEDADE","AP",1
"2190",2018,"DEPUTADO ESTADUAL","SOLIDARIEDADE","CE",2
"2191",2018,"DEPUTADO ESTADUAL","SOLIDARIEDADE","GO",2
"2192",2018,"DEPUTADO ESTADUAL","SOLIDARIEDADE","MA",3
"2193",2018,"DEPUTADO ESTADUAL","SOLIDARIEDADE","MG",2
"2194",2018,"DEPUTADO ESTADUAL","SOLIDARIEDADE","MS",2
"2195",2018,"DEPUTADO ESTADUAL","SOLIDARIEDADE","PA",1
"2196",2018,"DEPUTADO ESTADUAL","SOLIDARIEDADE","PE",1
"2197",2018,"DEPUTADO ESTADUAL","SOLIDARIEDADE","RJ",3
"2198",2018,"DEPUTADO ESTADUAL","SOLIDARIEDADE","RN",2
"2199",2018,"DEPUTADO ESTADUAL","SOLIDARIEDADE","RR",3
"2200",2018,"DEPUTADO ESTADUAL","SOLIDARIEDADE","RS",1
"2201",2018,"DEPUTADO ESTADUAL","SOLIDARIEDADE","SP",1
"2202",2018,"DEPUTADO ESTADUAL","SOLIDARIEDADE","TO",3
