"","ANO_ELEICAO","DESCRICAO_CARGO","SIGLA_PARTIDO","UF","Cadeiras conquistadas por UF"
"1",1998,"DEPUTADO FEDERAL","PC do B","AM",1
"2",1998,"DEPUTADO FEDERAL","PC do B","BA",1
"3",1998,"DEPUTADO FEDERAL","PC do B","CE",1
"4",1998,"DEPUTADO FEDERAL","PC do B","DF",1
"5",1998,"DEPUTADO FEDERAL","PC do B","MG",1
"6",1998,"DEPUTADO FEDERAL","PC do B","RJ",1
"7",1998,"DEPUTADO FEDERAL","PC do B","SP",1
"8",1998,"DEPUTADO FEDERAL","PDT","AC",1
"9",1998,"DEPUTADO FEDERAL","PDT","BA",1
"10",1998,"DEPUTADO FEDERAL","PDT","MA",1
"11",1998,"DEPUTADO FEDERAL","PDT","MG",1
"12",1998,"DEPUTADO FEDERAL","PDT","PA",1
"13",1998,"DEPUTADO FEDERAL","PDT","PR",1
"14",1998,"DEPUTADO FEDERAL","PDT","RJ",7
"15",1998,"DEPUTADO FEDERAL","PDT","RO",2
"16",1998,"DEPUTADO FEDERAL","PDT","RS",4
"17",1998,"DEPUTADO FEDERAL","PDT","SC",2
"18",1998,"DEPUTADO FEDERAL","PDT","SP",4
"19",1998,"DEPUTADO FEDERAL","PFL","AC",3
"20",1998,"DEPUTADO FEDERAL","PFL","AL",1
"21",1998,"DEPUTADO FEDERAL","PFL","AM",4
"22",1998,"DEPUTADO FEDERAL","PFL","AP",2
"23",1998,"DEPUTADO FEDERAL","PFL","BA",20
"24",1998,"DEPUTADO FEDERAL","PFL","CE",1
"25",1998,"DEPUTADO FEDERAL","PFL","DF",1
"26",1998,"DEPUTADO FEDERAL","PFL","ES",1
"27",1998,"DEPUTADO FEDERAL","PFL","GO",2
"28",1998,"DEPUTADO FEDERAL","PFL","MA",6
"29",1998,"DEPUTADO FEDERAL","PFL","MG",8
"30",1998,"DEPUTADO FEDERAL","PFL","MS",1
"31",1998,"DEPUTADO FEDERAL","PFL","MT",1
"32",1998,"DEPUTADO FEDERAL","PFL","PA",3
"33",1998,"DEPUTADO FEDERAL","PFL","PB",3
"34",1998,"DEPUTADO FEDERAL","PFL","PE",8
"35",1998,"DEPUTADO FEDERAL","PFL","PI",5
"36",1998,"DEPUTADO FEDERAL","PFL","PR",6
"37",1998,"DEPUTADO FEDERAL","PFL","RJ",9
"38",1998,"DEPUTADO FEDERAL","PFL","RN",3
"39",1998,"DEPUTADO FEDERAL","PFL","RO",2
"40",1998,"DEPUTADO FEDERAL","PFL","RS",1
"41",1998,"DEPUTADO FEDERAL","PFL","SC",3
"42",1998,"DEPUTADO FEDERAL","PFL","SP",8
"43",1998,"DEPUTADO FEDERAL","PFL","TO",3
"44",1998,"DEPUTADO FEDERAL","PL","AM",1
"45",1998,"DEPUTADO FEDERAL","PL","BA",1
"46",1998,"DEPUTADO FEDERAL","PL","GO",2
"47",1998,"DEPUTADO FEDERAL","PL","MA",2
"48",1998,"DEPUTADO FEDERAL","PL","MG",3
"49",1998,"DEPUTADO FEDERAL","PL","MT",1
"50",1998,"DEPUTADO FEDERAL","PL","SP",2
"51",1998,"DEPUTADO FEDERAL","PMDB","AC",1
"52",1998,"DEPUTADO FEDERAL","PMDB","AL",1
"53",1998,"DEPUTADO FEDERAL","PMDB","AP",1
"54",1998,"DEPUTADO FEDERAL","PMDB","BA",3
"55",1998,"DEPUTADO FEDERAL","PMDB","CE",5
"56",1998,"DEPUTADO FEDERAL","PMDB","DF",1
"57",1998,"DEPUTADO FEDERAL","PMDB","ES",1
"58",1998,"DEPUTADO FEDERAL","PMDB","GO",8
"59",1998,"DEPUTADO FEDERAL","PMDB","MA",3
"60",1998,"DEPUTADO FEDERAL","PMDB","MG",9
"61",1998,"DEPUTADO FEDERAL","PMDB","MS",1
"62",1998,"DEPUTADO FEDERAL","PMDB","MT",2
"63",1998,"DEPUTADO FEDERAL","PMDB","PA",4
"64",1998,"DEPUTADO FEDERAL","PMDB","PB",5
"65",1998,"DEPUTADO FEDERAL","PMDB","PE",3
"66",1998,"DEPUTADO FEDERAL","PMDB","PI",3
"67",1998,"DEPUTADO FEDERAL","PMDB","PR",4
"68",1998,"DEPUTADO FEDERAL","PMDB","RJ",2
"69",1998,"DEPUTADO FEDERAL","PMDB","RN",4
"70",1998,"DEPUTADO FEDERAL","PMDB","RO",1
"71",1998,"DEPUTADO FEDERAL","PMDB","RR",1
"72",1998,"DEPUTADO FEDERAL","PMDB","RS",7
"73",1998,"DEPUTADO FEDERAL","PMDB","SC",4
"74",1998,"DEPUTADO FEDERAL","PMDB","SE",2
"75",1998,"DEPUTADO FEDERAL","PMDB","SP",5
"76",1998,"DEPUTADO FEDERAL","PMDB","TO",2
"77",1998,"DEPUTADO FEDERAL","PMN","AL",1
"78",1998,"DEPUTADO FEDERAL","PMN","SE",1
"79",1998,"DEPUTADO FEDERAL","PPB","AC",1
"80",1998,"DEPUTADO FEDERAL","PPB","AM",1
"81",1998,"DEPUTADO FEDERAL","PPB","BA",1
"82",1998,"DEPUTADO FEDERAL","PPB","CE",1
"83",1998,"DEPUTADO FEDERAL","PPB","DF",2
"84",1998,"DEPUTADO FEDERAL","PPB","ES",1
"85",1998,"DEPUTADO FEDERAL","PPB","GO",1
"86",1998,"DEPUTADO FEDERAL","PPB","MG",7
"87",1998,"DEPUTADO FEDERAL","PPB","MS",1
"88",1998,"DEPUTADO FEDERAL","PPB","PA",1
"89",1998,"DEPUTADO FEDERAL","PPB","PB",1
"90",1998,"DEPUTADO FEDERAL","PPB","PE",2
"91",1998,"DEPUTADO FEDERAL","PPB","PR",5
"92",1998,"DEPUTADO FEDERAL","PPB","RJ",6
"93",1998,"DEPUTADO FEDERAL","PPB","RN",1
"94",1998,"DEPUTADO FEDERAL","PPB","RR",4
"95",1998,"DEPUTADO FEDERAL","PPB","RS",5
"96",1998,"DEPUTADO FEDERAL","PPB","SC",4
"97",1998,"DEPUTADO FEDERAL","PPB","SE",1
"98",1998,"DEPUTADO FEDERAL","PPB","SP",12
"99",1998,"DEPUTADO FEDERAL","PPB","TO",2
"100",1998,"DEPUTADO FEDERAL","PPS","AL",1
"101",1998,"DEPUTADO FEDERAL","PPS","SE",1
"102",1998,"DEPUTADO FEDERAL","PPS","SP",1
"103",1998,"DEPUTADO FEDERAL","PRONA","SP",1
"104",1998,"DEPUTADO FEDERAL","PSB","AL",1
"105",1998,"DEPUTADO FEDERAL","PSB","AP",1
"106",1998,"DEPUTADO FEDERAL","PSB","CE",1
"107",1998,"DEPUTADO FEDERAL","PSB","MA",1
"108",1998,"DEPUTADO FEDERAL","PSB","PE",8
"109",1998,"DEPUTADO FEDERAL","PSB","RJ",2
"110",1998,"DEPUTADO FEDERAL","PSB","RS",1
"111",1998,"DEPUTADO FEDERAL","PSB","SE",1
"112",1998,"DEPUTADO FEDERAL","PSB","SP",2
"113",1998,"DEPUTADO FEDERAL","PSC","MA",1
"114",1998,"DEPUTADO FEDERAL","PSC","RJ",1
"115",1998,"DEPUTADO FEDERAL","PSD","AL",1
"116",1998,"DEPUTADO FEDERAL","PSD","GO",1
"117",1998,"DEPUTADO FEDERAL","PSD","MA",1
"118",1998,"DEPUTADO FEDERAL","PSDB","AL",2
"119",1998,"DEPUTADO FEDERAL","PSDB","AM",1
"120",1998,"DEPUTADO FEDERAL","PSDB","AP",3
"121",1998,"DEPUTADO FEDERAL","PSDB","BA",6
"122",1998,"DEPUTADO FEDERAL","PSDB","CE",12
"123",1998,"DEPUTADO FEDERAL","PSDB","DF",1
"124",1998,"DEPUTADO FEDERAL","PSDB","ES",3
"125",1998,"DEPUTADO FEDERAL","PSDB","GO",2
"126",1998,"DEPUTADO FEDERAL","PSDB","MA",3
"127",1998,"DEPUTADO FEDERAL","PSDB","MG",14
"128",1998,"DEPUTADO FEDERAL","PSDB","MS",2
"129",1998,"DEPUTADO FEDERAL","PSDB","MT",3
"130",1998,"DEPUTADO FEDERAL","PSDB","PA",4
"131",1998,"DEPUTADO FEDERAL","PSDB","PB",1
"132",1998,"DEPUTADO FEDERAL","PSDB","PE",1
"133",1998,"DEPUTADO FEDERAL","PSDB","PI",1
"134",1998,"DEPUTADO FEDERAL","PSDB","PR",5
"135",1998,"DEPUTADO FEDERAL","PSDB","RJ",11
"136",1998,"DEPUTADO FEDERAL","PSDB","RO",2
"137",1998,"DEPUTADO FEDERAL","PSDB","RR",2
"138",1998,"DEPUTADO FEDERAL","PSDB","RS",2
"139",1998,"DEPUTADO FEDERAL","PSDB","SC",1
"140",1998,"DEPUTADO FEDERAL","PSDB","SE",1
"141",1998,"DEPUTADO FEDERAL","PSDB","SP",15
"142",1998,"DEPUTADO FEDERAL","PSDB","TO",1
"143",1998,"DEPUTADO FEDERAL","PSL","PE",1
"144",1998,"DEPUTADO FEDERAL","PST","MG",1
"145",1998,"DEPUTADO FEDERAL","PT","AC",2
"146",1998,"DEPUTADO FEDERAL","PT","BA",5
"147",1998,"DEPUTADO FEDERAL","PT","CE",1
"148",1998,"DEPUTADO FEDERAL","PT","DF",2
"149",1998,"DEPUTADO FEDERAL","PT","ES",1
"150",1998,"DEPUTADO FEDERAL","PT","GO",1
"151",1998,"DEPUTADO FEDERAL","PT","MG",7
"152",1998,"DEPUTADO FEDERAL","PT","MS",2
"153",1998,"DEPUTADO FEDERAL","PT","PA",3
"154",1998,"DEPUTADO FEDERAL","PT","PB",1
"155",1998,"DEPUTADO FEDERAL","PT","PE",1
"156",1998,"DEPUTADO FEDERAL","PT","PI",1
"157",1998,"DEPUTADO FEDERAL","PT","PR",3
"158",1998,"DEPUTADO FEDERAL","PT","RJ",4
"159",1998,"DEPUTADO FEDERAL","PT","RS",8
"160",1998,"DEPUTADO FEDERAL","PT","SC",2
"161",1998,"DEPUTADO FEDERAL","PT","SE",1
"162",1998,"DEPUTADO FEDERAL","PT","SP",14
"163",1998,"DEPUTADO FEDERAL","PTB","AL",1
"164",1998,"DEPUTADO FEDERAL","PTB","AP",1
"165",1998,"DEPUTADO FEDERAL","PTB","BA",1
"166",1998,"DEPUTADO FEDERAL","PTB","ES",3
"167",1998,"DEPUTADO FEDERAL","PTB","MG",2
"168",1998,"DEPUTADO FEDERAL","PTB","MS",1
"169",1998,"DEPUTADO FEDERAL","PTB","MT",1
"170",1998,"DEPUTADO FEDERAL","PTB","PA",1
"171",1998,"DEPUTADO FEDERAL","PTB","PB",1
"172",1998,"DEPUTADO FEDERAL","PTB","PE",1
"173",1998,"DEPUTADO FEDERAL","PTB","PR",6
"174",1998,"DEPUTADO FEDERAL","PTB","RJ",2
"175",1998,"DEPUTADO FEDERAL","PTB","RO",1
"176",1998,"DEPUTADO FEDERAL","PTB","RR",1
"177",1998,"DEPUTADO FEDERAL","PTB","RS",3
"178",1998,"DEPUTADO FEDERAL","PTB","SP",5
"179",1998,"DEPUTADO FEDERAL","PV","RJ",1
"180",2002,"DEPUTADO FEDERAL","PC do B","AC",1
"181",2002,"DEPUTADO FEDERAL","PC do B","AM",1
"182",2002,"DEPUTADO FEDERAL","PC do B","BA",2
"183",2002,"DEPUTADO FEDERAL","PC do B","CE",1
"184",2002,"DEPUTADO FEDERAL","PC do B","DF",1
"185",2002,"DEPUTADO FEDERAL","PC do B","MG",1
"186",2002,"DEPUTADO FEDERAL","PC do B","PE",1
"187",2002,"DEPUTADO FEDERAL","PC do B","PI",1
"188",2002,"DEPUTADO FEDERAL","PC do B","RJ",1
"189",2002,"DEPUTADO FEDERAL","PC do B","SP",2
"190",2002,"DEPUTADO FEDERAL","PDT","AP",2
"191",2002,"DEPUTADO FEDERAL","PDT","BA",1
"192",2002,"DEPUTADO FEDERAL","PDT","ES",1
"193",2002,"DEPUTADO FEDERAL","PDT","MA",3
"194",2002,"DEPUTADO FEDERAL","PDT","MG",2
"195",2002,"DEPUTADO FEDERAL","PDT","PA",1
"196",2002,"DEPUTADO FEDERAL","PDT","PR",1
"197",2002,"DEPUTADO FEDERAL","PDT","RJ",3
"198",2002,"DEPUTADO FEDERAL","PDT","RR",2
"199",2002,"DEPUTADO FEDERAL","PDT","RS",3
"200",2002,"DEPUTADO FEDERAL","PDT","SC",1
"201",2002,"DEPUTADO FEDERAL","PDT","SP",1
"202",2002,"DEPUTADO FEDERAL","PFL","AL",2
"203",2002,"DEPUTADO FEDERAL","PFL","AM",3
"204",2002,"DEPUTADO FEDERAL","PFL","BA",19
"205",2002,"DEPUTADO FEDERAL","PFL","CE",2
"206",2002,"DEPUTADO FEDERAL","PFL","DF",1
"207",2002,"DEPUTADO FEDERAL","PFL","GO",3
"208",2002,"DEPUTADO FEDERAL","PFL","MA",7
"209",2002,"DEPUTADO FEDERAL","PFL","MG",7
"210",2002,"DEPUTADO FEDERAL","PFL","MS",1
"211",2002,"DEPUTADO FEDERAL","PFL","MT",1
"212",2002,"DEPUTADO FEDERAL","PFL","PA",1
"213",2002,"DEPUTADO FEDERAL","PFL","PB",1
"214",2002,"DEPUTADO FEDERAL","PFL","PE",5
"215",2002,"DEPUTADO FEDERAL","PFL","PI",4
"216",2002,"DEPUTADO FEDERAL","PFL","PR",2
"217",2002,"DEPUTADO FEDERAL","PFL","RJ",4
"218",2002,"DEPUTADO FEDERAL","PFL","RN",2
"219",2002,"DEPUTADO FEDERAL","PFL","RO",1
"220",2002,"DEPUTADO FEDERAL","PFL","RR",3
"221",2002,"DEPUTADO FEDERAL","PFL","RS",1
"222",2002,"DEPUTADO FEDERAL","PFL","SC",2
"223",2002,"DEPUTADO FEDERAL","PFL","SE",2
"224",2002,"DEPUTADO FEDERAL","PFL","SP",7
"225",2002,"DEPUTADO FEDERAL","PFL","TO",3
"226",2002,"DEPUTADO FEDERAL","PL","AL",1
"227",2002,"DEPUTADO FEDERAL","PL","AM",3
"228",2002,"DEPUTADO FEDERAL","PL","CE",2
"229",2002,"DEPUTADO FEDERAL","PL","ES",1
"230",2002,"DEPUTADO FEDERAL","PL","MA",1
"231",2002,"DEPUTADO FEDERAL","PL","MG",4
"232",2002,"DEPUTADO FEDERAL","PL","MT",1
"233",2002,"DEPUTADO FEDERAL","PL","PA",1
"234",2002,"DEPUTADO FEDERAL","PL","PB",1
"235",2002,"DEPUTADO FEDERAL","PL","PE",1
"236",2002,"DEPUTADO FEDERAL","PL","PR",1
"237",2002,"DEPUTADO FEDERAL","PL","RJ",3
"238",2002,"DEPUTADO FEDERAL","PL","RR",1
"239",2002,"DEPUTADO FEDERAL","PL","RS",1
"240",2002,"DEPUTADO FEDERAL","PL","SE",1
"241",2002,"DEPUTADO FEDERAL","PL","SP",3
"242",2002,"DEPUTADO FEDERAL","PMDB","AC",2
"243",2002,"DEPUTADO FEDERAL","PMDB","AL",1
"244",2002,"DEPUTADO FEDERAL","PMDB","BA",3
"245",2002,"DEPUTADO FEDERAL","PMDB","CE",5
"246",2002,"DEPUTADO FEDERAL","PMDB","DF",3
"247",2002,"DEPUTADO FEDERAL","PMDB","ES",1
"248",2002,"DEPUTADO FEDERAL","PMDB","GO",4
"249",2002,"DEPUTADO FEDERAL","PMDB","MA",2
"250",2002,"DEPUTADO FEDERAL","PMDB","MG",6
"251",2002,"DEPUTADO FEDERAL","PMDB","MS",2
"252",2002,"DEPUTADO FEDERAL","PMDB","MT",1
"253",2002,"DEPUTADO FEDERAL","PMDB","PA",5
"254",2002,"DEPUTADO FEDERAL","PMDB","PB",2
"255",2002,"DEPUTADO FEDERAL","PMDB","PE",4
"256",2002,"DEPUTADO FEDERAL","PMDB","PI",2
"257",2002,"DEPUTADO FEDERAL","PMDB","PR",6
"258",2002,"DEPUTADO FEDERAL","PMDB","RJ",6
"259",2002,"DEPUTADO FEDERAL","PMDB","RN",3
"260",2002,"DEPUTADO FEDERAL","PMDB","RO",2
"261",2002,"DEPUTADO FEDERAL","PMDB","RS",6
"262",2002,"DEPUTADO FEDERAL","PMDB","SC",4
"263",2002,"DEPUTADO FEDERAL","PMDB","SE",1
"264",2002,"DEPUTADO FEDERAL","PMDB","SP",4
"265",2002,"DEPUTADO FEDERAL","PMDB","TO",1
"266",2002,"DEPUTADO FEDERAL","PMN","SE",1
"267",2002,"DEPUTADO FEDERAL","PPB","AC",1
"268",2002,"DEPUTADO FEDERAL","PPB","AP",1
"269",2002,"DEPUTADO FEDERAL","PPB","BA",2
"270",2002,"DEPUTADO FEDERAL","PPB","CE",1
"271",2002,"DEPUTADO FEDERAL","PPB","ES",2
"272",2002,"DEPUTADO FEDERAL","PPB","GO",3
"273",2002,"DEPUTADO FEDERAL","PPB","MA",1
"274",2002,"DEPUTADO FEDERAL","PPB","MG",4
"275",2002,"DEPUTADO FEDERAL","PPB","MT",1
"276",2002,"DEPUTADO FEDERAL","PPB","PA",1
"277",2002,"DEPUTADO FEDERAL","PPB","PB",1
"278",2002,"DEPUTADO FEDERAL","PPB","PE",3
"279",2002,"DEPUTADO FEDERAL","PPB","PR",4
"280",2002,"DEPUTADO FEDERAL","PPB","RJ",6
"281",2002,"DEPUTADO FEDERAL","PPB","RN",1
"282",2002,"DEPUTADO FEDERAL","PPB","RR",1
"283",2002,"DEPUTADO FEDERAL","PPB","RS",6
"284",2002,"DEPUTADO FEDERAL","PPB","SC",4
"285",2002,"DEPUTADO FEDERAL","PPB","SE",1
"286",2002,"DEPUTADO FEDERAL","PPB","SP",3
"287",2002,"DEPUTADO FEDERAL","PPB","TO",1
"288",2002,"DEPUTADO FEDERAL","PPS","AC",1
"289",2002,"DEPUTADO FEDERAL","PPS","BA",1
"290",2002,"DEPUTADO FEDERAL","PPS","CE",1
"291",2002,"DEPUTADO FEDERAL","PPS","MG",3
"292",2002,"DEPUTADO FEDERAL","PPS","MS",1
"293",2002,"DEPUTADO FEDERAL","PPS","PE",1
"294",2002,"DEPUTADO FEDERAL","PPS","PR",2
"295",2002,"DEPUTADO FEDERAL","PPS","RO",1
"296",2002,"DEPUTADO FEDERAL","PPS","RS",1
"297",2002,"DEPUTADO FEDERAL","PPS","SP",3
"298",2002,"DEPUTADO FEDERAL","PRONA","SP",6
"299",2002,"DEPUTADO FEDERAL","PSB","AL",2
"300",2002,"DEPUTADO FEDERAL","PSB","AP",1
"301",2002,"DEPUTADO FEDERAL","PSB","ES",1
"302",2002,"DEPUTADO FEDERAL","PSB","MA",1
"303",2002,"DEPUTADO FEDERAL","PSB","MG",1
"304",2002,"DEPUTADO FEDERAL","PSB","PE",4
"305",2002,"DEPUTADO FEDERAL","PSB","RJ",6
"306",2002,"DEPUTADO FEDERAL","PSB","RS",1
"307",2002,"DEPUTADO FEDERAL","PSB","SP",5
"308",2002,"DEPUTADO FEDERAL","PSC","RJ",1
"309",2002,"DEPUTADO FEDERAL","PSD","DF",1
"310",2002,"DEPUTADO FEDERAL","PSD","PB",1
"311",2002,"DEPUTADO FEDERAL","PSD","RJ",1
"312",2002,"DEPUTADO FEDERAL","PSD","TO",1
"313",2002,"DEPUTADO FEDERAL","PSDB","AL",1
"314",2002,"DEPUTADO FEDERAL","PSDB","AP",1
"315",2002,"DEPUTADO FEDERAL","PSDB","BA",2
"316",2002,"DEPUTADO FEDERAL","PSDB","CE",8
"317",2002,"DEPUTADO FEDERAL","PSDB","ES",2
"318",2002,"DEPUTADO FEDERAL","PSDB","GO",5
"319",2002,"DEPUTADO FEDERAL","PSDB","MA",2
"320",2002,"DEPUTADO FEDERAL","PSDB","MG",8
"321",2002,"DEPUTADO FEDERAL","PSDB","MT",3
"322",2002,"DEPUTADO FEDERAL","PSDB","PA",4
"323",2002,"DEPUTADO FEDERAL","PSDB","PB",3
"324",2002,"DEPUTADO FEDERAL","PSDB","PE",3
"325",2002,"DEPUTADO FEDERAL","PSDB","PI",2
"326",2002,"DEPUTADO FEDERAL","PSDB","PR",5
"327",2002,"DEPUTADO FEDERAL","PSDB","RJ",5
"328",2002,"DEPUTADO FEDERAL","PSDB","RO",1
"329",2002,"DEPUTADO FEDERAL","PSDB","RS",1
"330",2002,"DEPUTADO FEDERAL","PSDB","SE",1
"331",2002,"DEPUTADO FEDERAL","PSDB","SP",11
"332",2002,"DEPUTADO FEDERAL","PSDB","TO",2
"333",2002,"DEPUTADO FEDERAL","PSDC","RJ",1
"334",2002,"DEPUTADO FEDERAL","PSL","MG",1
"335",2002,"DEPUTADO FEDERAL","PST","MG",2
"336",2002,"DEPUTADO FEDERAL","PST","RR",1
"337",2002,"DEPUTADO FEDERAL","PT","AC",3
"338",2002,"DEPUTADO FEDERAL","PT","AP",2
"339",2002,"DEPUTADO FEDERAL","PT","BA",7
"340",2002,"DEPUTADO FEDERAL","PT","CE",2
"341",2002,"DEPUTADO FEDERAL","PT","DF",2
"342",2002,"DEPUTADO FEDERAL","PT","ES",1
"343",2002,"DEPUTADO FEDERAL","PT","GO",2
"344",2002,"DEPUTADO FEDERAL","PT","MA",1
"345",2002,"DEPUTADO FEDERAL","PT","MG",11
"346",2002,"DEPUTADO FEDERAL","PT","MS",3
"347",2002,"DEPUTADO FEDERAL","PT","MT",1
"348",2002,"DEPUTADO FEDERAL","PT","PA",3
"349",2002,"DEPUTADO FEDERAL","PT","PB",1
"350",2002,"DEPUTADO FEDERAL","PT","PE",3
"351",2002,"DEPUTADO FEDERAL","PT","PI",1
"352",2002,"DEPUTADO FEDERAL","PT","PR",6
"353",2002,"DEPUTADO FEDERAL","PT","RJ",7
"354",2002,"DEPUTADO FEDERAL","PT","RN",1
"355",2002,"DEPUTADO FEDERAL","PT","RO",2
"356",2002,"DEPUTADO FEDERAL","PT","RS",8
"357",2002,"DEPUTADO FEDERAL","PT","SC",5
"358",2002,"DEPUTADO FEDERAL","PT","SE",1
"359",2002,"DEPUTADO FEDERAL","PT","SP",18
"360",2002,"DEPUTADO FEDERAL","PTB","AL",2
"361",2002,"DEPUTADO FEDERAL","PTB","AM",1
"362",2002,"DEPUTADO FEDERAL","PTB","AP",1
"363",2002,"DEPUTADO FEDERAL","PTB","BA",1
"364",2002,"DEPUTADO FEDERAL","PTB","ES",1
"365",2002,"DEPUTADO FEDERAL","PTB","MG",2
"366",2002,"DEPUTADO FEDERAL","PTB","MS",1
"367",2002,"DEPUTADO FEDERAL","PTB","PA",1
"368",2002,"DEPUTADO FEDERAL","PTB","PB",2
"369",2002,"DEPUTADO FEDERAL","PTB","PR",3
"370",2002,"DEPUTADO FEDERAL","PTB","RJ",1
"371",2002,"DEPUTADO FEDERAL","PTB","RN",1
"372",2002,"DEPUTADO FEDERAL","PTB","RO",1
"373",2002,"DEPUTADO FEDERAL","PTB","RS",3
"374",2002,"DEPUTADO FEDERAL","PTB","SP",5
"375",2002,"DEPUTADO FEDERAL","PV","BA",1
"376",2002,"DEPUTADO FEDERAL","PV","MG",1
"377",2002,"DEPUTADO FEDERAL","PV","RJ",1
"378",2002,"DEPUTADO FEDERAL","PV","SP",2
"379",2006,"DEPUTADO FEDERAL","PAN","MA",1
"380",2006,"DEPUTADO FEDERAL","PC do B","AC",1
"381",2006,"DEPUTADO FEDERAL","PC do B","AM",1
"382",2006,"DEPUTADO FEDERAL","PC do B","AP",1
"383",2006,"DEPUTADO FEDERAL","PC do B","BA",2
"384",2006,"DEPUTADO FEDERAL","PC do B","CE",1
"385",2006,"DEPUTADO FEDERAL","PC do B","MA",1
"386",2006,"DEPUTADO FEDERAL","PC do B","MG",1
"387",2006,"DEPUTADO FEDERAL","PC do B","PE",1
"388",2006,"DEPUTADO FEDERAL","PC do B","PI",1
"389",2006,"DEPUTADO FEDERAL","PC do B","RJ",1
"390",2006,"DEPUTADO FEDERAL","PC do B","RS",1
"391",2006,"DEPUTADO FEDERAL","PC do B","SP",1
"392",2006,"DEPUTADO FEDERAL","PDT","AL",1
"393",2006,"DEPUTADO FEDERAL","PDT","AP",1
"394",2006,"DEPUTADO FEDERAL","PDT","BA",3
"395",2006,"DEPUTADO FEDERAL","PDT","ES",2
"396",2006,"DEPUTADO FEDERAL","PDT","MA",2
"397",2006,"DEPUTADO FEDERAL","PDT","MG",2
"398",2006,"DEPUTADO FEDERAL","PDT","MS",1
"399",2006,"DEPUTADO FEDERAL","PDT","PA",1
"400",2006,"DEPUTADO FEDERAL","PDT","PE",1
"401",2006,"DEPUTADO FEDERAL","PDT","PR",1
"402",2006,"DEPUTADO FEDERAL","PDT","RJ",3
"403",2006,"DEPUTADO FEDERAL","PDT","RS",3
"404",2006,"DEPUTADO FEDERAL","PDT","SP",3
"405",2006,"DEPUTADO FEDERAL","PFL","AL",2
"406",2006,"DEPUTADO FEDERAL","PFL","AM",1
"407",2006,"DEPUTADO FEDERAL","PFL","AP",1
"408",2006,"DEPUTADO FEDERAL","PFL","BA",13
"409",2006,"DEPUTADO FEDERAL","PFL","DF",2
"410",2006,"DEPUTADO FEDERAL","PFL","GO",1
"411",2006,"DEPUTADO FEDERAL","PFL","MA",2
"412",2006,"DEPUTADO FEDERAL","PFL","MG",6
"413",2006,"DEPUTADO FEDERAL","PFL","PA",2
"414",2006,"DEPUTADO FEDERAL","PFL","PB",1
"415",2006,"DEPUTADO FEDERAL","PFL","PE",3
"416",2006,"DEPUTADO FEDERAL","PFL","PI",2
"417",2006,"DEPUTADO FEDERAL","PFL","PR",5
"418",2006,"DEPUTADO FEDERAL","PFL","RJ",5
"419",2006,"DEPUTADO FEDERAL","PFL","RN",1
"420",2006,"DEPUTADO FEDERAL","PFL","RR",2
"421",2006,"DEPUTADO FEDERAL","PFL","RS",2
"422",2006,"DEPUTADO FEDERAL","PFL","SC",3
"423",2006,"DEPUTADO FEDERAL","PFL","SE",3
"424",2006,"DEPUTADO FEDERAL","PFL","SP",5
"425",2006,"DEPUTADO FEDERAL","PFL","TO",3
"426",2006,"DEPUTADO FEDERAL","PHS","MG",1
"427",2006,"DEPUTADO FEDERAL","PHS","RJ",1
"428",2006,"DEPUTADO FEDERAL","PL","BA",3
"429",2006,"DEPUTADO FEDERAL","PL","CE",1
"430",2006,"DEPUTADO FEDERAL","PL","ES",1
"431",2006,"DEPUTADO FEDERAL","PL","GO",1
"432",2006,"DEPUTADO FEDERAL","PL","MG",6
"433",2006,"DEPUTADO FEDERAL","PL","MT",1
"434",2006,"DEPUTADO FEDERAL","PL","PB",2
"435",2006,"DEPUTADO FEDERAL","PL","PE",1
"436",2006,"DEPUTADO FEDERAL","PL","PR",2
"437",2006,"DEPUTADO FEDERAL","PL","RJ",1
"438",2006,"DEPUTADO FEDERAL","PL","RN",1
"439",2006,"DEPUTADO FEDERAL","PL","RR",1
"440",2006,"DEPUTADO FEDERAL","PL","SP",2
"441",2006,"DEPUTADO FEDERAL","PMDB","AC",1
"442",2006,"DEPUTADO FEDERAL","PMDB","AL",3
"443",2006,"DEPUTADO FEDERAL","PMDB","AM",1
"444",2006,"DEPUTADO FEDERAL","PMDB","AP",2
"445",2006,"DEPUTADO FEDERAL","PMDB","BA",1
"446",2006,"DEPUTADO FEDERAL","PMDB","CE",6
"447",2006,"DEPUTADO FEDERAL","PMDB","DF",2
"448",2006,"DEPUTADO FEDERAL","PMDB","ES",4
"449",2006,"DEPUTADO FEDERAL","PMDB","GO",5
"450",2006,"DEPUTADO FEDERAL","PMDB","MA",3
"451",2006,"DEPUTADO FEDERAL","PMDB","MG",7
"452",2006,"DEPUTADO FEDERAL","PMDB","MS",2
"453",2006,"DEPUTADO FEDERAL","PMDB","MT",1
"454",2006,"DEPUTADO FEDERAL","PMDB","PA",6
"455",2006,"DEPUTADO FEDERAL","PMDB","PB",3
"456",2006,"DEPUTADO FEDERAL","PMDB","PE",3
"457",2006,"DEPUTADO FEDERAL","PMDB","PI",2
"458",2006,"DEPUTADO FEDERAL","PMDB","PR",8
"459",2006,"DEPUTADO FEDERAL","PMDB","RJ",10
"460",2006,"DEPUTADO FEDERAL","PMDB","RN",1
"461",2006,"DEPUTADO FEDERAL","PMDB","RO",2
"462",2006,"DEPUTADO FEDERAL","PMDB","RR",1
"463",2006,"DEPUTADO FEDERAL","PMDB","RS",5
"464",2006,"DEPUTADO FEDERAL","PMDB","SC",5
"465",2006,"DEPUTADO FEDERAL","PMDB","SP",3
"466",2006,"DEPUTADO FEDERAL","PMDB","TO",2
"467",2006,"DEPUTADO FEDERAL","PMN","AC",1
"468",2006,"DEPUTADO FEDERAL","PMN","AL",1
"469",2006,"DEPUTADO FEDERAL","PMN","RN",1
"470",2006,"DEPUTADO FEDERAL","PP","AC",1
"471",2006,"DEPUTADO FEDERAL","PP","AL",1
"472",2006,"DEPUTADO FEDERAL","PP","AM",2
"473",2006,"DEPUTADO FEDERAL","PP","BA",3
"474",2006,"DEPUTADO FEDERAL","PP","CE",2
"475",2006,"DEPUTADO FEDERAL","PP","GO",2
"476",2006,"DEPUTADO FEDERAL","PP","MG",3
"477",2006,"DEPUTADO FEDERAL","PP","MS",1
"478",2006,"DEPUTADO FEDERAL","PP","MT",2
"479",2006,"DEPUTADO FEDERAL","PP","PA",1
"480",2006,"DEPUTADO FEDERAL","PP","PE",1
"481",2006,"DEPUTADO FEDERAL","PP","PI",1
"482",2006,"DEPUTADO FEDERAL","PP","PR",3
"483",2006,"DEPUTADO FEDERAL","PP","RJ",2
"484",2006,"DEPUTADO FEDERAL","PP","RN",1
"485",2006,"DEPUTADO FEDERAL","PP","RR",1
"486",2006,"DEPUTADO FEDERAL","PP","RS",5
"487",2006,"DEPUTADO FEDERAL","PP","SC",3
"488",2006,"DEPUTADO FEDERAL","PP","SP",5
"489",2006,"DEPUTADO FEDERAL","PP","TO",1
"490",2006,"DEPUTADO FEDERAL","PPS","AC",1
"491",2006,"DEPUTADO FEDERAL","PPS","AP",1
"492",2006,"DEPUTADO FEDERAL","PPS","BA",2
"493",2006,"DEPUTADO FEDERAL","PPS","DF",1
"494",2006,"DEPUTADO FEDERAL","PPS","MG",4
"495",2006,"DEPUTADO FEDERAL","PPS","MS",1
"496",2006,"DEPUTADO FEDERAL","PPS","MT",1
"497",2006,"DEPUTADO FEDERAL","PPS","PE",1
"498",2006,"DEPUTADO FEDERAL","PPS","PR",2
"499",2006,"DEPUTADO FEDERAL","PPS","RJ",3
"500",2006,"DEPUTADO FEDERAL","PPS","RO",1
"501",2006,"DEPUTADO FEDERAL","PPS","RS",1
"502",2006,"DEPUTADO FEDERAL","PPS","SC",1
"503",2006,"DEPUTADO FEDERAL","PPS","SP",2
"504",2006,"DEPUTADO FEDERAL","PRB","RJ",1
"505",2006,"DEPUTADO FEDERAL","PRONA","RJ",1
"506",2006,"DEPUTADO FEDERAL","PRONA","SP",1
"507",2006,"DEPUTADO FEDERAL","PSB","AL",1
"508",2006,"DEPUTADO FEDERAL","PSB","AM",1
"509",2006,"DEPUTADO FEDERAL","PSB","AP",1
"510",2006,"DEPUTADO FEDERAL","PSB","BA",1
"511",2006,"DEPUTADO FEDERAL","PSB","CE",2
"512",2006,"DEPUTADO FEDERAL","PSB","DF",1
"513",2006,"DEPUTADO FEDERAL","PSB","MA",2
"514",2006,"DEPUTADO FEDERAL","PSB","MG",1
"515",2006,"DEPUTADO FEDERAL","PSB","MT",1
"516",2006,"DEPUTADO FEDERAL","PSB","PB",2
"517",2006,"DEPUTADO FEDERAL","PSB","PE",3
"518",2006,"DEPUTADO FEDERAL","PSB","RJ",1
"519",2006,"DEPUTADO FEDERAL","PSB","RN",2
"520",2006,"DEPUTADO FEDERAL","PSB","RO",1
"521",2006,"DEPUTADO FEDERAL","PSB","RR",1
"522",2006,"DEPUTADO FEDERAL","PSB","RS",1
"523",2006,"DEPUTADO FEDERAL","PSB","SE",1
"524",2006,"DEPUTADO FEDERAL","PSB","SP",4
"525",2006,"DEPUTADO FEDERAL","PSC","ES",1
"526",2006,"DEPUTADO FEDERAL","PSC","MG",1
"527",2006,"DEPUTADO FEDERAL","PSC","PA",1
"528",2006,"DEPUTADO FEDERAL","PSC","PE",1
"529",2006,"DEPUTADO FEDERAL","PSC","RJ",3
"530",2006,"DEPUTADO FEDERAL","PSC","SE",1
"531",2006,"DEPUTADO FEDERAL","PSC","SP",1
"532",2006,"DEPUTADO FEDERAL","PSDB","BA",2
"533",2006,"DEPUTADO FEDERAL","PSDB","CE",5
"534",2006,"DEPUTADO FEDERAL","PSDB","ES",1
"535",2006,"DEPUTADO FEDERAL","PSDB","GO",4
"536",2006,"DEPUTADO FEDERAL","PSDB","MA",4
"537",2006,"DEPUTADO FEDERAL","PSDB","MG",7
"538",2006,"DEPUTADO FEDERAL","PSDB","MS",1
"539",2006,"DEPUTADO FEDERAL","PSDB","MT",1
"540",2006,"DEPUTADO FEDERAL","PSDB","PA",3
"541",2006,"DEPUTADO FEDERAL","PSDB","PB",3
"542",2006,"DEPUTADO FEDERAL","PSDB","PE",2
"543",2006,"DEPUTADO FEDERAL","PSDB","PI",1
"544",2006,"DEPUTADO FEDERAL","PSDB","PR",4
"545",2006,"DEPUTADO FEDERAL","PSDB","RJ",3
"546",2006,"DEPUTADO FEDERAL","PSDB","RR",1
"547",2006,"DEPUTADO FEDERAL","PSDB","RS",2
"548",2006,"DEPUTADO FEDERAL","PSDB","SC",1
"549",2006,"DEPUTADO FEDERAL","PSDB","SE",1
"550",2006,"DEPUTADO FEDERAL","PSDB","SP",18
"551",2006,"DEPUTADO FEDERAL","PSDB","TO",2
"552",2006,"DEPUTADO FEDERAL","PSOL","RJ",1
"553",2006,"DEPUTADO FEDERAL","PSOL","RS",1
"554",2006,"DEPUTADO FEDERAL","PSOL","SP",1
"555",2006,"DEPUTADO FEDERAL","PT","AC",3
"556",2006,"DEPUTADO FEDERAL","PT","AM",1
"557",2006,"DEPUTADO FEDERAL","PT","AP",1
"558",2006,"DEPUTADO FEDERAL","PT","BA",8
"559",2006,"DEPUTADO FEDERAL","PT","CE",4
"560",2006,"DEPUTADO FEDERAL","PT","DF",1
"561",2006,"DEPUTADO FEDERAL","PT","ES",1
"562",2006,"DEPUTADO FEDERAL","PT","GO",2
"563",2006,"DEPUTADO FEDERAL","PT","MA",1
"564",2006,"DEPUTADO FEDERAL","PT","MG",9
"565",2006,"DEPUTADO FEDERAL","PT","MS",2
"566",2006,"DEPUTADO FEDERAL","PT","MT",1
"567",2006,"DEPUTADO FEDERAL","PT","PA",3
"568",2006,"DEPUTADO FEDERAL","PT","PB",1
"569",2006,"DEPUTADO FEDERAL","PT","PE",5
"570",2006,"DEPUTADO FEDERAL","PT","PI",2
"571",2006,"DEPUTADO FEDERAL","PT","PR",4
"572",2006,"DEPUTADO FEDERAL","PT","RJ",6
"573",2006,"DEPUTADO FEDERAL","PT","RN",1
"574",2006,"DEPUTADO FEDERAL","PT","RO",2
"575",2006,"DEPUTADO FEDERAL","PT","RS",7
"576",2006,"DEPUTADO FEDERAL","PT","SC",3
"577",2006,"DEPUTADO FEDERAL","PT","SE",1
"578",2006,"DEPUTADO FEDERAL","PT","SP",14
"579",2006,"DEPUTADO FEDERAL","PT do B","RJ",1
"580",2006,"DEPUTADO FEDERAL","PTB","AM",1
"581",2006,"DEPUTADO FEDERAL","PTB","CE",1
"582",2006,"DEPUTADO FEDERAL","PTB","DF",1
"583",2006,"DEPUTADO FEDERAL","PTB","GO",2
"584",2006,"DEPUTADO FEDERAL","PTB","MA",1
"585",2006,"DEPUTADO FEDERAL","PTB","PE",3
"586",2006,"DEPUTADO FEDERAL","PTB","PI",1
"587",2006,"DEPUTADO FEDERAL","PTB","PR",1
"588",2006,"DEPUTADO FEDERAL","PTB","RJ",2
"589",2006,"DEPUTADO FEDERAL","PTB","RO",1
"590",2006,"DEPUTADO FEDERAL","PTB","RS",3
"591",2006,"DEPUTADO FEDERAL","PTB","SE",1
"592",2006,"DEPUTADO FEDERAL","PTB","SP",4
"593",2006,"DEPUTADO FEDERAL","PTC","MG",1
"594",2006,"DEPUTADO FEDERAL","PTC","RR",1
"595",2006,"DEPUTADO FEDERAL","PTC","SP",1
"596",2006,"DEPUTADO FEDERAL","PV","BA",1
"597",2006,"DEPUTADO FEDERAL","PV","MA",1
"598",2006,"DEPUTADO FEDERAL","PV","MG",4
"599",2006,"DEPUTADO FEDERAL","PV","RJ",1
"600",2006,"DEPUTADO FEDERAL","PV","RO",1
"601",2006,"DEPUTADO FEDERAL","PV","SP",5
"602",2010,"DEPUTADO FEDERAL","DEM","AM",1
"603",2010,"DEPUTADO FEDERAL","DEM","AP",1
"604",2010,"DEPUTADO FEDERAL","DEM","BA",6
"605",2010,"DEPUTADO FEDERAL","DEM","GO",3
"606",2010,"DEPUTADO FEDERAL","DEM","MA",1
"607",2010,"DEPUTADO FEDERAL","DEM","MG",3
"608",2010,"DEPUTADO FEDERAL","DEM","MS",1
"609",2010,"DEPUTADO FEDERAL","DEM","MT",1
"610",2010,"DEPUTADO FEDERAL","DEM","PA",1
"611",2010,"DEPUTADO FEDERAL","DEM","PB",1
"612",2010,"DEPUTADO FEDERAL","DEM","PE",2
"613",2010,"DEPUTADO FEDERAL","DEM","PI",2
"614",2010,"DEPUTADO FEDERAL","DEM","PR",2
"615",2010,"DEPUTADO FEDERAL","DEM","RJ",2
"616",2010,"DEPUTADO FEDERAL","DEM","RN",2
"617",2010,"DEPUTADO FEDERAL","DEM","RR",1
"618",2010,"DEPUTADO FEDERAL","DEM","RS",1
"619",2010,"DEPUTADO FEDERAL","DEM","SC",3
"620",2010,"DEPUTADO FEDERAL","DEM","SE",1
"621",2010,"DEPUTADO FEDERAL","DEM","SP",6
"622",2010,"DEPUTADO FEDERAL","DEM","TO",2
"623",2010,"DEPUTADO FEDERAL","PC do B","AC",1
"624",2010,"DEPUTADO FEDERAL","PC do B","AP",1
"625",2010,"DEPUTADO FEDERAL","PC do B","BA",3
"626",2010,"DEPUTADO FEDERAL","PC do B","CE",2
"627",2010,"DEPUTADO FEDERAL","PC do B","MG",1
"628",2010,"DEPUTADO FEDERAL","PC do B","PE",1
"629",2010,"DEPUTADO FEDERAL","PC do B","PI",1
"630",2010,"DEPUTADO FEDERAL","PC do B","RJ",1
"631",2010,"DEPUTADO FEDERAL","PC do B","RS",2
"632",2010,"DEPUTADO FEDERAL","PC do B","SP",2
"633",2010,"DEPUTADO FEDERAL","PDT","AP",1
"634",2010,"DEPUTADO FEDERAL","PDT","BA",4
"635",2010,"DEPUTADO FEDERAL","PDT","CE",1
"636",2010,"DEPUTADO FEDERAL","PDT","DF",1
"637",2010,"DEPUTADO FEDERAL","PDT","ES",3
"638",2010,"DEPUTADO FEDERAL","PDT","GO",1
"639",2010,"DEPUTADO FEDERAL","PDT","MG",2
"640",2010,"DEPUTADO FEDERAL","PDT","PA",1
"641",2010,"DEPUTADO FEDERAL","PDT","PB",1
"642",2010,"DEPUTADO FEDERAL","PDT","PE",1
"643",2010,"DEPUTADO FEDERAL","PDT","RJ",3
"644",2010,"DEPUTADO FEDERAL","PDT","RO",1
"645",2010,"DEPUTADO FEDERAL","PDT","RS",3
"646",2010,"DEPUTADO FEDERAL","PDT","SP",3
"647",2010,"DEPUTADO FEDERAL","PDT","TO",1
"648",2010,"DEPUTADO FEDERAL","PHS","MG",1
"649",2010,"DEPUTADO FEDERAL","PHS","RJ",1
"650",2010,"DEPUTADO FEDERAL","PMDB","AC",1
"651",2010,"DEPUTADO FEDERAL","PMDB","AL",2
"652",2010,"DEPUTADO FEDERAL","PMDB","AM",1
"653",2010,"DEPUTADO FEDERAL","PMDB","AP",1
"654",2010,"DEPUTADO FEDERAL","PMDB","BA",2
"655",2010,"DEPUTADO FEDERAL","PMDB","CE",5
"656",2010,"DEPUTADO FEDERAL","PMDB","DF",1
"657",2010,"DEPUTADO FEDERAL","PMDB","ES",2
"658",2010,"DEPUTADO FEDERAL","PMDB","GO",4
"659",2010,"DEPUTADO FEDERAL","PMDB","MA",5
"660",2010,"DEPUTADO FEDERAL","PMDB","MG",7
"661",2010,"DEPUTADO FEDERAL","PMDB","MS",3
"662",2010,"DEPUTADO FEDERAL","PMDB","MT",1
"663",2010,"DEPUTADO FEDERAL","PMDB","PA",4
"664",2010,"DEPUTADO FEDERAL","PMDB","PB",5
"665",2010,"DEPUTADO FEDERAL","PMDB","PE",1
"666",2010,"DEPUTADO FEDERAL","PMDB","PI",2
"667",2010,"DEPUTADO FEDERAL","PMDB","PR",6
"668",2010,"DEPUTADO FEDERAL","PMDB","RJ",8
"669",2010,"DEPUTADO FEDERAL","PMDB","RN",1
"670",2010,"DEPUTADO FEDERAL","PMDB","RO",2
"671",2010,"DEPUTADO FEDERAL","PMDB","RR",2
"672",2010,"DEPUTADO FEDERAL","PMDB","RS",4
"673",2010,"DEPUTADO FEDERAL","PMDB","SC",5
"674",2010,"DEPUTADO FEDERAL","PMDB","SE",1
"675",2010,"DEPUTADO FEDERAL","PMDB","SP",1
"676",2010,"DEPUTADO FEDERAL","PMDB","TO",1
"677",2010,"DEPUTADO FEDERAL","PMN","DF",1
"678",2010,"DEPUTADO FEDERAL","PMN","GO",1
"679",2010,"DEPUTADO FEDERAL","PMN","MG",1
"680",2010,"DEPUTADO FEDERAL","PMN","RN",1
"681",2010,"DEPUTADO FEDERAL","PP","AC",1
"682",2010,"DEPUTADO FEDERAL","PP","AL",1
"683",2010,"DEPUTADO FEDERAL","PP","AM",2
"684",2010,"DEPUTADO FEDERAL","PP","BA",4
"685",2010,"DEPUTADO FEDERAL","PP","CE",1
"686",2010,"DEPUTADO FEDERAL","PP","GO",2
"687",2010,"DEPUTADO FEDERAL","PP","MA",1
"688",2010,"DEPUTADO FEDERAL","PP","MG",5
"689",2010,"DEPUTADO FEDERAL","PP","MT",2
"690",2010,"DEPUTADO FEDERAL","PP","PB",1
"691",2010,"DEPUTADO FEDERAL","PP","PE",2
"692",2010,"DEPUTADO FEDERAL","PP","PI",1
"693",2010,"DEPUTADO FEDERAL","PP","PR",3
"694",2010,"DEPUTADO FEDERAL","PP","RJ",3
"695",2010,"DEPUTADO FEDERAL","PP","RO",1
"696",2010,"DEPUTADO FEDERAL","PP","RR",1
"697",2010,"DEPUTADO FEDERAL","PP","RS",6
"698",2010,"DEPUTADO FEDERAL","PP","SC",2
"699",2010,"DEPUTADO FEDERAL","PP","SP",4
"700",2010,"DEPUTADO FEDERAL","PP","TO",1
"701",2010,"DEPUTADO FEDERAL","PPS","MG",2
"702",2010,"DEPUTADO FEDERAL","PPS","PA",1
"703",2010,"DEPUTADO FEDERAL","PPS","PR",3
"704",2010,"DEPUTADO FEDERAL","PPS","RJ",1
"705",2010,"DEPUTADO FEDERAL","PPS","RO",1
"706",2010,"DEPUTADO FEDERAL","PPS","SP",3
"707",2010,"DEPUTADO FEDERAL","PPS","TO",1
"708",2010,"DEPUTADO FEDERAL","PR","AL",1
"709",2010,"DEPUTADO FEDERAL","PR","AM",1
"710",2010,"DEPUTADO FEDERAL","PR","BA",3
"711",2010,"DEPUTADO FEDERAL","PR","CE",2
"712",2010,"DEPUTADO FEDERAL","PR","DF",2
"713",2010,"DEPUTADO FEDERAL","PR","GO",1
"714",2010,"DEPUTADO FEDERAL","PR","MA",1
"715",2010,"DEPUTADO FEDERAL","PR","MG",7
"716",2010,"DEPUTADO FEDERAL","PR","MS",1
"717",2010,"DEPUTADO FEDERAL","PR","MT",2
"718",2010,"DEPUTADO FEDERAL","PR","PA",1
"719",2010,"DEPUTADO FEDERAL","PR","PB",1
"720",2010,"DEPUTADO FEDERAL","PR","PE",2
"721",2010,"DEPUTADO FEDERAL","PR","PR",1
"722",2010,"DEPUTADO FEDERAL","PR","RJ",8
"723",2010,"DEPUTADO FEDERAL","PR","RN",1
"724",2010,"DEPUTADO FEDERAL","PR","RR",1
"725",2010,"DEPUTADO FEDERAL","PR","SE",1
"726",2010,"DEPUTADO FEDERAL","PR","SP",4
"727",2010,"DEPUTADO FEDERAL","PRB","BA",1
"728",2010,"DEPUTADO FEDERAL","PRB","MA",1
"729",2010,"DEPUTADO FEDERAL","PRB","MG",1
"730",2010,"DEPUTADO FEDERAL","PRB","RJ",1
"731",2010,"DEPUTADO FEDERAL","PRB","RR",1
"732",2010,"DEPUTADO FEDERAL","PRB","SE",1
"733",2010,"DEPUTADO FEDERAL","PRB","SP",2
"734",2010,"DEPUTADO FEDERAL","PRP","BA",1
"735",2010,"DEPUTADO FEDERAL","PRP","RR",1
"736",2010,"DEPUTADO FEDERAL","PRTB","AP",1
"737",2010,"DEPUTADO FEDERAL","PRTB","RJ",1
"738",2010,"DEPUTADO FEDERAL","PSB","AL",1
"739",2010,"DEPUTADO FEDERAL","PSB","AP",1
"740",2010,"DEPUTADO FEDERAL","PSB","CE",4
"741",2010,"DEPUTADO FEDERAL","PSB","ES",2
"742",2010,"DEPUTADO FEDERAL","PSB","MA",1
"743",2010,"DEPUTADO FEDERAL","PSB","MG",1
"744",2010,"DEPUTADO FEDERAL","PSB","MT",1
"745",2010,"DEPUTADO FEDERAL","PSB","PE",5
"746",2010,"DEPUTADO FEDERAL","PSB","PI",1
"747",2010,"DEPUTADO FEDERAL","PSB","PR",1
"748",2010,"DEPUTADO FEDERAL","PSB","RJ",3
"749",2010,"DEPUTADO FEDERAL","PSB","RN",1
"750",2010,"DEPUTADO FEDERAL","PSB","RO",1
"751",2010,"DEPUTADO FEDERAL","PSB","RS",3
"752",2010,"DEPUTADO FEDERAL","PSB","SE",1
"753",2010,"DEPUTADO FEDERAL","PSB","SP",7
"754",2010,"DEPUTADO FEDERAL","PSB","TO",1
"755",2010,"DEPUTADO FEDERAL","PSC","AC",1
"756",2010,"DEPUTADO FEDERAL","PSC","AM",1
"757",2010,"DEPUTADO FEDERAL","PSC","BA",2
"758",2010,"DEPUTADO FEDERAL","PSC","ES",1
"759",2010,"DEPUTADO FEDERAL","PSC","MG",1
"760",2010,"DEPUTADO FEDERAL","PSC","PA",1
"761",2010,"DEPUTADO FEDERAL","PSC","PE",1
"762",2010,"DEPUTADO FEDERAL","PSC","PR",4
"763",2010,"DEPUTADO FEDERAL","PSC","RJ",2
"764",2010,"DEPUTADO FEDERAL","PSC","SE",1
"765",2010,"DEPUTADO FEDERAL","PSC","SP",2
"766",2010,"DEPUTADO FEDERAL","PSDB","AC",1
"767",2010,"DEPUTADO FEDERAL","PSDB","AL",1
"768",2010,"DEPUTADO FEDERAL","PSDB","AP",1
"769",2010,"DEPUTADO FEDERAL","PSDB","BA",2
"770",2010,"DEPUTADO FEDERAL","PSDB","CE",2
"771",2010,"DEPUTADO FEDERAL","PSDB","ES",1
"772",2010,"DEPUTADO FEDERAL","PSDB","GO",3
"773",2010,"DEPUTADO FEDERAL","PSDB","MA",3
"774",2010,"DEPUTADO FEDERAL","PSDB","MG",8
"775",2010,"DEPUTADO FEDERAL","PSDB","MS",1
"776",2010,"DEPUTADO FEDERAL","PSDB","MT",1
"777",2010,"DEPUTADO FEDERAL","PSDB","PA",3
"778",2010,"DEPUTADO FEDERAL","PSDB","PB",2
"779",2010,"DEPUTADO FEDERAL","PSDB","PE",2
"780",2010,"DEPUTADO FEDERAL","PSDB","PR",3
"781",2010,"DEPUTADO FEDERAL","PSDB","RJ",2
"782",2010,"DEPUTADO FEDERAL","PSDB","RR",1
"783",2010,"DEPUTADO FEDERAL","PSDB","RS",1
"784",2010,"DEPUTADO FEDERAL","PSDB","SC",2
"785",2010,"DEPUTADO FEDERAL","PSDB","SP",13
"786",2010,"DEPUTADO FEDERAL","PSDB","TO",1
"787",2010,"DEPUTADO FEDERAL","PSL","MG",1
"788",2010,"DEPUTADO FEDERAL","PSOL","RJ",2
"789",2010,"DEPUTADO FEDERAL","PSOL","SP",1
"790",2010,"DEPUTADO FEDERAL","PT","AC",2
"791",2010,"DEPUTADO FEDERAL","PT","AM",1
"792",2010,"DEPUTADO FEDERAL","PT","AP",1
"793",2010,"DEPUTADO FEDERAL","PT","BA",10
"794",2010,"DEPUTADO FEDERAL","PT","CE",4
"795",2010,"DEPUTADO FEDERAL","PT","DF",3
"796",2010,"DEPUTADO FEDERAL","PT","ES",1
"797",2010,"DEPUTADO FEDERAL","PT","GO",1
"798",2010,"DEPUTADO FEDERAL","PT","MA",1
"799",2010,"DEPUTADO FEDERAL","PT","MG",8
"800",2010,"DEPUTADO FEDERAL","PT","MS",2
"801",2010,"DEPUTADO FEDERAL","PT","PA",4
"802",2010,"DEPUTADO FEDERAL","PT","PB",1
"803",2010,"DEPUTADO FEDERAL","PT","PE",4
"804",2010,"DEPUTADO FEDERAL","PT","PI",2
"805",2010,"DEPUTADO FEDERAL","PT","PR",5
"806",2010,"DEPUTADO FEDERAL","PT","RJ",5
"807",2010,"DEPUTADO FEDERAL","PT","RN",1
"808",2010,"DEPUTADO FEDERAL","PT","RO",1
"809",2010,"DEPUTADO FEDERAL","PT","RS",8
"810",2010,"DEPUTADO FEDERAL","PT","SC",4
"811",2010,"DEPUTADO FEDERAL","PT","SE",2
"812",2010,"DEPUTADO FEDERAL","PT","SP",15
"813",2010,"DEPUTADO FEDERAL","PT do B","AL",1
"814",2010,"DEPUTADO FEDERAL","PT do B","MA",1
"815",2010,"DEPUTADO FEDERAL","PT do B","MG",1
"816",2010,"DEPUTADO FEDERAL","PTB","AL",2
"817",2010,"DEPUTADO FEDERAL","PTB","AM",1
"818",2010,"DEPUTADO FEDERAL","PTB","BA",1
"819",2010,"DEPUTADO FEDERAL","PTB","CE",1
"820",2010,"DEPUTADO FEDERAL","PTB","GO",1
"821",2010,"DEPUTADO FEDERAL","PTB","MA",1
"822",2010,"DEPUTADO FEDERAL","PTB","MG",1
"823",2010,"DEPUTADO FEDERAL","PTB","PA",1
"824",2010,"DEPUTADO FEDERAL","PTB","PE",4
"825",2010,"DEPUTADO FEDERAL","PTB","PI",1
"826",2010,"DEPUTADO FEDERAL","PTB","PR",1
"827",2010,"DEPUTADO FEDERAL","PTB","RJ",1
"828",2010,"DEPUTADO FEDERAL","PTB","RO",1
"829",2010,"DEPUTADO FEDERAL","PTB","RS",3
"830",2010,"DEPUTADO FEDERAL","PTB","SP",2
"831",2010,"DEPUTADO FEDERAL","PTC","MA",1
"832",2010,"DEPUTADO FEDERAL","PV","AC",1
"833",2010,"DEPUTADO FEDERAL","PV","MA",1
"834",2010,"DEPUTADO FEDERAL","PV","MG",2
"835",2010,"DEPUTADO FEDERAL","PV","PR",1
"836",2010,"DEPUTADO FEDERAL","PV","RJ",2
"837",2010,"DEPUTADO FEDERAL","PV","RN",1
"838",2010,"DEPUTADO FEDERAL","PV","SP",5
"839",2014,"DEPUTADO FEDERAL","DEM","AM",1
"840",2014,"DEPUTADO FEDERAL","DEM","BA",4
"841",2014,"DEPUTADO FEDERAL","DEM","CE",1
"842",2014,"DEPUTADO FEDERAL","DEM","DF",1
"843",2014,"DEPUTADO FEDERAL","DEM","MG",2
"844",2014,"DEPUTADO FEDERAL","DEM","MS",1
"845",2014,"DEPUTADO FEDERAL","DEM","PA",1
"846",2014,"DEPUTADO FEDERAL","DEM","PB",1
"847",2014,"DEPUTADO FEDERAL","DEM","PE",1
"848",2014,"DEPUTADO FEDERAL","DEM","RJ",1
"849",2014,"DEPUTADO FEDERAL","DEM","RN",1
"850",2014,"DEPUTADO FEDERAL","DEM","RS",1
"851",2014,"DEPUTADO FEDERAL","DEM","SP",4
"852",2014,"DEPUTADO FEDERAL","DEM","TO",1
"853",2014,"DEPUTADO FEDERAL","PC do B","BA",2
"854",2014,"DEPUTADO FEDERAL","PC do B","CE",1
"855",2014,"DEPUTADO FEDERAL","PC do B","MA",1
"856",2014,"DEPUTADO FEDERAL","PC do B","MG",1
"857",2014,"DEPUTADO FEDERAL","PC do B","PE",1
"858",2014,"DEPUTADO FEDERAL","PC do B","PR",1
"859",2014,"DEPUTADO FEDERAL","PC do B","RJ",1
"860",2014,"DEPUTADO FEDERAL","PC do B","RS",1
"861",2014,"DEPUTADO FEDERAL","PC do B","SP",1
"862",2014,"DEPUTADO FEDERAL","PDT","AL",1
"863",2014,"DEPUTADO FEDERAL","PDT","AP",1
"864",2014,"DEPUTADO FEDERAL","PDT","BA",1
"865",2014,"DEPUTADO FEDERAL","PDT","CE",1
"866",2014,"DEPUTADO FEDERAL","PDT","ES",1
"867",2014,"DEPUTADO FEDERAL","PDT","GO",1
"868",2014,"DEPUTADO FEDERAL","PDT","MA",2
"869",2014,"DEPUTADO FEDERAL","PDT","MG",2
"870",2014,"DEPUTADO FEDERAL","PDT","MS",1
"871",2014,"DEPUTADO FEDERAL","PDT","PB",1
"872",2014,"DEPUTADO FEDERAL","PDT","PE",1
"873",2014,"DEPUTADO FEDERAL","PDT","RJ",1
"874",2014,"DEPUTADO FEDERAL","PDT","RO",1
"875",2014,"DEPUTADO FEDERAL","PDT","RR",1
"876",2014,"DEPUTADO FEDERAL","PDT","RS",3
"877",2014,"DEPUTADO FEDERAL","PDT","SP",1
"878",2014,"DEPUTADO FEDERAL","PEN","MA",2
"879",2014,"DEPUTADO FEDERAL","PHS","CE",1
"880",2014,"DEPUTADO FEDERAL","PHS","MG",1
"881",2014,"DEPUTADO FEDERAL","PHS","PE",1
"882",2014,"DEPUTADO FEDERAL","PHS","PR",1
"883",2014,"DEPUTADO FEDERAL","PHS","RR",1
"884",2014,"DEPUTADO FEDERAL","PMDB","AC",2
"885",2014,"DEPUTADO FEDERAL","PMDB","AL",1
"886",2014,"DEPUTADO FEDERAL","PMDB","AM",1
"887",2014,"DEPUTADO FEDERAL","PMDB","AP",1
"888",2014,"DEPUTADO FEDERAL","PMDB","BA",1
"889",2014,"DEPUTADO FEDERAL","PMDB","CE",3
"890",2014,"DEPUTADO FEDERAL","PMDB","DF",1
"891",2014,"DEPUTADO FEDERAL","PMDB","ES",1
"892",2014,"DEPUTADO FEDERAL","PMDB","GO",2
"893",2014,"DEPUTADO FEDERAL","PMDB","MA",2
"894",2014,"DEPUTADO FEDERAL","PMDB","MG",6
"895",2014,"DEPUTADO FEDERAL","PMDB","MS",2
"896",2014,"DEPUTADO FEDERAL","PMDB","MT",1
"897",2014,"DEPUTADO FEDERAL","PMDB","PA",3
"898",2014,"DEPUTADO FEDERAL","PMDB","PB",3
"899",2014,"DEPUTADO FEDERAL","PMDB","PE",1
"900",2014,"DEPUTADO FEDERAL","PMDB","PI",1
"901",2014,"DEPUTADO FEDERAL","PMDB","PR",4
"902",2014,"DEPUTADO FEDERAL","PMDB","RJ",8
"903",2014,"DEPUTADO FEDERAL","PMDB","RN",1
"904",2014,"DEPUTADO FEDERAL","PMDB","RO",3
"905",2014,"DEPUTADO FEDERAL","PMDB","RR",1
"906",2014,"DEPUTADO FEDERAL","PMDB","RS",5
"907",2014,"DEPUTADO FEDERAL","PMDB","SC",5
"908",2014,"DEPUTADO FEDERAL","PMDB","SE",1
"909",2014,"DEPUTADO FEDERAL","PMDB","SP",2
"910",2014,"DEPUTADO FEDERAL","PMDB","TO",3
"911",2014,"DEPUTADO FEDERAL","PMN","MG",1
"912",2014,"DEPUTADO FEDERAL","PMN","RN",1
"913",2014,"DEPUTADO FEDERAL","PMN","RR",1
"914",2014,"DEPUTADO FEDERAL","PP","AL",1
"915",2014,"DEPUTADO FEDERAL","PP","AM",1
"916",2014,"DEPUTADO FEDERAL","PP","BA",4
"917",2014,"DEPUTADO FEDERAL","PP","ES",1
"918",2014,"DEPUTADO FEDERAL","PP","GO",1
"919",2014,"DEPUTADO FEDERAL","PP","MA",1
"920",2014,"DEPUTADO FEDERAL","PP","MG",5
"921",2014,"DEPUTADO FEDERAL","PP","MT",1
"922",2014,"DEPUTADO FEDERAL","PP","PB",1
"923",2014,"DEPUTADO FEDERAL","PP","PE",1
"924",2014,"DEPUTADO FEDERAL","PP","PI",1
"925",2014,"DEPUTADO FEDERAL","PP","PR",4
"926",2014,"DEPUTADO FEDERAL","PP","RJ",3
"927",2014,"DEPUTADO FEDERAL","PP","RN",1
"928",2014,"DEPUTADO FEDERAL","PP","RS",6
"929",2014,"DEPUTADO FEDERAL","PP","SC",2
"930",2014,"DEPUTADO FEDERAL","PP","SP",3
"931",2014,"DEPUTADO FEDERAL","PP","TO",1
"932",2014,"DEPUTADO FEDERAL","PPS","AM",1
"933",2014,"DEPUTADO FEDERAL","PPS","CE",1
"934",2014,"DEPUTADO FEDERAL","PPS","GO",1
"935",2014,"DEPUTADO FEDERAL","PPS","MA",1
"936",2014,"DEPUTADO FEDERAL","PPS","PA",1
"937",2014,"DEPUTADO FEDERAL","PPS","PR",2
"938",2014,"DEPUTADO FEDERAL","PPS","SC",1
"939",2014,"DEPUTADO FEDERAL","PPS","SP",2
"940",2014,"DEPUTADO FEDERAL","PR","AL",1
"941",2014,"DEPUTADO FEDERAL","PR","AM",1
"942",2014,"DEPUTADO FEDERAL","PR","AP",1
"943",2014,"DEPUTADO FEDERAL","PR","BA",2
"944",2014,"DEPUTADO FEDERAL","PR","CE",2
"945",2014,"DEPUTADO FEDERAL","PR","DF",1
"946",2014,"DEPUTADO FEDERAL","PR","GO",1
"947",2014,"DEPUTADO FEDERAL","PR","MG",3
"948",2014,"DEPUTADO FEDERAL","PR","PA",1
"949",2014,"DEPUTADO FEDERAL","PR","PB",1
"950",2014,"DEPUTADO FEDERAL","PR","PE",2
"951",2014,"DEPUTADO FEDERAL","PR","PR",2
"952",2014,"DEPUTADO FEDERAL","PR","RJ",6
"953",2014,"DEPUTADO FEDERAL","PR","RN",1
"954",2014,"DEPUTADO FEDERAL","PR","RO",1
"955",2014,"DEPUTADO FEDERAL","PR","RR",1
"956",2014,"DEPUTADO FEDERAL","PR","SC",1
"957",2014,"DEPUTADO FEDERAL","PR","SP",6
"958",2014,"DEPUTADO FEDERAL","PRB","AC",1
"959",2014,"DEPUTADO FEDERAL","PRB","AP",1
"960",2014,"DEPUTADO FEDERAL","PRB","BA",2
"961",2014,"DEPUTADO FEDERAL","PRB","CE",1
"962",2014,"DEPUTADO FEDERAL","PRB","MA",1
"963",2014,"DEPUTADO FEDERAL","PRB","MG",1
"964",2014,"DEPUTADO FEDERAL","PRB","RJ",2
"965",2014,"DEPUTADO FEDERAL","PRB","RR",1
"966",2014,"DEPUTADO FEDERAL","PRB","RS",1
"967",2014,"DEPUTADO FEDERAL","PRB","SE",1
"968",2014,"DEPUTADO FEDERAL","PRB","SP",8
"969",2014,"DEPUTADO FEDERAL","PRB","TO",1
"970",2014,"DEPUTADO FEDERAL","PROS","AL",1
"971",2014,"DEPUTADO FEDERAL","PROS","CE",3
"972",2014,"DEPUTADO FEDERAL","PROS","DF",1
"973",2014,"DEPUTADO FEDERAL","PROS","ES",1
"974",2014,"DEPUTADO FEDERAL","PROS","MT",1
"975",2014,"DEPUTADO FEDERAL","PROS","PA",1
"976",2014,"DEPUTADO FEDERAL","PROS","RJ",2
"977",2014,"DEPUTADO FEDERAL","PROS","RN",1
"978",2014,"DEPUTADO FEDERAL","PRP","MA",1
"979",2014,"DEPUTADO FEDERAL","PRP","MG",1
"980",2014,"DEPUTADO FEDERAL","PRP","RJ",1
"981",2014,"DEPUTADO FEDERAL","PRTB","AL",1
"982",2014,"DEPUTADO FEDERAL","PSB","AC",1
"983",2014,"DEPUTADO FEDERAL","PSB","AP",1
"984",2014,"DEPUTADO FEDERAL","PSB","BA",1
"985",2014,"DEPUTADO FEDERAL","PSB","ES",1
"986",2014,"DEPUTADO FEDERAL","PSB","MA",1
"987",2014,"DEPUTADO FEDERAL","PSB","MG",3
"988",2014,"DEPUTADO FEDERAL","PSB","MS",1
"989",2014,"DEPUTADO FEDERAL","PSB","MT",2
"990",2014,"DEPUTADO FEDERAL","PSB","PE",8
"991",2014,"DEPUTADO FEDERAL","PSB","PI",3
"992",2014,"DEPUTADO FEDERAL","PSB","PR",2
"993",2014,"DEPUTADO FEDERAL","PSB","RJ",1
"994",2014,"DEPUTADO FEDERAL","PSB","RR",1
"995",2014,"DEPUTADO FEDERAL","PSB","RS",2
"996",2014,"DEPUTADO FEDERAL","PSB","SE",1
"997",2014,"DEPUTADO FEDERAL","PSB","SP",4
"998",2014,"DEPUTADO FEDERAL","PSB","TO",1
"999",2014,"DEPUTADO FEDERAL","PSC","AP",1
"1000",2014,"DEPUTADO FEDERAL","PSC","BA",2
"1001",2014,"DEPUTADO FEDERAL","PSC","MG",1
"1002",2014,"DEPUTADO FEDERAL","PSC","MT",1
"1003",2014,"DEPUTADO FEDERAL","PSC","PA",1
"1004",2014,"DEPUTADO FEDERAL","PSC","PE",1
"1005",2014,"DEPUTADO FEDERAL","PSC","PR",2
"1006",2014,"DEPUTADO FEDERAL","PSC","SE",1
"1007",2014,"DEPUTADO FEDERAL","PSC","SP",3
"1008",2014,"DEPUTADO FEDERAL","PSD","AM",2
"1009",2014,"DEPUTADO FEDERAL","PSD","BA",4
"1010",2014,"DEPUTADO FEDERAL","PSD","DF",1
"1011",2014,"DEPUTADO FEDERAL","PSD","GO",2
"1012",2014,"DEPUTADO FEDERAL","PSD","MG",3
"1013",2014,"DEPUTADO FEDERAL","PSD","PA",3
"1014",2014,"DEPUTADO FEDERAL","PSD","PB",1
"1015",2014,"DEPUTADO FEDERAL","PSD","PE",1
"1016",2014,"DEPUTADO FEDERAL","PSD","PI",1
"1017",2014,"DEPUTADO FEDERAL","PSD","PR",1
"1018",2014,"DEPUTADO FEDERAL","PSD","RJ",6
"1019",2014,"DEPUTADO FEDERAL","PSD","RN",1
"1020",2014,"DEPUTADO FEDERAL","PSD","RS",1
"1021",2014,"DEPUTADO FEDERAL","PSD","SC",3
"1022",2014,"DEPUTADO FEDERAL","PSD","SE",1
"1023",2014,"DEPUTADO FEDERAL","PSD","SP",4
"1024",2014,"DEPUTADO FEDERAL","PSD","TO",1
"1025",2014,"DEPUTADO FEDERAL","PSDB","AC",1
"1026",2014,"DEPUTADO FEDERAL","PSDB","AL",1
"1027",2014,"DEPUTADO FEDERAL","PSDB","AM",1
"1028",2014,"DEPUTADO FEDERAL","PSDB","BA",3
"1029",2014,"DEPUTADO FEDERAL","PSDB","CE",1
"1030",2014,"DEPUTADO FEDERAL","PSDB","DF",1
"1031",2014,"DEPUTADO FEDERAL","PSDB","ES",1
"1032",2014,"DEPUTADO FEDERAL","PSDB","GO",6
"1033",2014,"DEPUTADO FEDERAL","PSDB","MA",1
"1034",2014,"DEPUTADO FEDERAL","PSDB","MG",7
"1035",2014,"DEPUTADO FEDERAL","PSDB","MS",1
"1036",2014,"DEPUTADO FEDERAL","PSDB","MT",1
"1037",2014,"DEPUTADO FEDERAL","PSDB","PA",1
"1038",2014,"DEPUTADO FEDERAL","PSDB","PB",1
"1039",2014,"DEPUTADO FEDERAL","PSDB","PE",3
"1040",2014,"DEPUTADO FEDERAL","PSDB","PR",3
"1041",2014,"DEPUTADO FEDERAL","PSDB","RJ",1
"1042",2014,"DEPUTADO FEDERAL","PSDB","RN",1
"1043",2014,"DEPUTADO FEDERAL","PSDB","RO",1
"1044",2014,"DEPUTADO FEDERAL","PSDB","RR",1
"1045",2014,"DEPUTADO FEDERAL","PSDB","RS",1
"1046",2014,"DEPUTADO FEDERAL","PSDB","SC",2
"1047",2014,"DEPUTADO FEDERAL","PSDB","SP",14
"1048",2014,"DEPUTADO FEDERAL","PSDC","MA",1
"1049",2014,"DEPUTADO FEDERAL","PSDC","RJ",1
"1050",2014,"DEPUTADO FEDERAL","PSL","CE",1
"1051",2014,"DEPUTADO FEDERAL","PSOL","PA",1
"1052",2014,"DEPUTADO FEDERAL","PSOL","RJ",3
"1053",2014,"DEPUTADO FEDERAL","PSOL","SP",1
"1054",2014,"DEPUTADO FEDERAL","PT","AC",3
"1055",2014,"DEPUTADO FEDERAL","PT","AL",1
"1056",2014,"DEPUTADO FEDERAL","PT","AP",1
"1057",2014,"DEPUTADO FEDERAL","PT","BA",8
"1058",2014,"DEPUTADO FEDERAL","PT","CE",4
"1059",2014,"DEPUTADO FEDERAL","PT","DF",1
"1060",2014,"DEPUTADO FEDERAL","PT","ES",2
"1061",2014,"DEPUTADO FEDERAL","PT","GO",1
"1062",2014,"DEPUTADO FEDERAL","PT","MA",1
"1063",2014,"DEPUTADO FEDERAL","PT","MG",9
"1064",2014,"DEPUTADO FEDERAL","PT","MS",2
"1065",2014,"DEPUTADO FEDERAL","PT","MT",1
"1066",2014,"DEPUTADO FEDERAL","PT","PA",2
"1067",2014,"DEPUTADO FEDERAL","PT","PB",1
"1068",2014,"DEPUTADO FEDERAL","PT","PI",2
"1069",2014,"DEPUTADO FEDERAL","PT","PR",4
"1070",2014,"DEPUTADO FEDERAL","PT","RJ",5
"1071",2014,"DEPUTADO FEDERAL","PT","RS",7
"1072",2014,"DEPUTADO FEDERAL","PT","SC",2
"1073",2014,"DEPUTADO FEDERAL","PT","SE",1
"1074",2014,"DEPUTADO FEDERAL","PT","SP",10
"1075",2014,"DEPUTADO FEDERAL","PT do B","MG",2
"1076",2014,"DEPUTADO FEDERAL","PTB","AP",1
"1077",2014,"DEPUTADO FEDERAL","PTB","BA",2
"1078",2014,"DEPUTADO FEDERAL","PTB","CE",1
"1079",2014,"DEPUTADO FEDERAL","PTB","GO",1
"1080",2014,"DEPUTADO FEDERAL","PTB","MA",1
"1081",2014,"DEPUTADO FEDERAL","PTB","MG",1
"1082",2014,"DEPUTADO FEDERAL","PTB","PA",1
"1083",2014,"DEPUTADO FEDERAL","PTB","PB",1
"1084",2014,"DEPUTADO FEDERAL","PTB","PE",4
"1085",2014,"DEPUTADO FEDERAL","PTB","PI",2
"1086",2014,"DEPUTADO FEDERAL","PTB","PR",1
"1087",2014,"DEPUTADO FEDERAL","PTB","RJ",2
"1088",2014,"DEPUTADO FEDERAL","PTB","RO",1
"1089",2014,"DEPUTADO FEDERAL","PTB","RS",3
"1090",2014,"DEPUTADO FEDERAL","PTB","SE",1
"1091",2014,"DEPUTADO FEDERAL","PTB","SP",2
"1092",2014,"DEPUTADO FEDERAL","PTC","BA",1
"1093",2014,"DEPUTADO FEDERAL","PTC","MG",1
"1094",2014,"DEPUTADO FEDERAL","PTN","BA",1
"1095",2014,"DEPUTADO FEDERAL","PTN","MG",1
"1096",2014,"DEPUTADO FEDERAL","PTN","PR",1
"1097",2014,"DEPUTADO FEDERAL","PTN","SP",1
"1098",2014,"DEPUTADO FEDERAL","PV","ES",1
"1099",2014,"DEPUTADO FEDERAL","PV","MA",2
"1100",2014,"DEPUTADO FEDERAL","PV","MG",1
"1101",2014,"DEPUTADO FEDERAL","PV","PR",1
"1102",2014,"DEPUTADO FEDERAL","PV","SP",3
"1103",2014,"DEPUTADO FEDERAL","SD","AL",1
"1104",2014,"DEPUTADO FEDERAL","SD","BA",1
"1105",2014,"DEPUTADO FEDERAL","SD","CE",1
"1106",2014,"DEPUTADO FEDERAL","SD","DF",1
"1107",2014,"DEPUTADO FEDERAL","SD","ES",1
"1108",2014,"DEPUTADO FEDERAL","SD","GO",1
"1109",2014,"DEPUTADO FEDERAL","SD","MG",1
"1110",2014,"DEPUTADO FEDERAL","SD","PA",1
"1111",2014,"DEPUTADO FEDERAL","SD","PB",1
"1112",2014,"DEPUTADO FEDERAL","SD","PR",1
"1113",2014,"DEPUTADO FEDERAL","SD","RJ",2
"1114",2014,"DEPUTADO FEDERAL","SD","RO",1
"1115",2014,"DEPUTADO FEDERAL","SD","SE",1
"1116",2014,"DEPUTADO FEDERAL","SD","SP",1
"1117",2018,"DEPUTADO FEDERAL","AVANTE","AP",1
"1118",2018,"DEPUTADO FEDERAL","AVANTE","BA",2
"1119",2018,"DEPUTADO FEDERAL","AVANTE","MG",3
"1120",2018,"DEPUTADO FEDERAL","AVANTE","RJ",1
"1121",2018,"DEPUTADO FEDERAL","DC","RJ",1
"1122",2018,"DEPUTADO FEDERAL","DEM","AC",1
"1123",2018,"DEPUTADO FEDERAL","DEM","BA",4
"1124",2018,"DEPUTADO FEDERAL","DEM","DF",1
"1125",2018,"DEPUTADO FEDERAL","DEM","ES",1
"1126",2018,"DEPUTADO FEDERAL","DEM","GO",2
"1127",2018,"DEPUTADO FEDERAL","DEM","MA",1
"1128",2018,"DEPUTADO FEDERAL","DEM","MG",1
"1129",2018,"DEPUTADO FEDERAL","DEM","MS",1
"1130",2018,"DEPUTADO FEDERAL","DEM","PA",2
"1131",2018,"DEPUTADO FEDERAL","DEM","PB",1
"1132",2018,"DEPUTADO FEDERAL","DEM","PE",1
"1133",2018,"DEPUTADO FEDERAL","DEM","PR",1
"1134",2018,"DEPUTADO FEDERAL","DEM","RJ",4
"1135",2018,"DEPUTADO FEDERAL","DEM","RS",1
"1136",2018,"DEPUTADO FEDERAL","DEM","SP",5
"1137",2018,"DEPUTADO FEDERAL","DEM","TO",2
"1138",2018,"DEPUTADO FEDERAL","MDB","AC",2
"1139",2018,"DEPUTADO FEDERAL","MDB","AL",1
"1140",2018,"DEPUTADO FEDERAL","MDB","CE",1
"1141",2018,"DEPUTADO FEDERAL","MDB","MA",2
"1142",2018,"DEPUTADO FEDERAL","MDB","MG",4
"1143",2018,"DEPUTADO FEDERAL","MDB","MT",2
"1144",2018,"DEPUTADO FEDERAL","MDB","PA",2
"1145",2018,"DEPUTADO FEDERAL","MDB","PE",1
"1146",2018,"DEPUTADO FEDERAL","MDB","PI",1
"1147",2018,"DEPUTADO FEDERAL","MDB","PR",2
"1148",2018,"DEPUTADO FEDERAL","MDB","RJ",3
"1149",2018,"DEPUTADO FEDERAL","MDB","RN",1
"1150",2018,"DEPUTADO FEDERAL","MDB","RO",1
"1151",2018,"DEPUTADO FEDERAL","MDB","RS",4
"1152",2018,"DEPUTADO FEDERAL","MDB","SC",3
"1153",2018,"DEPUTADO FEDERAL","MDB","SE",1
"1154",2018,"DEPUTADO FEDERAL","MDB","SP",2
"1155",2018,"DEPUTADO FEDERAL","MDB","TO",1
"1156",2018,"DEPUTADO FEDERAL","NOVO","MG",2
"1157",2018,"DEPUTADO FEDERAL","NOVO","RJ",1
"1158",2018,"DEPUTADO FEDERAL","NOVO","RS",1
"1159",2018,"DEPUTADO FEDERAL","NOVO","SC",1
"1160",2018,"DEPUTADO FEDERAL","NOVO","SP",3
"1161",2018,"DEPUTADO FEDERAL","PATRI","CE",1
"1162",2018,"DEPUTADO FEDERAL","PATRI","MA",1
"1163",2018,"DEPUTADO FEDERAL","PATRI","MG",2
"1164",2018,"DEPUTADO FEDERAL","PATRI","PE",1
"1165",2018,"DEPUTADO FEDERAL","PC do B","AC",1
"1166",2018,"DEPUTADO FEDERAL","PC do B","AP",1
"1167",2018,"DEPUTADO FEDERAL","PC do B","BA",2
"1168",2018,"DEPUTADO FEDERAL","PC do B","MA",2
"1169",2018,"DEPUTADO FEDERAL","PC do B","PE",1
"1170",2018,"DEPUTADO FEDERAL","PC do B","RJ",1
"1171",2018,"DEPUTADO FEDERAL","PC do B","SP",1
"1172",2018,"DEPUTADO FEDERAL","PDT","AC",1
"1173",2018,"DEPUTADO FEDERAL","PDT","BA",2
"1174",2018,"DEPUTADO FEDERAL","PDT","CE",6
"1175",2018,"DEPUTADO FEDERAL","PDT","ES",1
"1176",2018,"DEPUTADO FEDERAL","PDT","GO",1
"1177",2018,"DEPUTADO FEDERAL","PDT","MA",1
"1178",2018,"DEPUTADO FEDERAL","PDT","MG",2
"1179",2018,"DEPUTADO FEDERAL","PDT","MS",1
"1180",2018,"DEPUTADO FEDERAL","PDT","PB",1
"1181",2018,"DEPUTADO FEDERAL","PDT","PE",2
"1182",2018,"DEPUTADO FEDERAL","PDT","PI",1
"1183",2018,"DEPUTADO FEDERAL","PDT","PR",1
"1184",2018,"DEPUTADO FEDERAL","PDT","RJ",2
"1185",2018,"DEPUTADO FEDERAL","PDT","RO",1
"1186",2018,"DEPUTADO FEDERAL","PDT","RS",3
"1187",2018,"DEPUTADO FEDERAL","PDT","SE",1
"1188",2018,"DEPUTADO FEDERAL","PDT","SP",1
"1189",2018,"DEPUTADO FEDERAL","PHS","BA",2
"1190",2018,"DEPUTADO FEDERAL","PHS","MG",2
"1191",2018,"DEPUTADO FEDERAL","PHS","PE",1
"1192",2018,"DEPUTADO FEDERAL","PHS","RJ",1
"1193",2018,"DEPUTADO FEDERAL","PMN","MA",2
"1194",2018,"DEPUTADO FEDERAL","PMN","MG",1
"1195",2018,"DEPUTADO FEDERAL","PODE","BA",1
"1196",2018,"DEPUTADO FEDERAL","PODE","GO",1
"1197",2018,"DEPUTADO FEDERAL","PODE","MA",1
"1198",2018,"DEPUTADO FEDERAL","PODE","MG",1
"1199",2018,"DEPUTADO FEDERAL","PODE","MT",1
"1200",2018,"DEPUTADO FEDERAL","PODE","PE",1
"1201",2018,"DEPUTADO FEDERAL","PODE","PR",1
"1202",2018,"DEPUTADO FEDERAL","PODE","RO",1
"1203",2018,"DEPUTADO FEDERAL","PODE","SP",3
"1204",2018,"DEPUTADO FEDERAL","PP","AL",1
"1205",2018,"DEPUTADO FEDERAL","PP","AM",1
"1206",2018,"DEPUTADO FEDERAL","PP","AP",1
"1207",2018,"DEPUTADO FEDERAL","PP","BA",4
"1208",2018,"DEPUTADO FEDERAL","PP","CE",1
"1209",2018,"DEPUTADO FEDERAL","PP","DF",1
"1210",2018,"DEPUTADO FEDERAL","PP","ES",1
"1211",2018,"DEPUTADO FEDERAL","PP","GO",2
"1212",2018,"DEPUTADO FEDERAL","PP","MA",1
"1213",2018,"DEPUTADO FEDERAL","PP","MG",2
"1214",2018,"DEPUTADO FEDERAL","PP","MT",1
"1215",2018,"DEPUTADO FEDERAL","PP","PB",1
"1216",2018,"DEPUTADO FEDERAL","PP","PE",2
"1217",2018,"DEPUTADO FEDERAL","PP","PI",2
"1218",2018,"DEPUTADO FEDERAL","PP","PR",2
"1219",2018,"DEPUTADO FEDERAL","PP","RJ",2
"1220",2018,"DEPUTADO FEDERAL","PP","RO",1
"1221",2018,"DEPUTADO FEDERAL","PP","RR",1
"1222",2018,"DEPUTADO FEDERAL","PP","RS",4
"1223",2018,"DEPUTADO FEDERAL","PP","SC",1
"1224",2018,"DEPUTADO FEDERAL","PP","SE",1
"1225",2018,"DEPUTADO FEDERAL","PP","SP",4
"1226",2018,"DEPUTADO FEDERAL","PPL","BA",1
"1227",2018,"DEPUTADO FEDERAL","PPS","DF",1
"1228",2018,"DEPUTADO FEDERAL","PPS","ES",1
"1229",2018,"DEPUTADO FEDERAL","PPS","PE",1
"1230",2018,"DEPUTADO FEDERAL","PPS","PR",1
"1231",2018,"DEPUTADO FEDERAL","PPS","RJ",1
"1232",2018,"DEPUTADO FEDERAL","PPS","SC",1
"1233",2018,"DEPUTADO FEDERAL","PPS","SP",2
"1234",2018,"DEPUTADO FEDERAL","PR","AL",1
"1235",2018,"DEPUTADO FEDERAL","PR","AM",1
"1236",2018,"DEPUTADO FEDERAL","PR","AP",1
"1237",2018,"DEPUTADO FEDERAL","PR","BA",2
"1238",2018,"DEPUTADO FEDERAL","PR","CE",1
"1239",2018,"DEPUTADO FEDERAL","PR","DF",1
"1240",2018,"DEPUTADO FEDERAL","PR","ES",1
"1241",2018,"DEPUTADO FEDERAL","PR","GO",1
"1242",2018,"DEPUTADO FEDERAL","PR","MA",2
"1243",2018,"DEPUTADO FEDERAL","PR","MG",1
"1244",2018,"DEPUTADO FEDERAL","PR","PA",1
"1245",2018,"DEPUTADO FEDERAL","PR","PB",1
"1246",2018,"DEPUTADO FEDERAL","PR","PE",1
"1247",2018,"DEPUTADO FEDERAL","PR","PI",1
"1248",2018,"DEPUTADO FEDERAL","PR","PR",3
"1249",2018,"DEPUTADO FEDERAL","PR","RJ",2
"1250",2018,"DEPUTADO FEDERAL","PR","RN",1
"1251",2018,"DEPUTADO FEDERAL","PR","RR",1
"1252",2018,"DEPUTADO FEDERAL","PR","RS",1
"1253",2018,"DEPUTADO FEDERAL","PR","SE",1
"1254",2018,"DEPUTADO FEDERAL","PR","SP",7
"1255",2018,"DEPUTADO FEDERAL","PR","TO",1
"1256",2018,"DEPUTADO FEDERAL","PRB","AC",1
"1257",2018,"DEPUTADO FEDERAL","PRB","AL",1
"1258",2018,"DEPUTADO FEDERAL","PRB","AM",2
"1259",2018,"DEPUTADO FEDERAL","PRB","AP",1
"1260",2018,"DEPUTADO FEDERAL","PRB","BA",2
"1261",2018,"DEPUTADO FEDERAL","PRB","DF",1
"1262",2018,"DEPUTADO FEDERAL","PRB","ES",1
"1263",2018,"DEPUTADO FEDERAL","PRB","GO",1
"1264",2018,"DEPUTADO FEDERAL","PRB","MA",1
"1265",2018,"DEPUTADO FEDERAL","PRB","MG",2
"1266",2018,"DEPUTADO FEDERAL","PRB","PA",1
"1267",2018,"DEPUTADO FEDERAL","PRB","PB",1
"1268",2018,"DEPUTADO FEDERAL","PRB","PE",2
"1269",2018,"DEPUTADO FEDERAL","PRB","PR",2
"1270",2018,"DEPUTADO FEDERAL","PRB","RJ",2
"1271",2018,"DEPUTADO FEDERAL","PRB","RR",1
"1272",2018,"DEPUTADO FEDERAL","PRB","RS",1
"1273",2018,"DEPUTADO FEDERAL","PRB","SC",1
"1274",2018,"DEPUTADO FEDERAL","PRB","SP",6
"1275",2018,"DEPUTADO FEDERAL","PROS","AP",1
"1276",2018,"DEPUTADO FEDERAL","PROS","CE",2
"1277",2018,"DEPUTADO FEDERAL","PROS","MG",2
"1278",2018,"DEPUTADO FEDERAL","PROS","PR",2
"1279",2018,"DEPUTADO FEDERAL","PROS","RJ",1
"1280",2018,"DEPUTADO FEDERAL","PRP","BA",1
"1281",2018,"DEPUTADO FEDERAL","PRP","DF",1
"1282",2018,"DEPUTADO FEDERAL","PRP","GO",1
"1283",2018,"DEPUTADO FEDERAL","PRP","RJ",1
"1284",2018,"DEPUTADO FEDERAL","PSB","AL",1
"1285",2018,"DEPUTADO FEDERAL","PSB","AP",1
"1286",2018,"DEPUTADO FEDERAL","PSB","BA",2
"1287",2018,"DEPUTADO FEDERAL","PSB","CE",1
"1288",2018,"DEPUTADO FEDERAL","PSB","ES",2
"1289",2018,"DEPUTADO FEDERAL","PSB","GO",1
"1290",2018,"DEPUTADO FEDERAL","PSB","MA",1
"1291",2018,"DEPUTADO FEDERAL","PSB","MG",3
"1292",2018,"DEPUTADO FEDERAL","PSB","PA",1
"1293",2018,"DEPUTADO FEDERAL","PSB","PB",1
"1294",2018,"DEPUTADO FEDERAL","PSB","PE",5
"1295",2018,"DEPUTADO FEDERAL","PSB","PI",1
"1296",2018,"DEPUTADO FEDERAL","PSB","PR",2
"1297",2018,"DEPUTADO FEDERAL","PSB","RJ",1
"1298",2018,"DEPUTADO FEDERAL","PSB","RN",1
"1299",2018,"DEPUTADO FEDERAL","PSB","RO",1
"1300",2018,"DEPUTADO FEDERAL","PSB","RS",2
"1301",2018,"DEPUTADO FEDERAL","PSB","SC",1
"1302",2018,"DEPUTADO FEDERAL","PSB","SP",4
"1303",2018,"DEPUTADO FEDERAL","PSC","GO",1
"1304",2018,"DEPUTADO FEDERAL","PSC","MG",1
"1305",2018,"DEPUTADO FEDERAL","PSC","PE",1
"1306",2018,"DEPUTADO FEDERAL","PSC","PR",1
"1307",2018,"DEPUTADO FEDERAL","PSC","RJ",1
"1308",2018,"DEPUTADO FEDERAL","PSC","SE",1
"1309",2018,"DEPUTADO FEDERAL","PSC","SP",1
"1310",2018,"DEPUTADO FEDERAL","PSC","TO",1
"1311",2018,"DEPUTADO FEDERAL","PSD","AL",1
"1312",2018,"DEPUTADO FEDERAL","PSD","AM",1
"1313",2018,"DEPUTADO FEDERAL","PSD","BA",4
"1314",2018,"DEPUTADO FEDERAL","PSD","CE",1
"1315",2018,"DEPUTADO FEDERAL","PSD","GO",1
"1316",2018,"DEPUTADO FEDERAL","PSD","MA",1
"1317",2018,"DEPUTADO FEDERAL","PSD","MG",3
"1318",2018,"DEPUTADO FEDERAL","PSD","MS",1
"1319",2018,"DEPUTADO FEDERAL","PSD","PA",3
"1320",2018,"DEPUTADO FEDERAL","PSD","PE",1
"1321",2018,"DEPUTADO FEDERAL","PSD","PI",1
"1322",2018,"DEPUTADO FEDERAL","PSD","PR",4
"1323",2018,"DEPUTADO FEDERAL","PSD","RJ",3
"1324",2018,"DEPUTADO FEDERAL","PSD","RN",1
"1325",2018,"DEPUTADO FEDERAL","PSD","RO",1
"1326",2018,"DEPUTADO FEDERAL","PSD","RR",1
"1327",2018,"DEPUTADO FEDERAL","PSD","RS",1
"1328",2018,"DEPUTADO FEDERAL","PSD","SC",2
"1329",2018,"DEPUTADO FEDERAL","PSD","SE",1
"1330",2018,"DEPUTADO FEDERAL","PSD","SP",2
"1331",2018,"DEPUTADO FEDERAL","PSDB","AC",1
"1332",2018,"DEPUTADO FEDERAL","PSDB","AL",1
"1333",2018,"DEPUTADO FEDERAL","PSDB","AP",1
"1334",2018,"DEPUTADO FEDERAL","PSDB","BA",1
"1335",2018,"DEPUTADO FEDERAL","PSDB","CE",1
"1336",2018,"DEPUTADO FEDERAL","PSDB","GO",1
"1337",2018,"DEPUTADO FEDERAL","PSDB","MG",5
"1338",2018,"DEPUTADO FEDERAL","PSDB","MS",2
"1339",2018,"DEPUTADO FEDERAL","PSDB","PA",2
"1340",2018,"DEPUTADO FEDERAL","PSDB","PB",3
"1341",2018,"DEPUTADO FEDERAL","PSDB","RO",1
"1342",2018,"DEPUTADO FEDERAL","PSDB","RR",1
"1343",2018,"DEPUTADO FEDERAL","PSDB","RS",2
"1344",2018,"DEPUTADO FEDERAL","PSDB","SC",1
"1345",2018,"DEPUTADO FEDERAL","PSDB","SP",6
"1346",2018,"DEPUTADO FEDERAL","PSL","AM",1
"1347",2018,"DEPUTADO FEDERAL","PSL","BA",1
"1348",2018,"DEPUTADO FEDERAL","PSL","CE",1
"1349",2018,"DEPUTADO FEDERAL","PSL","ES",1
"1350",2018,"DEPUTADO FEDERAL","PSL","GO",2
"1351",2018,"DEPUTADO FEDERAL","PSL","MG",6
"1352",2018,"DEPUTADO FEDERAL","PSL","MS",2
"1353",2018,"DEPUTADO FEDERAL","PSL","MT",1
"1354",2018,"DEPUTADO FEDERAL","PSL","PB",1
"1355",2018,"DEPUTADO FEDERAL","PSL","PE",1
"1356",2018,"DEPUTADO FEDERAL","PSL","PR",3
"1357",2018,"DEPUTADO FEDERAL","PSL","RJ",12
"1358",2018,"DEPUTADO FEDERAL","PSL","RN",1
"1359",2018,"DEPUTADO FEDERAL","PSL","RO",1
"1360",2018,"DEPUTADO FEDERAL","PSL","RR",1
"1361",2018,"DEPUTADO FEDERAL","PSL","RS",3
"1362",2018,"DEPUTADO FEDERAL","PSL","SC",4
"1363",2018,"DEPUTADO FEDERAL","PSL","SP",10
"1364",2018,"DEPUTADO FEDERAL","PSOL","MG",1
"1365",2018,"DEPUTADO FEDERAL","PSOL","PA",1
"1366",2018,"DEPUTADO FEDERAL","PSOL","RJ",4
"1367",2018,"DEPUTADO FEDERAL","PSOL","RS",1
"1368",2018,"DEPUTADO FEDERAL","PSOL","SP",3
"1369",2018,"DEPUTADO FEDERAL","PT","AL",1
"1370",2018,"DEPUTADO FEDERAL","PT","AM",1
"1371",2018,"DEPUTADO FEDERAL","PT","BA",8
"1372",2018,"DEPUTADO FEDERAL","PT","CE",3
"1373",2018,"DEPUTADO FEDERAL","PT","DF",1
"1374",2018,"DEPUTADO FEDERAL","PT","ES",1
"1375",2018,"DEPUTADO FEDERAL","PT","GO",1
"1376",2018,"DEPUTADO FEDERAL","PT","MA",1
"1377",2018,"DEPUTADO FEDERAL","PT","MG",8
"1378",2018,"DEPUTADO FEDERAL","PT","MS",1
"1379",2018,"DEPUTADO FEDERAL","PT","MT",1
"1380",2018,"DEPUTADO FEDERAL","PT","PA",2
"1381",2018,"DEPUTADO FEDERAL","PT","PB",1
"1382",2018,"DEPUTADO FEDERAL","PT","PE",2
"1383",2018,"DEPUTADO FEDERAL","PT","PI",2
"1384",2018,"DEPUTADO FEDERAL","PT","PR",3
"1385",2018,"DEPUTADO FEDERAL","PT","RJ",1
"1386",2018,"DEPUTADO FEDERAL","PT","RN",2
"1387",2018,"DEPUTADO FEDERAL","PT","RS",5
"1388",2018,"DEPUTADO FEDERAL","PT","SC",1
"1389",2018,"DEPUTADO FEDERAL","PT","SE",1
"1390",2018,"DEPUTADO FEDERAL","PT","SP",8
"1391",2018,"DEPUTADO FEDERAL","PT","TO",1
"1392",2018,"DEPUTADO FEDERAL","PTB","AL",1
"1393",2018,"DEPUTADO FEDERAL","PTB","CE",1
"1394",2018,"DEPUTADO FEDERAL","PTB","MA",1
"1395",2018,"DEPUTADO FEDERAL","PTB","MT",1
"1396",2018,"DEPUTADO FEDERAL","PTB","PA",2
"1397",2018,"DEPUTADO FEDERAL","PTB","PB",1
"1398",2018,"DEPUTADO FEDERAL","PTB","PR",1
"1399",2018,"DEPUTADO FEDERAL","PTB","RS",2
"1400",2018,"DEPUTADO FEDERAL","PTC","PI",1
"1401",2018,"DEPUTADO FEDERAL","PTC","RN",1
"1402",2018,"DEPUTADO FEDERAL","PV","CE",1
"1403",2018,"DEPUTADO FEDERAL","PV","DF",1
"1404",2018,"DEPUTADO FEDERAL","PV","PR",1
"1405",2018,"DEPUTADO FEDERAL","PV","SP",1
"1406",2018,"DEPUTADO FEDERAL","REDE","RR",1
"1407",2018,"DEPUTADO FEDERAL","SOLIDARIEDADE","AC",1
"1408",2018,"DEPUTADO FEDERAL","SOLIDARIEDADE","AM",1
"1409",2018,"DEPUTADO FEDERAL","SOLIDARIEDADE","CE",1
"1410",2018,"DEPUTADO FEDERAL","SOLIDARIEDADE","GO",1
"1411",2018,"DEPUTADO FEDERAL","SOLIDARIEDADE","MG",1
"1412",2018,"DEPUTADO FEDERAL","SOLIDARIEDADE","MT",1
"1413",2018,"DEPUTADO FEDERAL","SOLIDARIEDADE","PE",1
"1414",2018,"DEPUTADO FEDERAL","SOLIDARIEDADE","RJ",1
"1415",2018,"DEPUTADO FEDERAL","SOLIDARIEDADE","RR",1
"1416",2018,"DEPUTADO FEDERAL","SOLIDARIEDADE","SE",1
"1417",2018,"DEPUTADO FEDERAL","SOLIDARIEDADE","SP",1
"1418",2018,"DEPUTADO FEDERAL","SOLIDARIEDADE","TO",2
