"","Ano da eleição","UF","Cargo","Sigla do partido","Cadeiras conquistadas"
"1",1998,"AC","Deputado Estadual","PC do B",1
"2",1998,"AM","Deputado Estadual","PC do B",1
"3",1998,"BA","Deputado Estadual","PC do B",1
"4",1998,"CE","Deputado Estadual","PC do B",1
"5",1998,"GO","Deputado Estadual","PC do B",1
"6",1998,"PA","Deputado Estadual","PC do B",1
"7",1998,"PE","Deputado Estadual","PC do B",1
"8",1998,"RJ","Deputado Estadual","PC do B",1
"9",1998,"SP","Deputado Estadual","PC do B",2
"10",1998,"AP","Deputado Estadual","PDT",4
"11",1998,"BA","Deputado Estadual","PDT",1
"12",1998,"CE","Deputado Estadual","PDT",2
"13",1998,"ES","Deputado Estadual","PDT",2
"14",1998,"GO","Deputado Estadual","PDT",1
"15",1998,"MA","Deputado Estadual","PDT",3
"16",1998,"MG","Deputado Estadual","PDT",8
"17",1998,"MS","Deputado Estadual","PDT",3
"18",1998,"PA","Deputado Estadual","PDT",3
"19",1998,"PB","Deputado Estadual","PDT",2
"20",1998,"PE","Deputado Estadual","PDT",1
"21",1998,"PI","Deputado Estadual","PDT",2
"22",1998,"PR","Deputado Estadual","PDT",3
"23",1998,"RJ","Deputado Estadual","PDT",9
"24",1998,"RN","Deputado Estadual","PDT",1
"25",1998,"RO","Deputado Estadual","PDT",4
"26",1998,"RR","Deputado Estadual","PDT",5
"27",1998,"RS","Deputado Estadual","PDT",7
"28",1998,"SC","Deputado Estadual","PDT",2
"29",1998,"SE","Deputado Estadual","PDT",1
"30",1998,"SP","Deputado Estadual","PDT",7
"31",1998,"AC","Deputado Estadual","PFL",3
"32",1998,"AL","Deputado Estadual","PFL",2
"33",1998,"AM","Deputado Estadual","PFL",4
"34",1998,"AP","Deputado Estadual","PFL",3
"35",1998,"BA","Deputado Estadual","PFL",23
"36",1998,"CE","Deputado Estadual","PFL",2
"37",1998,"ES","Deputado Estadual","PFL",6
"38",1998,"GO","Deputado Estadual","PFL",2
"39",1998,"MA","Deputado Estadual","PFL",9
"40",1998,"MG","Deputado Estadual","PFL",7
"41",1998,"MS","Deputado Estadual","PFL",2
"42",1998,"MT","Deputado Estadual","PFL",5
"43",1998,"PA","Deputado Estadual","PFL",3
"44",1998,"PB","Deputado Estadual","PFL",5
"45",1998,"PE","Deputado Estadual","PFL",12
"46",1998,"PI","Deputado Estadual","PFL",10
"47",1998,"PR","Deputado Estadual","PFL",12
"48",1998,"RJ","Deputado Estadual","PFL",11
"49",1998,"RN","Deputado Estadual","PFL",5
"50",1998,"RO","Deputado Estadual","PFL",3
"51",1998,"RR","Deputado Estadual","PFL",4
"52",1998,"RS","Deputado Estadual","PFL",2
"53",1998,"SC","Deputado Estadual","PFL",9
"54",1998,"SE","Deputado Estadual","PFL",3
"55",1998,"SP","Deputado Estadual","PFL",11
"56",1998,"TO","Deputado Estadual","PFL",10
"57",1998,"AC","Deputado Estadual","PL",2
"58",1998,"AM","Deputado Estadual","PL",5
"59",1998,"AP","Deputado Estadual","PL",2
"60",1998,"BA","Deputado Estadual","PL",4
"61",1998,"CE","Deputado Estadual","PL",1
"62",1998,"GO","Deputado Estadual","PL",4
"63",1998,"MA","Deputado Estadual","PL",3
"64",1998,"MG","Deputado Estadual","PL",3
"65",1998,"MS","Deputado Estadual","PL",1
"66",1998,"MT","Deputado Estadual","PL",2
"67",1998,"PA","Deputado Estadual","PL",3
"68",1998,"PE","Deputado Estadual","PL",1
"69",1998,"RJ","Deputado Estadual","PL",1
"70",1998,"RN","Deputado Estadual","PL",2
"71",1998,"RO","Deputado Estadual","PL",2
"72",1998,"SP","Deputado Estadual","PL",5
"73",1998,"TO","Deputado Estadual","PL",1
"74",1998,"AC","Deputado Estadual","PMDB",4
"75",1998,"AL","Deputado Estadual","PMDB",2
"76",1998,"AM","Deputado Estadual","PMDB",1
"77",1998,"AP","Deputado Estadual","PMDB",4
"78",1998,"BA","Deputado Estadual","PMDB",4
"79",1998,"CE","Deputado Estadual","PMDB",6
"80",1998,"ES","Deputado Estadual","PMDB",4
"81",1998,"GO","Deputado Estadual","PMDB",16
"82",1998,"MA","Deputado Estadual","PMDB",4
"83",1998,"MG","Deputado Estadual","PMDB",9
"84",1998,"MS","Deputado Estadual","PMDB",4
"85",1998,"MT","Deputado Estadual","PMDB",4
"86",1998,"PA","Deputado Estadual","PMDB",8
"87",1998,"PB","Deputado Estadual","PMDB",18
"88",1998,"PE","Deputado Estadual","PMDB",4
"89",1998,"PI","Deputado Estadual","PMDB",9
"90",1998,"PR","Deputado Estadual","PMDB",7
"91",1998,"RJ","Deputado Estadual","PMDB",9
"92",1998,"RN","Deputado Estadual","PMDB",8
"93",1998,"RO","Deputado Estadual","PMDB",4
"94",1998,"RR","Deputado Estadual","PMDB",3
"95",1998,"RS","Deputado Estadual","PMDB",10
"96",1998,"SC","Deputado Estadual","PMDB",10
"97",1998,"SE","Deputado Estadual","PMDB",5
"98",1998,"SP","Deputado Estadual","PMDB",8
"99",1998,"TO","Deputado Estadual","PMDB",6
"100",1998,"AC","Deputado Estadual","PMN",4
"101",1998,"ES","Deputado Estadual","PMN",1
"102",1998,"MA","Deputado Estadual","PMN",1
"103",1998,"MG","Deputado Estadual","PMN",3
"104",1998,"SE","Deputado Estadual","PMN",2
"105",1998,"AC","Deputado Estadual","PPB",5
"106",1998,"AM","Deputado Estadual","PPB",2
"107",1998,"BA","Deputado Estadual","PPB",6
"108",1998,"CE","Deputado Estadual","PPB",2
"109",1998,"ES","Deputado Estadual","PPB",1
"110",1998,"GO","Deputado Estadual","PPB",3
"111",1998,"MA","Deputado Estadual","PPB",4
"112",1998,"MG","Deputado Estadual","PPB",7
"113",1998,"MT","Deputado Estadual","PPB",1
"114",1998,"PA","Deputado Estadual","PPB",4
"115",1998,"PB","Deputado Estadual","PPB",1
"116",1998,"PE","Deputado Estadual","PPB",3
"117",1998,"PI","Deputado Estadual","PPB",3
"118",1998,"PR","Deputado Estadual","PPB",8
"119",1998,"RJ","Deputado Estadual","PPB",5
"120",1998,"RN","Deputado Estadual","PPB",3
"121",1998,"RO","Deputado Estadual","PPB",2
"122",1998,"RR","Deputado Estadual","PPB",5
"123",1998,"RS","Deputado Estadual","PPB",11
"124",1998,"SC","Deputado Estadual","PPB",10
"125",1998,"SE","Deputado Estadual","PPB",2
"126",1998,"SP","Deputado Estadual","PPB",11
"127",1998,"TO","Deputado Estadual","PPB",6
"128",1998,"AM","Deputado Estadual","PPS",1
"129",1998,"CE","Deputado Estadual","PPS",4
"130",1998,"ES","Deputado Estadual","PPS",4
"131",1998,"MG","Deputado Estadual","PPS",2
"132",1998,"MS","Deputado Estadual","PPS",2
"133",1998,"MT","Deputado Estadual","PPS",1
"134",1998,"PA","Deputado Estadual","PPS",1
"135",1998,"RJ","Deputado Estadual","PPS",1
"136",1998,"SE","Deputado Estadual","PPS",1
"137",1998,"SP","Deputado Estadual","PPS",3
"138",1998,"RJ","Deputado Estadual","PRONA",1
"139",1998,"SP","Deputado Estadual","PRONA",3
"140",1998,"MA","Deputado Estadual","PRP",2
"141",1998,"SP","Deputado Estadual","PRP",1
"142",1998,"MA","Deputado Estadual","PRTB",2
"143",1998,"AL","Deputado Estadual","PSB",3
"144",1998,"AP","Deputado Estadual","PSB",3
"145",1998,"BA","Deputado Estadual","PSB",4
"146",1998,"CE","Deputado Estadual","PSB",1
"147",1998,"ES","Deputado Estadual","PSB",3
"148",1998,"MA","Deputado Estadual","PSB",1
"149",1998,"MG","Deputado Estadual","PSB",5
"150",1998,"MT","Deputado Estadual","PSB",1
"151",1998,"PA","Deputado Estadual","PSB",1
"152",1998,"PE","Deputado Estadual","PSB",12
"153",1998,"PI","Deputado Estadual","PSB",1
"154",1998,"PR","Deputado Estadual","PSB",2
"155",1998,"RJ","Deputado Estadual","PSB",3
"156",1998,"RN","Deputado Estadual","PSB",2
"157",1998,"RS","Deputado Estadual","PSB",1
"158",1998,"SE","Deputado Estadual","PSB",2
"159",1998,"SP","Deputado Estadual","PSB",2
"160",1998,"AM","Deputado Estadual","PSC",1
"161",1998,"BA","Deputado Estadual","PSC",3
"162",1998,"CE","Deputado Estadual","PSC",1
"163",1998,"GO","Deputado Estadual","PSC",1
"164",1998,"MA","Deputado Estadual","PSC",1
"165",1998,"MG","Deputado Estadual","PSC",1
"166",1998,"PE","Deputado Estadual","PSC",2
"167",1998,"PR","Deputado Estadual","PSC",1
"168",1998,"RJ","Deputado Estadual","PSC",2
"169",1998,"RO","Deputado Estadual","PSC",2
"170",1998,"SE","Deputado Estadual","PSC",1
"171",1998,"AL","Deputado Estadual","PSD",3
"172",1998,"AP","Deputado Estadual","PSD",3
"173",1998,"GO","Deputado Estadual","PSD",4
"174",1998,"MA","Deputado Estadual","PSD",7
"175",1998,"MG","Deputado Estadual","PSD",4
"176",1998,"PA","Deputado Estadual","PSD",2
"177",1998,"AC","Deputado Estadual","PSDB",2
"178",1998,"AL","Deputado Estadual","PSDB",4
"179",1998,"AM","Deputado Estadual","PSDB",1
"180",1998,"AP","Deputado Estadual","PSDB",1
"181",1998,"BA","Deputado Estadual","PSDB",4
"182",1998,"CE","Deputado Estadual","PSDB",21
"183",1998,"ES","Deputado Estadual","PSDB",4
"184",1998,"GO","Deputado Estadual","PSDB",6
"185",1998,"MA","Deputado Estadual","PSDB",1
"186",1998,"MG","Deputado Estadual","PSDB",15
"187",1998,"MS","Deputado Estadual","PSDB",7
"188",1998,"MT","Deputado Estadual","PSDB",6
"189",1998,"PA","Deputado Estadual","PSDB",8
"190",1998,"PB","Deputado Estadual","PSDB",5
"191",1998,"PE","Deputado Estadual","PSDB",6
"192",1998,"PI","Deputado Estadual","PSDB",4
"193",1998,"PR","Deputado Estadual","PSDB",6
"194",1998,"RJ","Deputado Estadual","PSDB",15
"195",1998,"RN","Deputado Estadual","PSDB",1
"196",1998,"RO","Deputado Estadual","PSDB",3
"197",1998,"RR","Deputado Estadual","PSDB",1
"198",1998,"RS","Deputado Estadual","PSDB",2
"199",1998,"SC","Deputado Estadual","PSDB",3
"200",1998,"SE","Deputado Estadual","PSDB",4
"201",1998,"SP","Deputado Estadual","PSDB",21
"202",1998,"AM","Deputado Estadual","PSDC",2
"203",1998,"PE","Deputado Estadual","PSDC",1
"204",1998,"AL","Deputado Estadual","PSL",3
"205",1998,"AP","Deputado Estadual","PSL",1
"206",1998,"PB","Deputado Estadual","PSL",1
"207",1998,"PE","Deputado Estadual","PSL",1
"208",1998,"RR","Deputado Estadual","PSL",4
"209",1998,"MG","Deputado Estadual","PSN",1
"210",1998,"GO","Deputado Estadual","PST",2
"211",1998,"MA","Deputado Estadual","PST",1
"212",1998,"MG","Deputado Estadual","PST",1
"213",1998,"AC","Deputado Estadual","PT",3
"214",1998,"AL","Deputado Estadual","PT",2
"215",1998,"AM","Deputado Estadual","PT",1
"216",1998,"AP","Deputado Estadual","PT",2
"217",1998,"BA","Deputado Estadual","PT",6
"218",1998,"CE","Deputado Estadual","PT",3
"219",1998,"ES","Deputado Estadual","PT",1
"220",1998,"GO","Deputado Estadual","PT",1
"221",1998,"MA","Deputado Estadual","PT",1
"222",1998,"MG","Deputado Estadual","PT",5
"223",1998,"MS","Deputado Estadual","PT",1
"224",1998,"MT","Deputado Estadual","PT",2
"225",1998,"PA","Deputado Estadual","PT",4
"226",1998,"PB","Deputado Estadual","PT",3
"227",1998,"PE","Deputado Estadual","PT",3
"228",1998,"PI","Deputado Estadual","PT",1
"229",1998,"PR","Deputado Estadual","PT",4
"230",1998,"RJ","Deputado Estadual","PT",7
"231",1998,"RN","Deputado Estadual","PT",1
"232",1998,"RO","Deputado Estadual","PT",2
"233",1998,"RS","Deputado Estadual","PT",12
"234",1998,"SC","Deputado Estadual","PT",5
"235",1998,"SE","Deputado Estadual","PT",1
"236",1998,"SP","Deputado Estadual","PT",14
"237",1998,"AL","Deputado Estadual","PT do B",1
"238",1998,"BA","Deputado Estadual","PT do B",1
"239",1998,"MA","Deputado Estadual","PT do B",1
"240",1998,"RJ","Deputado Estadual","PT do B",2
"241",1998,"AL","Deputado Estadual","PTB",7
"242",1998,"AM","Deputado Estadual","PTB",5
"243",1998,"AP","Deputado Estadual","PTB",1
"244",1998,"BA","Deputado Estadual","PTB",5
"245",1998,"CE","Deputado Estadual","PTB",2
"246",1998,"ES","Deputado Estadual","PTB",4
"247",1998,"MA","Deputado Estadual","PTB",1
"248",1998,"MG","Deputado Estadual","PTB",6
"249",1998,"MS","Deputado Estadual","PTB",4
"250",1998,"MT","Deputado Estadual","PTB",2
"251",1998,"PA","Deputado Estadual","PTB",3
"252",1998,"PE","Deputado Estadual","PTB",2
"253",1998,"PR","Deputado Estadual","PTB",11
"254",1998,"RJ","Deputado Estadual","PTB",2
"255",1998,"RN","Deputado Estadual","PTB",1
"256",1998,"RO","Deputado Estadual","PTB",2
"257",1998,"RR","Deputado Estadual","PTB",2
"258",1998,"RS","Deputado Estadual","PTB",10
"259",1998,"SC","Deputado Estadual","PTB",1
"260",1998,"SE","Deputado Estadual","PTB",2
"261",1998,"SP","Deputado Estadual","PTB",5
"262",1998,"TO","Deputado Estadual","PTB",1
"263",1998,"BA","Deputado Estadual","PV",1
"264",1998,"PB","Deputado Estadual","PV",1
"265",1998,"RJ","Deputado Estadual","PV",1
"266",1998,"SP","Deputado Estadual","PV",1
"267",2002,"RR","Deputado Estadual","PAN",1
"268",2002,"AC","Deputado Estadual","PC do B",2
"269",2002,"AM","Deputado Estadual","PC do B",1
"270",2002,"AP","Deputado Estadual","PC do B",1
"271",2002,"BA","Deputado Estadual","PC do B",3
"272",2002,"CE","Deputado Estadual","PC do B",1
"273",2002,"GO","Deputado Estadual","PC do B",1
"274",2002,"MG","Deputado Estadual","PC do B",1
"275",2002,"PA","Deputado Estadual","PC do B",1
"276",2002,"PE","Deputado Estadual","PC do B",1
"277",2002,"RJ","Deputado Estadual","PC do B",1
"278",2002,"RS","Deputado Estadual","PC do B",1
"279",2002,"SP","Deputado Estadual","PC do B",2
"280",2002,"AL","Deputado Estadual","PDT",1
"281",2002,"AM","Deputado Estadual","PDT",1
"282",2002,"AP","Deputado Estadual","PDT",3
"283",2002,"BA","Deputado Estadual","PDT",2
"284",2002,"CE","Deputado Estadual","PDT",1
"285",2002,"ES","Deputado Estadual","PDT",2
"286",2002,"GO","Deputado Estadual","PDT",1
"287",2002,"MA","Deputado Estadual","PDT",5
"288",2002,"MG","Deputado Estadual","PDT",5
"289",2002,"MS","Deputado Estadual","PDT",3
"290",2002,"PA","Deputado Estadual","PDT",2
"291",2002,"PB","Deputado Estadual","PDT",1
"292",2002,"PE","Deputado Estadual","PDT",3
"293",2002,"PI","Deputado Estadual","PDT",2
"294",2002,"PR","Deputado Estadual","PDT",6
"295",2002,"RJ","Deputado Estadual","PDT",4
"296",2002,"RN","Deputado Estadual","PDT",1
"297",2002,"RO","Deputado Estadual","PDT",3
"298",2002,"RR","Deputado Estadual","PDT",1
"299",2002,"RS","Deputado Estadual","PDT",7
"300",2002,"SE","Deputado Estadual","PDT",3
"301",2002,"SP","Deputado Estadual","PDT",4
"302",2002,"AC","Deputado Estadual","PFL",1
"303",2002,"AL","Deputado Estadual","PFL",1
"304",2002,"AM","Deputado Estadual","PFL",5
"305",2002,"BA","Deputado Estadual","PFL",16
"306",2002,"CE","Deputado Estadual","PFL",1
"307",2002,"ES","Deputado Estadual","PFL",4
"308",2002,"GO","Deputado Estadual","PFL",3
"309",2002,"MA","Deputado Estadual","PFL",14
"310",2002,"MG","Deputado Estadual","PFL",5
"311",2002,"MS","Deputado Estadual","PFL",1
"312",2002,"MT","Deputado Estadual","PFL",3
"313",2002,"PB","Deputado Estadual","PFL",4
"314",2002,"PE","Deputado Estadual","PFL",7
"315",2002,"PI","Deputado Estadual","PFL",9
"316",2002,"PR","Deputado Estadual","PFL",7
"317",2002,"RJ","Deputado Estadual","PFL",4
"318",2002,"RN","Deputado Estadual","PFL",4
"319",2002,"RO","Deputado Estadual","PFL",2
"320",2002,"RR","Deputado Estadual","PFL",2
"321",2002,"RS","Deputado Estadual","PFL",1
"322",2002,"SC","Deputado Estadual","PFL",8
"323",2002,"SE","Deputado Estadual","PFL",3
"324",2002,"SP","Deputado Estadual","PFL",6
"325",2002,"TO","Deputado Estadual","PFL",7
"326",2002,"MA","Deputado Estadual","PGT",1
"327",2002,"SP","Deputado Estadual","PGT",1
"328",2002,"CE","Deputado Estadual","PHS",2
"329",2002,"AC","Deputado Estadual","PL",2
"330",2002,"AL","Deputado Estadual","PL",3
"331",2002,"AM","Deputado Estadual","PL",5
"332",2002,"AP","Deputado Estadual","PL",2
"333",2002,"BA","Deputado Estadual","PL",4
"334",2002,"CE","Deputado Estadual","PL",3
"335",2002,"ES","Deputado Estadual","PL",2
"336",2002,"GO","Deputado Estadual","PL",1
"337",2002,"MA","Deputado Estadual","PL",1
"338",2002,"MG","Deputado Estadual","PL",7
"339",2002,"MS","Deputado Estadual","PL",3
"340",2002,"MT","Deputado Estadual","PL",2
"341",2002,"PA","Deputado Estadual","PL",5
"342",2002,"PB","Deputado Estadual","PL",1
"343",2002,"PE","Deputado Estadual","PL",2
"344",2002,"PI","Deputado Estadual","PL",1
"345",2002,"PR","Deputado Estadual","PL",2
"346",2002,"RJ","Deputado Estadual","PL",4
"347",2002,"RN","Deputado Estadual","PL",1
"348",2002,"RO","Deputado Estadual","PL",2
"349",2002,"SC","Deputado Estadual","PL",1
"350",2002,"SE","Deputado Estadual","PL",2
"351",2002,"SP","Deputado Estadual","PL",2
"352",2002,"TO","Deputado Estadual","PL",1
"353",2002,"AC","Deputado Estadual","PMDB",2
"354",2002,"AM","Deputado Estadual","PMDB",3
"355",2002,"AP","Deputado Estadual","PMDB",4
"356",2002,"BA","Deputado Estadual","PMDB",3
"357",2002,"CE","Deputado Estadual","PMDB",5
"358",2002,"ES","Deputado Estadual","PMDB",2
"359",2002,"GO","Deputado Estadual","PMDB",9
"360",2002,"MA","Deputado Estadual","PMDB",3
"361",2002,"MG","Deputado Estadual","PMDB",9
"362",2002,"MS","Deputado Estadual","PMDB",2
"363",2002,"MT","Deputado Estadual","PMDB",3
"364",2002,"PA","Deputado Estadual","PMDB",8
"365",2002,"PB","Deputado Estadual","PMDB",9
"366",2002,"PE","Deputado Estadual","PMDB",7
"367",2002,"PI","Deputado Estadual","PMDB",6
"368",2002,"PR","Deputado Estadual","PMDB",8
"369",2002,"RJ","Deputado Estadual","PMDB",12
"370",2002,"RN","Deputado Estadual","PMDB",4
"371",2002,"RO","Deputado Estadual","PMDB",3
"372",2002,"RR","Deputado Estadual","PMDB",1
"373",2002,"RS","Deputado Estadual","PMDB",9
"374",2002,"SC","Deputado Estadual","PMDB",7
"375",2002,"SE","Deputado Estadual","PMDB",3
"376",2002,"SP","Deputado Estadual","PMDB",4
"377",2002,"TO","Deputado Estadual","PMDB",4
"378",2002,"AC","Deputado Estadual","PMN",2
"379",2002,"AL","Deputado Estadual","PMN",1
"380",2002,"ES","Deputado Estadual","PMN",1
"381",2002,"MS","Deputado Estadual","PMN",1
"382",2002,"MT","Deputado Estadual","PMN",1
"383",2002,"SE","Deputado Estadual","PMN",3
"384",2002,"AC","Deputado Estadual","PPB",2
"385",2002,"BA","Deputado Estadual","PPB",7
"386",2002,"CE","Deputado Estadual","PPB",2
"387",2002,"ES","Deputado Estadual","PPB",4
"388",2002,"GO","Deputado Estadual","PPB",4
"389",2002,"MA","Deputado Estadual","PPB",1
"390",2002,"MG","Deputado Estadual","PPB",6
"391",2002,"MT","Deputado Estadual","PPB",1
"392",2002,"PA","Deputado Estadual","PPB",2
"393",2002,"PB","Deputado Estadual","PPB",2
"394",2002,"PE","Deputado Estadual","PPB",3
"395",2002,"PI","Deputado Estadual","PPB",4
"396",2002,"PR","Deputado Estadual","PPB",4
"397",2002,"RJ","Deputado Estadual","PPB",6
"398",2002,"RN","Deputado Estadual","PPB",8
"399",2002,"RO","Deputado Estadual","PPB",2
"400",2002,"RR","Deputado Estadual","PPB",1
"401",2002,"RS","Deputado Estadual","PPB",10
"402",2002,"SC","Deputado Estadual","PPB",10
"403",2002,"SE","Deputado Estadual","PPB",1
"404",2002,"SP","Deputado Estadual","PPB",7
"405",2002,"TO","Deputado Estadual","PPB",4
"406",2002,"AC","Deputado Estadual","PPS",2
"407",2002,"AL","Deputado Estadual","PPS",2
"408",2002,"AM","Deputado Estadual","PPS",1
"409",2002,"BA","Deputado Estadual","PPS",1
"410",2002,"CE","Deputado Estadual","PPS",4
"411",2002,"ES","Deputado Estadual","PPS",2
"412",2002,"GO","Deputado Estadual","PPS",1
"413",2002,"MA","Deputado Estadual","PPS",1
"414",2002,"MG","Deputado Estadual","PPS",2
"415",2002,"MS","Deputado Estadual","PPS",1
"416",2002,"MT","Deputado Estadual","PPS",2
"417",2002,"PA","Deputado Estadual","PPS",1
"418",2002,"PB","Deputado Estadual","PPS",1
"419",2002,"PE","Deputado Estadual","PPS",1
"420",2002,"PR","Deputado Estadual","PPS",3
"421",2002,"RJ","Deputado Estadual","PPS",1
"422",2002,"RN","Deputado Estadual","PPS",1
"423",2002,"RO","Deputado Estadual","PPS",1
"424",2002,"RR","Deputado Estadual","PPS",1
"425",2002,"RS","Deputado Estadual","PPS",3
"426",2002,"SE","Deputado Estadual","PPS",3
"427",2002,"SP","Deputado Estadual","PPS",5
"428",2002,"TO","Deputado Estadual","PPS",1
"429",2002,"AL","Deputado Estadual","PRONA",1
"430",2002,"RJ","Deputado Estadual","PRONA",2
"431",2002,"SP","Deputado Estadual","PRONA",4
"432",2002,"AL","Deputado Estadual","PRP",1
"433",2002,"BA","Deputado Estadual","PRP",1
"434",2002,"GO","Deputado Estadual","PRP",1
"435",2002,"PR","Deputado Estadual","PRP",1
"436",2002,"RR","Deputado Estadual","PRP",1
"437",2002,"SP","Deputado Estadual","PRP",1
"438",2002,"AM","Deputado Estadual","PRTB",1
"439",2002,"MA","Deputado Estadual","PRTB",1
"440",2002,"MG","Deputado Estadual","PRTB",2
"441",2002,"AC","Deputado Estadual","PSB",1
"442",2002,"AL","Deputado Estadual","PSB",4
"443",2002,"AP","Deputado Estadual","PSB",4
"444",2002,"BA","Deputado Estadual","PSB",2
"445",2002,"CE","Deputado Estadual","PSB",2
"446",2002,"ES","Deputado Estadual","PSB",2
"447",2002,"GO","Deputado Estadual","PSB",1
"448",2002,"MA","Deputado Estadual","PSB",1
"449",2002,"MG","Deputado Estadual","PSB",3
"450",2002,"MT","Deputado Estadual","PSB",2
"451",2002,"PA","Deputado Estadual","PSB",2
"452",2002,"PB","Deputado Estadual","PSB",2
"453",2002,"PE","Deputado Estadual","PSB",5
"454",2002,"PR","Deputado Estadual","PSB",3
"455",2002,"RJ","Deputado Estadual","PSB",12
"456",2002,"RN","Deputado Estadual","PSB",2
"457",2002,"RO","Deputado Estadual","PSB",1
"458",2002,"RR","Deputado Estadual","PSB",1
"459",2002,"RS","Deputado Estadual","PSB",2
"460",2002,"SE","Deputado Estadual","PSB",1
"461",2002,"SP","Deputado Estadual","PSB",6
"462",2002,"AC","Deputado Estadual","PSC",1
"463",2002,"AM","Deputado Estadual","PSC",1
"464",2002,"BA","Deputado Estadual","PSC",1
"465",2002,"ES","Deputado Estadual","PSC",1
"466",2002,"MA","Deputado Estadual","PSC",1
"467",2002,"PE","Deputado Estadual","PSC",2
"468",2002,"PR","Deputado Estadual","PSC",1
"469",2002,"RJ","Deputado Estadual","PSC",3
"470",2002,"SE","Deputado Estadual","PSC",2
"471",2002,"AP","Deputado Estadual","PSD",2
"472",2002,"BA","Deputado Estadual","PSD",2
"473",2002,"CE","Deputado Estadual","PSD",1
"474",2002,"GO","Deputado Estadual","PSD",1
"475",2002,"MA","Deputado Estadual","PSD",6
"476",2002,"MG","Deputado Estadual","PSD",2
"477",2002,"MS","Deputado Estadual","PSD",1
"478",2002,"PA","Deputado Estadual","PSD",2
"479",2002,"PE","Deputado Estadual","PSD",3
"480",2002,"RR","Deputado Estadual","PSD",2
"481",2002,"AC","Deputado Estadual","PSDB",2
"482",2002,"AL","Deputado Estadual","PSDB",2
"483",2002,"AM","Deputado Estadual","PSDB",1
"484",2002,"AP","Deputado Estadual","PSDB",1
"485",2002,"BA","Deputado Estadual","PSDB",3
"486",2002,"CE","Deputado Estadual","PSDB",17
"487",2002,"ES","Deputado Estadual","PSDB",2
"488",2002,"GO","Deputado Estadual","PSDB",12
"489",2002,"MA","Deputado Estadual","PSDB",3
"490",2002,"MG","Deputado Estadual","PSDB",11
"491",2002,"MS","Deputado Estadual","PSDB",4
"492",2002,"MT","Deputado Estadual","PSDB",7
"493",2002,"PA","Deputado Estadual","PSDB",7
"494",2002,"PB","Deputado Estadual","PSDB",10
"495",2002,"PE","Deputado Estadual","PSDB",6
"496",2002,"PI","Deputado Estadual","PSDB",4
"497",2002,"PR","Deputado Estadual","PSDB",5
"498",2002,"RJ","Deputado Estadual","PSDB",4
"499",2002,"RO","Deputado Estadual","PSDB",3
"500",2002,"RR","Deputado Estadual","PSDB",3
"501",2002,"RS","Deputado Estadual","PSDB",3
"502",2002,"SC","Deputado Estadual","PSDB",3
"503",2002,"SE","Deputado Estadual","PSDB",2
"504",2002,"SP","Deputado Estadual","PSDB",18
"505",2002,"TO","Deputado Estadual","PSDB",4
"506",2002,"AC","Deputado Estadual","PSDC",2
"507",2002,"AM","Deputado Estadual","PSDC",2
"508",2002,"GO","Deputado Estadual","PSDC",1
"509",2002,"PE","Deputado Estadual","PSDC",1
"510",2002,"AL","Deputado Estadual","PSL",1
"511",2002,"CE","Deputado Estadual","PSL",1
"512",2002,"MS","Deputado Estadual","PSL",2
"513",2002,"PE","Deputado Estadual","PSL",1
"514",2002,"PR","Deputado Estadual","PSL",2
"515",2002,"RJ","Deputado Estadual","PSL",2
"516",2002,"RO","Deputado Estadual","PSL",1
"517",2002,"RR","Deputado Estadual","PSL",3
"518",2002,"AP","Deputado Estadual","PST",1
"519",2002,"BA","Deputado Estadual","PST",4
"520",2002,"CE","Deputado Estadual","PST",1
"521",2002,"GO","Deputado Estadual","PST",1
"522",2002,"MG","Deputado Estadual","PST",2
"523",2002,"MS","Deputado Estadual","PST",1
"524",2002,"PA","Deputado Estadual","PST",2
"525",2002,"RR","Deputado Estadual","PST",2
"526",2002,"AC","Deputado Estadual","PT",5
"527",2002,"AL","Deputado Estadual","PT",1
"528",2002,"AM","Deputado Estadual","PT",1
"529",2002,"AP","Deputado Estadual","PT",2
"530",2002,"BA","Deputado Estadual","PT",10
"531",2002,"CE","Deputado Estadual","PT",5
"532",2002,"ES","Deputado Estadual","PT",4
"533",2002,"GO","Deputado Estadual","PT",4
"534",2002,"MA","Deputado Estadual","PT",2
"535",2002,"MG","Deputado Estadual","PT",15
"536",2002,"MS","Deputado Estadual","PT",3
"537",2002,"MT","Deputado Estadual","PT",2
"538",2002,"PA","Deputado Estadual","PT",5
"539",2002,"PB","Deputado Estadual","PT",4
"540",2002,"PE","Deputado Estadual","PT",5
"541",2002,"PI","Deputado Estadual","PT",3
"542",2002,"PR","Deputado Estadual","PT",9
"543",2002,"RJ","Deputado Estadual","PT",8
"544",2002,"RN","Deputado Estadual","PT",2
"545",2002,"RO","Deputado Estadual","PT",4
"546",2002,"RR","Deputado Estadual","PT",1
"547",2002,"RS","Deputado Estadual","PT",13
"548",2002,"SC","Deputado Estadual","PT",9
"549",2002,"SE","Deputado Estadual","PT",1
"550",2002,"SP","Deputado Estadual","PT",23
"551",2002,"TO","Deputado Estadual","PT",1
"552",2002,"AL","Deputado Estadual","PT do B",2
"553",2002,"AP","Deputado Estadual","PT do B",2
"554",2002,"RJ","Deputado Estadual","PT do B",3
"555",2002,"AL","Deputado Estadual","PTB",7
"556",2002,"AM","Deputado Estadual","PTB",2
"557",2002,"AP","Deputado Estadual","PTB",1
"558",2002,"BA","Deputado Estadual","PTB",4
"559",2002,"ES","Deputado Estadual","PTB",3
"560",2002,"MA","Deputado Estadual","PTB",2
"561",2002,"MG","Deputado Estadual","PTB",6
"562",2002,"MS","Deputado Estadual","PTB",2
"563",2002,"MT","Deputado Estadual","PTB",1
"564",2002,"PA","Deputado Estadual","PTB",4
"565",2002,"PB","Deputado Estadual","PTB",2
"566",2002,"PE","Deputado Estadual","PTB",1
"567",2002,"PI","Deputado Estadual","PTB",1
"568",2002,"PR","Deputado Estadual","PTB",3
"569",2002,"RJ","Deputado Estadual","PTB",1
"570",2002,"RN","Deputado Estadual","PTB",1
"571",2002,"RO","Deputado Estadual","PTB",2
"572",2002,"RR","Deputado Estadual","PTB",2
"573",2002,"RS","Deputado Estadual","PTB",6
"574",2002,"SC","Deputado Estadual","PTB",2
"575",2002,"SP","Deputado Estadual","PTB",5
"576",2002,"TO","Deputado Estadual","PTB",2
"577",2002,"ES","Deputado Estadual","PTC",1
"578",2002,"RR","Deputado Estadual","PTN",2
"579",2002,"SP","Deputado Estadual","PTN",1
"580",2002,"AP","Deputado Estadual","PV",1
"581",2002,"MG","Deputado Estadual","PV",1
"582",2002,"PE","Deputado Estadual","PV",1
"583",2002,"RJ","Deputado Estadual","PV",3
"584",2002,"SP","Deputado Estadual","PV",5
"585",2006,"AM","Deputado Estadual","PAN",2
"586",2006,"CE","Deputado Estadual","PAN",1
"587",2006,"ES","Deputado Estadual","PAN",2
"588",2006,"PE","Deputado Estadual","PAN",1
"589",2006,"RJ","Deputado Estadual","PAN",2
"590",2006,"AC","Deputado Estadual","PC do B",2
"591",2006,"AM","Deputado Estadual","PC do B",1
"592",2006,"BA","Deputado Estadual","PC do B",3
"593",2006,"CE","Deputado Estadual","PC do B",1
"594",2006,"MG","Deputado Estadual","PC do B",1
"595",2006,"PE","Deputado Estadual","PC do B",1
"596",2006,"PI","Deputado Estadual","PC do B",1
"597",2006,"RJ","Deputado Estadual","PC do B",1
"598",2006,"RS","Deputado Estadual","PC do B",1
"599",2006,"AP","Deputado Estadual","PCB",1
"600",2006,"AC","Deputado Estadual","PDT",1
"601",2006,"AL","Deputado Estadual","PDT",1
"602",2006,"AP","Deputado Estadual","PDT",3
"603",2006,"BA","Deputado Estadual","PDT",3
"604",2006,"CE","Deputado Estadual","PDT",2
"605",2006,"ES","Deputado Estadual","PDT",4
"606",2006,"GO","Deputado Estadual","PDT",2
"607",2006,"MA","Deputado Estadual","PDT",6
"608",2006,"MG","Deputado Estadual","PDT",5
"609",2006,"MS","Deputado Estadual","PDT",3
"610",2006,"MT","Deputado Estadual","PDT",1
"611",2006,"PA","Deputado Estadual","PDT",2
"612",2006,"PB","Deputado Estadual","PDT",2
"613",2006,"PE","Deputado Estadual","PDT",2
"614",2006,"PI","Deputado Estadual","PDT",3
"615",2006,"PR","Deputado Estadual","PDT",3
"616",2006,"RJ","Deputado Estadual","PDT",5
"617",2006,"RN","Deputado Estadual","PDT",2
"618",2006,"RR","Deputado Estadual","PDT",1
"619",2006,"RS","Deputado Estadual","PDT",7
"620",2006,"SC","Deputado Estadual","PDT",2
"621",2006,"SP","Deputado Estadual","PDT",5
"622",2006,"TO","Deputado Estadual","PDT",1
"623",2006,"AL","Deputado Estadual","PFL",1
"624",2006,"AM","Deputado Estadual","PFL",2
"625",2006,"AP","Deputado Estadual","PFL",2
"626",2006,"BA","Deputado Estadual","PFL",16
"627",2006,"CE","Deputado Estadual","PFL",1
"628",2006,"ES","Deputado Estadual","PFL",3
"629",2006,"GO","Deputado Estadual","PFL",2
"630",2006,"MA","Deputado Estadual","PFL",6
"631",2006,"MG","Deputado Estadual","PFL",7
"632",2006,"MS","Deputado Estadual","PFL",1
"633",2006,"MT","Deputado Estadual","PFL",5
"634",2006,"PA","Deputado Estadual","PFL",4
"635",2006,"PB","Deputado Estadual","PFL",6
"636",2006,"PE","Deputado Estadual","PFL",8
"637",2006,"PI","Deputado Estadual","PFL",4
"638",2006,"PR","Deputado Estadual","PFL",6
"639",2006,"RJ","Deputado Estadual","PFL",6
"640",2006,"RN","Deputado Estadual","PFL",3
"641",2006,"RO","Deputado Estadual","PFL",1
"642",2006,"RR","Deputado Estadual","PFL",3
"643",2006,"RS","Deputado Estadual","PFL",3
"644",2006,"SC","Deputado Estadual","PFL",6
"645",2006,"SE","Deputado Estadual","PFL",5
"646",2006,"SP","Deputado Estadual","PFL",11
"647",2006,"TO","Deputado Estadual","PFL",4
"648",2006,"AM","Deputado Estadual","PHS",1
"649",2006,"CE","Deputado Estadual","PHS",2
"650",2006,"MG","Deputado Estadual","PHS",1
"651",2006,"RJ","Deputado Estadual","PHS",2
"652",2006,"RN","Deputado Estadual","PHS",1
"653",2006,"AM","Deputado Estadual","PL",1
"654",2006,"AP","Deputado Estadual","PL",1
"655",2006,"BA","Deputado Estadual","PL",5
"656",2006,"ES","Deputado Estadual","PL",2
"657",2006,"GO","Deputado Estadual","PL",4
"658",2006,"MG","Deputado Estadual","PL",1
"659",2006,"MS","Deputado Estadual","PL",3
"660",2006,"PA","Deputado Estadual","PL",2
"661",2006,"PE","Deputado Estadual","PL",1
"662",2006,"PI","Deputado Estadual","PL",1
"663",2006,"PR","Deputado Estadual","PL",1
"664",2006,"RJ","Deputado Estadual","PL",2
"665",2006,"RR","Deputado Estadual","PL",3
"666",2006,"SC","Deputado Estadual","PL",1
"667",2006,"SE","Deputado Estadual","PL",1
"668",2006,"SP","Deputado Estadual","PL",2
"669",2006,"TO","Deputado Estadual","PL",3
"670",2006,"AC","Deputado Estadual","PMDB",2
"671",2006,"AL","Deputado Estadual","PMDB",1
"672",2006,"AM","Deputado Estadual","PMDB",4
"673",2006,"AP","Deputado Estadual","PMDB",3
"674",2006,"BA","Deputado Estadual","PMDB",6
"675",2006,"CE","Deputado Estadual","PMDB",7
"676",2006,"ES","Deputado Estadual","PMDB",3
"677",2006,"GO","Deputado Estadual","PMDB",10
"678",2006,"MA","Deputado Estadual","PMDB",4
"679",2006,"MG","Deputado Estadual","PMDB",9
"680",2006,"MS","Deputado Estadual","PMDB",7
"681",2006,"MT","Deputado Estadual","PMDB",4
"682",2006,"PA","Deputado Estadual","PMDB",5
"683",2006,"PB","Deputado Estadual","PMDB",10
"684",2006,"PE","Deputado Estadual","PMDB",3
"685",2006,"PI","Deputado Estadual","PMDB",8
"686",2006,"PR","Deputado Estadual","PMDB",17
"687",2006,"RJ","Deputado Estadual","PMDB",17
"688",2006,"RN","Deputado Estadual","PMDB",4
"689",2006,"RO","Deputado Estadual","PMDB",4
"690",2006,"RR","Deputado Estadual","PMDB",2
"691",2006,"RS","Deputado Estadual","PMDB",9
"692",2006,"SC","Deputado Estadual","PMDB",11
"693",2006,"SE","Deputado Estadual","PMDB",1
"694",2006,"SP","Deputado Estadual","PMDB",4
"695",2006,"TO","Deputado Estadual","PMDB",6
"696",2006,"AC","Deputado Estadual","PMN",2
"697",2006,"AL","Deputado Estadual","PMN",12
"698",2006,"AM","Deputado Estadual","PMN",2
"699",2006,"AP","Deputado Estadual","PMN",1
"700",2006,"BA","Deputado Estadual","PMN",1
"701",2006,"ES","Deputado Estadual","PMN",1
"702",2006,"MG","Deputado Estadual","PMN",2
"703",2006,"PE","Deputado Estadual","PMN",2
"704",2006,"PR","Deputado Estadual","PMN",1
"705",2006,"RJ","Deputado Estadual","PMN",2
"706",2006,"RN","Deputado Estadual","PMN",5
"707",2006,"AC","Deputado Estadual","PP",1
"708",2006,"AM","Deputado Estadual","PP",3
"709",2006,"BA","Deputado Estadual","PP",5
"710",2006,"ES","Deputado Estadual","PP",1
"711",2006,"GO","Deputado Estadual","PP",2
"712",2006,"MA","Deputado Estadual","PP",2
"713",2006,"MG","Deputado Estadual","PP",4
"714",2006,"MT","Deputado Estadual","PP",4
"715",2006,"PA","Deputado Estadual","PP",1
"716",2006,"PB","Deputado Estadual","PP",1
"717",2006,"PE","Deputado Estadual","PP",1
"718",2006,"PR","Deputado Estadual","PP",4
"719",2006,"RJ","Deputado Estadual","PP",2
"720",2006,"RO","Deputado Estadual","PP",1
"721",2006,"RS","Deputado Estadual","PP",9
"722",2006,"SC","Deputado Estadual","PP",6
"723",2006,"SE","Deputado Estadual","PP",1
"724",2006,"SP","Deputado Estadual","PP",2
"725",2006,"TO","Deputado Estadual","PP",2
"726",2006,"AC","Deputado Estadual","PPS",3
"727",2006,"AL","Deputado Estadual","PPS",1
"728",2006,"AM","Deputado Estadual","PPS",1
"729",2006,"MA","Deputado Estadual","PPS",1
"730",2006,"MG","Deputado Estadual","PPS",4
"731",2006,"MT","Deputado Estadual","PPS",5
"732",2006,"PA","Deputado Estadual","PPS",2
"733",2006,"PB","Deputado Estadual","PPS",2
"734",2006,"PI","Deputado Estadual","PPS",1
"735",2006,"PR","Deputado Estadual","PPS",3
"736",2006,"RJ","Deputado Estadual","PPS",2
"737",2006,"RN","Deputado Estadual","PPS",1
"738",2006,"RO","Deputado Estadual","PPS",2
"739",2006,"RR","Deputado Estadual","PPS",2
"740",2006,"RS","Deputado Estadual","PPS",4
"741",2006,"SC","Deputado Estadual","PPS",1
"742",2006,"SP","Deputado Estadual","PPS",5
"743",2006,"TO","Deputado Estadual","PPS",1
"744",2006,"PA","Deputado Estadual","PRB",1
"745",2006,"PR","Deputado Estadual","PRB",1
"746",2006,"RJ","Deputado Estadual","PRB",1
"747",2006,"AL","Deputado Estadual","PRONA",1
"748",2006,"AM","Deputado Estadual","PRONA",1
"749",2006,"RJ","Deputado Estadual","PRONA",1
"750",2006,"RR","Deputado Estadual","PRONA",1
"751",2006,"SP","Deputado Estadual","PRONA",1
"752",2006,"AM","Deputado Estadual","PRP",1
"753",2006,"BA","Deputado Estadual","PRP",3
"754",2006,"ES","Deputado Estadual","PRP",1
"755",2006,"RR","Deputado Estadual","PRP",1
"756",2006,"AM","Deputado Estadual","PRTB",1
"757",2006,"BA","Deputado Estadual","PRTB",2
"758",2006,"MA","Deputado Estadual","PRTB",1
"759",2006,"MG","Deputado Estadual","PRTB",1
"760",2006,"MS","Deputado Estadual","PRTB",1
"761",2006,"RR","Deputado Estadual","PRTB",2
"762",2006,"AC","Deputado Estadual","PSB",2
"763",2006,"AL","Deputado Estadual","PSB",2
"764",2006,"AM","Deputado Estadual","PSB",1
"765",2006,"AP","Deputado Estadual","PSB",2
"766",2006,"BA","Deputado Estadual","PSB",1
"767",2006,"CE","Deputado Estadual","PSB",8
"768",2006,"ES","Deputado Estadual","PSB",4
"769",2006,"GO","Deputado Estadual","PSB",1
"770",2006,"MA","Deputado Estadual","PSB",5
"771",2006,"MG","Deputado Estadual","PSB",1
"772",2006,"MS","Deputado Estadual","PSB",1
"773",2006,"PA","Deputado Estadual","PSB",1
"774",2006,"PB","Deputado Estadual","PSB",3
"775",2006,"PE","Deputado Estadual","PSB",7
"776",2006,"PI","Deputado Estadual","PSB",2
"777",2006,"PR","Deputado Estadual","PSB",2
"778",2006,"RJ","Deputado Estadual","PSB",3
"779",2006,"RN","Deputado Estadual","PSB",4
"780",2006,"RO","Deputado Estadual","PSB",2
"781",2006,"RS","Deputado Estadual","PSB",2
"782",2006,"SE","Deputado Estadual","PSB",1
"783",2006,"SP","Deputado Estadual","PSB",4
"784",2006,"AP","Deputado Estadual","PSC",1
"785",2006,"BA","Deputado Estadual","PSC",2
"786",2006,"ES","Deputado Estadual","PSC",1
"787",2006,"GO","Deputado Estadual","PSC",1
"788",2006,"MA","Deputado Estadual","PSC",1
"789",2006,"MG","Deputado Estadual","PSC",3
"790",2006,"PA","Deputado Estadual","PSC",1
"791",2006,"PE","Deputado Estadual","PSC",2
"792",2006,"RJ","Deputado Estadual","PSC",5
"793",2006,"RR","Deputado Estadual","PSC",1
"794",2006,"SE","Deputado Estadual","PSC",5
"795",2006,"SP","Deputado Estadual","PSC",2
"796",2006,"TO","Deputado Estadual","PSC",1
"797",2006,"AC","Deputado Estadual","PSDB",2
"798",2006,"AL","Deputado Estadual","PSDB",2
"799",2006,"AP","Deputado Estadual","PSDB",2
"800",2006,"BA","Deputado Estadual","PSDB",3
"801",2006,"CE","Deputado Estadual","PSDB",15
"802",2006,"ES","Deputado Estadual","PSDB",1
"803",2006,"GO","Deputado Estadual","PSDB",10
"804",2006,"MA","Deputado Estadual","PSDB",9
"805",2006,"MG","Deputado Estadual","PSDB",16
"806",2006,"MS","Deputado Estadual","PSDB",2
"807",2006,"MT","Deputado Estadual","PSDB",2
"808",2006,"PA","Deputado Estadual","PSDB",10
"809",2006,"PB","Deputado Estadual","PSDB",9
"810",2006,"PE","Deputado Estadual","PSDB",6
"811",2006,"PI","Deputado Estadual","PSDB",3
"812",2006,"PR","Deputado Estadual","PSDB",7
"813",2006,"RJ","Deputado Estadual","PSDB",6
"814",2006,"RN","Deputado Estadual","PSDB",1
"815",2006,"RO","Deputado Estadual","PSDB",1
"816",2006,"RR","Deputado Estadual","PSDB",4
"817",2006,"RS","Deputado Estadual","PSDB",5
"818",2006,"SC","Deputado Estadual","PSDB",6
"819",2006,"SE","Deputado Estadual","PSDB",2
"820",2006,"SP","Deputado Estadual","PSDB",24
"821",2006,"TO","Deputado Estadual","PSDB",2
"822",2006,"CE","Deputado Estadual","PSDC",2
"823",2006,"PE","Deputado Estadual","PSDC",1
"824",2006,"RJ","Deputado Estadual","PSDC",1
"825",2006,"RO","Deputado Estadual","PSDC",2
"826",2006,"AP","Deputado Estadual","PSL",1
"827",2006,"BA","Deputado Estadual","PSL",1
"828",2006,"CE","Deputado Estadual","PSL",2
"829",2006,"MA","Deputado Estadual","PSL",1
"830",2006,"RJ","Deputado Estadual","PSL",1
"831",2006,"RO","Deputado Estadual","PSL",1
"832",2006,"RJ","Deputado Estadual","PSOL",1
"833",2006,"SP","Deputado Estadual","PSOL",2
"834",2006,"AC","Deputado Estadual","PT",7
"835",2006,"AL","Deputado Estadual","PT",2
"836",2006,"AM","Deputado Estadual","PT",1
"837",2006,"AP","Deputado Estadual","PT",1
"838",2006,"BA","Deputado Estadual","PT",10
"839",2006,"CE","Deputado Estadual","PT",3
"840",2006,"ES","Deputado Estadual","PT",2
"841",2006,"GO","Deputado Estadual","PT",3
"842",2006,"MA","Deputado Estadual","PT",2
"843",2006,"MG","Deputado Estadual","PT",9
"844",2006,"MS","Deputado Estadual","PT",4
"845",2006,"MT","Deputado Estadual","PT",2
"846",2006,"PA","Deputado Estadual","PT",6
"847",2006,"PB","Deputado Estadual","PT",2
"848",2006,"PE","Deputado Estadual","PT",5
"849",2006,"PI","Deputado Estadual","PT",5
"850",2006,"PR","Deputado Estadual","PT",6
"851",2006,"RJ","Deputado Estadual","PT",6
"852",2006,"RN","Deputado Estadual","PT",1
"853",2006,"RO","Deputado Estadual","PT",3
"854",2006,"RS","Deputado Estadual","PT",10
"855",2006,"SC","Deputado Estadual","PT",6
"856",2006,"SE","Deputado Estadual","PT",4
"857",2006,"SP","Deputado Estadual","PT",20
"858",2006,"TO","Deputado Estadual","PT",2
"859",2006,"AC","Deputado Estadual","PT do B",1
"860",2006,"AL","Deputado Estadual","PT do B",2
"861",2006,"AP","Deputado Estadual","PT do B",3
"862",2006,"BA","Deputado Estadual","PT do B",1
"863",2006,"ES","Deputado Estadual","PT do B",1
"864",2006,"GO","Deputado Estadual","PT do B",2
"865",2006,"MA","Deputado Estadual","PT do B",1
"866",2006,"MS","Deputado Estadual","PT do B",1
"867",2006,"PE","Deputado Estadual","PT do B",2
"868",2006,"RJ","Deputado Estadual","PT do B",1
"869",2006,"SE","Deputado Estadual","PT do B",2
"870",2006,"AL","Deputado Estadual","PTB",2
"871",2006,"AM","Deputado Estadual","PTB",1
"872",2006,"AP","Deputado Estadual","PTB",1
"873",2006,"ES","Deputado Estadual","PTB",4
"874",2006,"GO","Deputado Estadual","PTB",4
"875",2006,"MG","Deputado Estadual","PTB",3
"876",2006,"MS","Deputado Estadual","PTB",1
"877",2006,"MT","Deputado Estadual","PTB",1
"878",2006,"PA","Deputado Estadual","PTB",4
"879",2006,"PB","Deputado Estadual","PTB",1
"880",2006,"PE","Deputado Estadual","PTB",6
"881",2006,"PI","Deputado Estadual","PTB",2
"882",2006,"PR","Deputado Estadual","PTB",2
"883",2006,"RJ","Deputado Estadual","PTB",1
"884",2006,"RO","Deputado Estadual","PTB",3
"885",2006,"RS","Deputado Estadual","PTB",5
"886",2006,"SC","Deputado Estadual","PTB",1
"887",2006,"SE","Deputado Estadual","PTB",1
"888",2006,"SP","Deputado Estadual","PTB",4
"889",2006,"TO","Deputado Estadual","PTB",1
"890",2006,"MA","Deputado Estadual","PTC",1
"891",2006,"MG","Deputado Estadual","PTC",3
"892",2006,"RJ","Deputado Estadual","PTC",1
"893",2006,"RR","Deputado Estadual","PTC",1
"894",2006,"AC","Deputado Estadual","PTN",1
"895",2006,"BA","Deputado Estadual","PTN",1
"896",2006,"RO","Deputado Estadual","PTN",2
"897",2006,"RR","Deputado Estadual","PTN",2
"898",2006,"AM","Deputado Estadual","PV",1
"899",2006,"AP","Deputado Estadual","PV",2
"900",2006,"CE","Deputado Estadual","PV",2
"901",2006,"MA","Deputado Estadual","PV",2
"902",2006,"MG","Deputado Estadual","PV",7
"903",2006,"PA","Deputado Estadual","PV",2
"904",2006,"PE","Deputado Estadual","PV",1
"905",2006,"PR","Deputado Estadual","PV",1
"906",2006,"RJ","Deputado Estadual","PV",1
"907",2006,"RN","Deputado Estadual","PV",2
"908",2006,"RO","Deputado Estadual","PV",2
"909",2006,"RR","Deputado Estadual","PV",1
"910",2006,"SE","Deputado Estadual","PV",1
"911",2006,"SP","Deputado Estadual","PV",8
"912",2006,"TO","Deputado Estadual","PV",1
"913",2010,"DF","Deputado Distrital","DEM",2
"914",2010,"DF","Deputado Distrital","PDT",1
"915",2010,"DF","Deputado Distrital","PMDB",2
"916",2010,"DF","Deputado Distrital","PMN",1
"917",2010,"DF","Deputado Distrital","PP",1
"918",2010,"DF","Deputado Distrital","PPS",2
"919",2010,"DF","Deputado Distrital","PR",1
"920",2010,"DF","Deputado Distrital","PRB",1
"921",2010,"DF","Deputado Distrital","PRTB",1
"922",2010,"DF","Deputado Distrital","PSB",1
"923",2010,"DF","Deputado Distrital","PSC",1
"924",2010,"DF","Deputado Distrital","PSDB",1
"925",2010,"DF","Deputado Distrital","PSL",1
"926",2010,"DF","Deputado Distrital","PT",5
"927",2010,"DF","Deputado Distrital","PT do B",1
"928",2010,"DF","Deputado Distrital","PTB",1
"929",2010,"DF","Deputado Distrital","PTC",1
"930",2010,"AC","Deputado Estadual","DEM",1
"931",2010,"AL","Deputado Estadual","DEM",2
"932",2010,"AM","Deputado Estadual","DEM",1
"933",2010,"AP","Deputado Estadual","DEM",2
"934",2010,"BA","Deputado Estadual","DEM",5
"935",2010,"CE","Deputado Estadual","DEM",1
"936",2010,"ES","Deputado Estadual","DEM",5
"937",2010,"GO","Deputado Estadual","DEM",2
"938",2010,"MA","Deputado Estadual","DEM",4
"939",2010,"MG","Deputado Estadual","DEM",3
"940",2010,"MS","Deputado Estadual","DEM",1
"941",2010,"MT","Deputado Estadual","DEM",2
"942",2010,"PA","Deputado Estadual","DEM",1
"943",2010,"PB","Deputado Estadual","DEM",5
"944",2010,"PE","Deputado Estadual","DEM",2
"945",2010,"PI","Deputado Estadual","DEM",2
"946",2010,"PR","Deputado Estadual","DEM",6
"947",2010,"RJ","Deputado Estadual","DEM",1
"948",2010,"RN","Deputado Estadual","DEM",2
"949",2010,"RO","Deputado Estadual","DEM",1
"950",2010,"RR","Deputado Estadual","DEM",3
"951",2010,"RS","Deputado Estadual","DEM",1
"952",2010,"SC","Deputado Estadual","DEM",7
"953",2010,"SE","Deputado Estadual","DEM",3
"954",2010,"SP","Deputado Estadual","DEM",8
"955",2010,"TO","Deputado Estadual","DEM",2
"956",2010,"AC","Deputado Estadual","PC do B",2
"957",2010,"AM","Deputado Estadual","PC do B",1
"958",2010,"BA","Deputado Estadual","PC do B",3
"959",2010,"CE","Deputado Estadual","PC do B",1
"960",2010,"MA","Deputado Estadual","PC do B",1
"961",2010,"MG","Deputado Estadual","PC do B",2
"962",2010,"PE","Deputado Estadual","PC do B",1
"963",2010,"PI","Deputado Estadual","PC do B",1
"964",2010,"RJ","Deputado Estadual","PC do B",1
"965",2010,"RR","Deputado Estadual","PC do B",1
"966",2010,"RS","Deputado Estadual","PC do B",1
"967",2010,"SC","Deputado Estadual","PC do B",1
"968",2010,"SP","Deputado Estadual","PC do B",2
"969",2010,"AC","Deputado Estadual","PDT",2
"970",2010,"AL","Deputado Estadual","PDT",3
"971",2010,"AP","Deputado Estadual","PDT",4
"972",2010,"BA","Deputado Estadual","PDT",5
"973",2010,"CE","Deputado Estadual","PDT",4
"974",2010,"ES","Deputado Estadual","PDT",4
"975",2010,"GO","Deputado Estadual","PDT",3
"976",2010,"MA","Deputado Estadual","PDT",4
"977",2010,"MG","Deputado Estadual","PDT",5
"978",2010,"MS","Deputado Estadual","PDT",1
"979",2010,"MT","Deputado Estadual","PDT",1
"980",2010,"PA","Deputado Estadual","PDT",2
"981",2010,"PB","Deputado Estadual","PDT",1
"982",2010,"PE","Deputado Estadual","PDT",3
"983",2010,"PI","Deputado Estadual","PDT",2
"984",2010,"PR","Deputado Estadual","PDT",4
"985",2010,"RJ","Deputado Estadual","PDT",11
"986",2010,"RN","Deputado Estadual","PDT",1
"987",2010,"RO","Deputado Estadual","PDT",1
"988",2010,"RR","Deputado Estadual","PDT",1
"989",2010,"RS","Deputado Estadual","PDT",7
"990",2010,"SC","Deputado Estadual","PDT",1
"991",2010,"SE","Deputado Estadual","PDT",2
"992",2010,"SP","Deputado Estadual","PDT",4
"993",2010,"CE","Deputado Estadual","PHS",1
"994",2010,"MA","Deputado Estadual","PHS",1
"995",2010,"MG","Deputado Estadual","PHS",2
"996",2010,"PE","Deputado Estadual","PHS",2
"997",2010,"RN","Deputado Estadual","PHS",1
"998",2010,"AC","Deputado Estadual","PMDB",2
"999",2010,"AL","Deputado Estadual","PMDB",3
"1000",2010,"AM","Deputado Estadual","PMDB",4
"1001",2010,"AP","Deputado Estadual","PMDB",2
"1002",2010,"BA","Deputado Estadual","PMDB",6
"1003",2010,"CE","Deputado Estadual","PMDB",3
"1004",2010,"ES","Deputado Estadual","PMDB",5
"1005",2010,"GO","Deputado Estadual","PMDB",8
"1006",2010,"MA","Deputado Estadual","PMDB",6
"1007",2010,"MG","Deputado Estadual","PMDB",8
"1008",2010,"MS","Deputado Estadual","PMDB",6
"1009",2010,"MT","Deputado Estadual","PMDB",5
"1010",2010,"PA","Deputado Estadual","PMDB",8
"1011",2010,"PB","Deputado Estadual","PMDB",9
"1012",2010,"PE","Deputado Estadual","PMDB",1
"1013",2010,"PI","Deputado Estadual","PMDB",5
"1014",2010,"PR","Deputado Estadual","PMDB",13
"1015",2010,"RJ","Deputado Estadual","PMDB",12
"1016",2010,"RN","Deputado Estadual","PMDB",6
"1017",2010,"RO","Deputado Estadual","PMDB",3
"1018",2010,"RR","Deputado Estadual","PMDB",1
"1019",2010,"RS","Deputado Estadual","PMDB",8
"1020",2010,"SC","Deputado Estadual","PMDB",10
"1021",2010,"SE","Deputado Estadual","PMDB",2
"1022",2010,"SP","Deputado Estadual","PMDB",5
"1023",2010,"TO","Deputado Estadual","PMDB",6
"1024",2010,"AC","Deputado Estadual","PMN",1
"1025",2010,"AL","Deputado Estadual","PMN",1
"1026",2010,"AM","Deputado Estadual","PMN",2
"1027",2010,"CE","Deputado Estadual","PMN",1
"1028",2010,"GO","Deputado Estadual","PMN",1
"1029",2010,"MA","Deputado Estadual","PMN",2
"1030",2010,"MG","Deputado Estadual","PMN",2
"1031",2010,"PA","Deputado Estadual","PMN",1
"1032",2010,"PE","Deputado Estadual","PMN",1
"1033",2010,"PR","Deputado Estadual","PMN",1
"1034",2010,"RJ","Deputado Estadual","PMN",2
"1035",2010,"RN","Deputado Estadual","PMN",4
"1036",2010,"RO","Deputado Estadual","PMN",1
"1037",2010,"RR","Deputado Estadual","PMN",1
"1038",2010,"AC","Deputado Estadual","PP",2
"1039",2010,"AM","Deputado Estadual","PP",3
"1040",2010,"AP","Deputado Estadual","PP",2
"1041",2010,"BA","Deputado Estadual","PP",6
"1042",2010,"GO","Deputado Estadual","PP",1
"1043",2010,"MA","Deputado Estadual","PP",2
"1044",2010,"MG","Deputado Estadual","PP",2
"1045",2010,"MS","Deputado Estadual","PP",1
"1046",2010,"MT","Deputado Estadual","PP",5
"1047",2010,"PA","Deputado Estadual","PP",1
"1048",2010,"PB","Deputado Estadual","PP",1
"1049",2010,"PI","Deputado Estadual","PP",1
"1050",2010,"PR","Deputado Estadual","PP",1
"1051",2010,"RJ","Deputado Estadual","PP",2
"1052",2010,"RO","Deputado Estadual","PP",2
"1053",2010,"RR","Deputado Estadual","PP",1
"1054",2010,"RS","Deputado Estadual","PP",7
"1055",2010,"SC","Deputado Estadual","PP",6
"1056",2010,"SE","Deputado Estadual","PP",1
"1057",2010,"SP","Deputado Estadual","PP",1
"1058",2010,"TO","Deputado Estadual","PP",1
"1059",2010,"AL","Deputado Estadual","PPS",2
"1060",2010,"AM","Deputado Estadual","PPS",1
"1061",2010,"AP","Deputado Estadual","PPS",2
"1062",2010,"ES","Deputado Estadual","PPS",1
"1063",2010,"GO","Deputado Estadual","PPS",1
"1064",2010,"MA","Deputado Estadual","PPS",1
"1065",2010,"MG","Deputado Estadual","PPS",3
"1066",2010,"MS","Deputado Estadual","PPS",1
"1067",2010,"MT","Deputado Estadual","PPS",1
"1068",2010,"PA","Deputado Estadual","PPS",1
"1069",2010,"PB","Deputado Estadual","PPS",2
"1070",2010,"PI","Deputado Estadual","PPS",1
"1071",2010,"PR","Deputado Estadual","PPS",3
"1072",2010,"RJ","Deputado Estadual","PPS",3
"1073",2010,"RR","Deputado Estadual","PPS",2
"1074",2010,"RS","Deputado Estadual","PPS",2
"1075",2010,"SC","Deputado Estadual","PPS",1
"1076",2010,"SP","Deputado Estadual","PPS",4
"1077",2010,"TO","Deputado Estadual","PPS",3
"1078",2010,"AC","Deputado Estadual","PR",1
"1079",2010,"AM","Deputado Estadual","PR",1
"1080",2010,"BA","Deputado Estadual","PR",4
"1081",2010,"CE","Deputado Estadual","PR",2
"1082",2010,"ES","Deputado Estadual","PR",4
"1083",2010,"GO","Deputado Estadual","PR",3
"1084",2010,"MA","Deputado Estadual","PR",2
"1085",2010,"MG","Deputado Estadual","PR",1
"1086",2010,"MS","Deputado Estadual","PR",3
"1087",2010,"MT","Deputado Estadual","PR",6
"1088",2010,"PA","Deputado Estadual","PR",4
"1089",2010,"PB","Deputado Estadual","PR",1
"1090",2010,"PE","Deputado Estadual","PR",3
"1091",2010,"RJ","Deputado Estadual","PR",9
"1092",2010,"RN","Deputado Estadual","PR",2
"1093",2010,"RO","Deputado Estadual","PR",1
"1094",2010,"RR","Deputado Estadual","PR",2
"1095",2010,"SP","Deputado Estadual","PR",1
"1096",2010,"TO","Deputado Estadual","PR",4
"1097",2010,"AP","Deputado Estadual","PRB",1
"1098",2010,"BA","Deputado Estadual","PRB",2
"1099",2010,"CE","Deputado Estadual","PRB",2
"1100",2010,"GO","Deputado Estadual","PRB",1
"1101",2010,"MA","Deputado Estadual","PRB",1
"1102",2010,"MG","Deputado Estadual","PRB",2
"1103",2010,"PA","Deputado Estadual","PRB",1
"1104",2010,"PR","Deputado Estadual","PRB",1
"1105",2010,"RJ","Deputado Estadual","PRB",2
"1106",2010,"RR","Deputado Estadual","PRB",1
"1107",2010,"RS","Deputado Estadual","PRB",1
"1108",2010,"SP","Deputado Estadual","PRB",2
"1109",2010,"AC","Deputado Estadual","PRP",2
"1110",2010,"AM","Deputado Estadual","PRP",1
"1111",2010,"BA","Deputado Estadual","PRP",2
"1112",2010,"CE","Deputado Estadual","PRP",1
"1113",2010,"ES","Deputado Estadual","PRP",2
"1114",2010,"MG","Deputado Estadual","PRP",1
"1115",2010,"PE","Deputado Estadual","PRP",1
"1116",2010,"RJ","Deputado Estadual","PRP",1
"1117",2010,"RO","Deputado Estadual","PRP",2
"1118",2010,"AL","Deputado Estadual","PRTB",2
"1119",2010,"AM","Deputado Estadual","PRTB",1
"1120",2010,"AP","Deputado Estadual","PRTB",1
"1121",2010,"GO","Deputado Estadual","PRTB",1
"1122",2010,"MG","Deputado Estadual","PRTB",2
"1123",2010,"RJ","Deputado Estadual","PRTB",1
"1124",2010,"RR","Deputado Estadual","PRTB",1
"1125",2010,"AC","Deputado Estadual","PSB",1
"1126",2010,"AM","Deputado Estadual","PSB",1
"1127",2010,"AP","Deputado Estadual","PSB",2
"1128",2010,"BA","Deputado Estadual","PSB",1
"1129",2010,"CE","Deputado Estadual","PSB",11
"1130",2010,"ES","Deputado Estadual","PSB",2
"1131",2010,"MA","Deputado Estadual","PSB",3
"1132",2010,"MG","Deputado Estadual","PSB",3
"1133",2010,"MS","Deputado Estadual","PSB",1
"1134",2010,"MT","Deputado Estadual","PSB",1
"1135",2010,"PA","Deputado Estadual","PSB",2
"1136",2010,"PB","Deputado Estadual","PSB",3
"1137",2010,"PE","Deputado Estadual","PSB",13
"1138",2010,"PI","Deputado Estadual","PSB",5
"1139",2010,"PR","Deputado Estadual","PSB",3
"1140",2010,"RJ","Deputado Estadual","PSB",3
"1141",2010,"RN","Deputado Estadual","PSB",4
"1142",2010,"RO","Deputado Estadual","PSB",1
"1143",2010,"RR","Deputado Estadual","PSB",2
"1144",2010,"RS","Deputado Estadual","PSB",3
"1145",2010,"SE","Deputado Estadual","PSB",2
"1146",2010,"SP","Deputado Estadual","PSB",3
"1147",2010,"TO","Deputado Estadual","PSB",1
"1148",2010,"AC","Deputado Estadual","PSC",1
"1149",2010,"AL","Deputado Estadual","PSC",1
"1150",2010,"AM","Deputado Estadual","PSC",1
"1151",2010,"AP","Deputado Estadual","PSC",1
"1152",2010,"BA","Deputado Estadual","PSC",5
"1153",2010,"GO","Deputado Estadual","PSC",1
"1154",2010,"MA","Deputado Estadual","PSC",1
"1155",2010,"MG","Deputado Estadual","PSC",2
"1156",2010,"PA","Deputado Estadual","PSC",1
"1157",2010,"PB","Deputado Estadual","PSC",3
"1158",2010,"PE","Deputado Estadual","PSC",1
"1159",2010,"PR","Deputado Estadual","PSC",3
"1160",2010,"RJ","Deputado Estadual","PSC",3
"1161",2010,"RR","Deputado Estadual","PSC",1
"1162",2010,"SE","Deputado Estadual","PSC",4
"1163",2010,"SP","Deputado Estadual","PSC",4
"1164",2010,"AC","Deputado Estadual","PSDB",2
"1165",2010,"AL","Deputado Estadual","PSDB",6
"1166",2010,"AM","Deputado Estadual","PSDB",1
"1167",2010,"AP","Deputado Estadual","PSDB",1
"1168",2010,"BA","Deputado Estadual","PSDB",2
"1169",2010,"CE","Deputado Estadual","PSDB",7
"1170",2010,"GO","Deputado Estadual","PSDB",8
"1171",2010,"MA","Deputado Estadual","PSDB",3
"1172",2010,"MG","Deputado Estadual","PSDB",13
"1173",2010,"MS","Deputado Estadual","PSDB",3
"1174",2010,"MT","Deputado Estadual","PSDB",1
"1175",2010,"PA","Deputado Estadual","PSDB",6
"1176",2010,"PB","Deputado Estadual","PSDB",3
"1177",2010,"PE","Deputado Estadual","PSDB",5
"1178",2010,"PI","Deputado Estadual","PSDB",3
"1179",2010,"PR","Deputado Estadual","PSDB",9
"1180",2010,"RJ","Deputado Estadual","PSDB",4
"1181",2010,"RN","Deputado Estadual","PSDB",1
"1182",2010,"RO","Deputado Estadual","PSDB",2
"1183",2010,"RR","Deputado Estadual","PSDB",2
"1184",2010,"RS","Deputado Estadual","PSDB",5
"1185",2010,"SC","Deputado Estadual","PSDB",6
"1186",2010,"SE","Deputado Estadual","PSDB",1
"1187",2010,"SP","Deputado Estadual","PSDB",22
"1188",2010,"TO","Deputado Estadual","PSDB",2
"1189",2010,"AC","Deputado Estadual","PSDC",2
"1190",2010,"AP","Deputado Estadual","PSDC",1
"1191",2010,"CE","Deputado Estadual","PSDC",1
"1192",2010,"RJ","Deputado Estadual","PSDC",1
"1193",2010,"RO","Deputado Estadual","PSDC",2
"1194",2010,"RR","Deputado Estadual","PSDC",1
"1195",2010,"AM","Deputado Estadual","PSL",1
"1196",2010,"BA","Deputado Estadual","PSL",2
"1197",2010,"CE","Deputado Estadual","PSL",1
"1198",2010,"MA","Deputado Estadual","PSL",1
"1199",2010,"MG","Deputado Estadual","PSL",3
"1200",2010,"MS","Deputado Estadual","PSL",1
"1201",2010,"PB","Deputado Estadual","PSL",2
"1202",2010,"PR","Deputado Estadual","PSL",1
"1203",2010,"RJ","Deputado Estadual","PSL",1
"1204",2010,"RR","Deputado Estadual","PSL",2
"1205",2010,"SE","Deputado Estadual","PSL",2
"1206",2010,"PA","Deputado Estadual","PSOL",1
"1207",2010,"RJ","Deputado Estadual","PSOL",2
"1208",2010,"SP","Deputado Estadual","PSOL",1
"1209",2010,"AC","Deputado Estadual","PT",4
"1210",2010,"AL","Deputado Estadual","PT",3
"1211",2010,"AM","Deputado Estadual","PT",2
"1212",2010,"BA","Deputado Estadual","PT",14
"1213",2010,"CE","Deputado Estadual","PT",5
"1214",2010,"ES","Deputado Estadual","PT",4
"1215",2010,"GO","Deputado Estadual","PT",4
"1216",2010,"MA","Deputado Estadual","PT",3
"1217",2010,"MG","Deputado Estadual","PT",11
"1218",2010,"MS","Deputado Estadual","PT",4
"1219",2010,"MT","Deputado Estadual","PT",1
"1220",2010,"PA","Deputado Estadual","PT",8
"1221",2010,"PB","Deputado Estadual","PT",3
"1222",2010,"PE","Deputado Estadual","PT",5
"1223",2010,"PI","Deputado Estadual","PT",5
"1224",2010,"PR","Deputado Estadual","PT",6
"1225",2010,"RJ","Deputado Estadual","PT",6
"1226",2010,"RN","Deputado Estadual","PT",1
"1227",2010,"RO","Deputado Estadual","PT",3
"1228",2010,"RS","Deputado Estadual","PT",14
"1229",2010,"SC","Deputado Estadual","PT",7
"1230",2010,"SE","Deputado Estadual","PT",4
"1231",2010,"SP","Deputado Estadual","PT",24
"1232",2010,"TO","Deputado Estadual","PT",3
"1233",2010,"AC","Deputado Estadual","PT do B",1
"1234",2010,"AL","Deputado Estadual","PT do B",2
"1235",2010,"AP","Deputado Estadual","PT do B",2
"1236",2010,"BA","Deputado Estadual","PT do B",2
"1237",2010,"CE","Deputado Estadual","PT do B",1
"1238",2010,"GO","Deputado Estadual","PT do B",1
"1239",2010,"MA","Deputado Estadual","PT do B",1
"1240",2010,"MG","Deputado Estadual","PT do B",1
"1241",2010,"MS","Deputado Estadual","PT do B",2
"1242",2010,"RJ","Deputado Estadual","PT do B",1
"1243",2010,"RO","Deputado Estadual","PT do B",1
"1244",2010,"SE","Deputado Estadual","PT do B",1
"1245",2010,"AL","Deputado Estadual","PTB",2
"1246",2010,"AM","Deputado Estadual","PTB",1
"1247",2010,"AP","Deputado Estadual","PTB",2
"1248",2010,"CE","Deputado Estadual","PTB",1
"1249",2010,"ES","Deputado Estadual","PTB",1
"1250",2010,"GO","Deputado Estadual","PTB",4
"1251",2010,"MA","Deputado Estadual","PTB",1
"1252",2010,"MG","Deputado Estadual","PTB",4
"1253",2010,"MT","Deputado Estadual","PTB",1
"1254",2010,"PA","Deputado Estadual","PTB",3
"1255",2010,"PB","Deputado Estadual","PTB",1
"1256",2010,"PE","Deputado Estadual","PTB",7
"1257",2010,"PI","Deputado Estadual","PTB",4
"1258",2010,"PR","Deputado Estadual","PTB",1
"1259",2010,"RJ","Deputado Estadual","PTB",1
"1260",2010,"RN","Deputado Estadual","PTB",1
"1261",2010,"RO","Deputado Estadual","PTB",1
"1262",2010,"RS","Deputado Estadual","PTB",6
"1263",2010,"SC","Deputado Estadual","PTB",1
"1264",2010,"SP","Deputado Estadual","PTB",4
"1265",2010,"TO","Deputado Estadual","PTB",1
"1266",2010,"MG","Deputado Estadual","PTC",1
"1267",2010,"PE","Deputado Estadual","PTC",3
"1268",2010,"PI","Deputado Estadual","PTC",1
"1269",2010,"RR","Deputado Estadual","PTC",1
"1270",2010,"SE","Deputado Estadual","PTC",1
"1271",2010,"AM","Deputado Estadual","PTN",2
"1272",2010,"BA","Deputado Estadual","PTN",3
"1273",2010,"CE","Deputado Estadual","PTN",1
"1274",2010,"GO","Deputado Estadual","PTN",2
"1275",2010,"PB","Deputado Estadual","PTN",2
"1276",2010,"RJ","Deputado Estadual","PTN",1
"1277",2010,"RO","Deputado Estadual","PTN",2
"1278",2010,"AP","Deputado Estadual","PV",1
"1279",2010,"BA","Deputado Estadual","PV",1
"1280",2010,"CE","Deputado Estadual","PV",2
"1281",2010,"ES","Deputado Estadual","PV",2
"1282",2010,"MA","Deputado Estadual","PV",5
"1283",2010,"MG","Deputado Estadual","PV",6
"1284",2010,"PA","Deputado Estadual","PV",1
"1285",2010,"PE","Deputado Estadual","PV",1
"1286",2010,"PR","Deputado Estadual","PV",2
"1287",2010,"RJ","Deputado Estadual","PV",2
"1288",2010,"RN","Deputado Estadual","PV",1
"1289",2010,"RO","Deputado Estadual","PV",1
"1290",2010,"RR","Deputado Estadual","PV",1
"1291",2010,"SE","Deputado Estadual","PV",1
"1292",2010,"SP","Deputado Estadual","PV",9
"1293",2010,"TO","Deputado Estadual","PV",1
"1294",2014,"DF","Deputado Distrital","PDT",3
"1295",2014,"DF","Deputado Distrital","PEN",1
"1296",2014,"DF","Deputado Distrital","PHS",1
"1297",2014,"DF","Deputado Distrital","PMDB",3
"1298",2014,"DF","Deputado Distrital","PP",1
"1299",2014,"DF","Deputado Distrital","PPL",1
"1300",2014,"DF","Deputado Distrital","PR",1
"1301",2014,"DF","Deputado Distrital","PRB",1
"1302",2014,"DF","Deputado Distrital","PRTB",2
"1303",2014,"DF","Deputado Distrital","PSDB",1
"1304",2014,"DF","Deputado Distrital","PT",4
"1305",2014,"DF","Deputado Distrital","PTB",1
"1306",2014,"DF","Deputado Distrital","PTC",1
"1307",2014,"DF","Deputado Distrital","PTN",1
"1308",2014,"DF","Deputado Distrital","PV",1
"1309",2014,"DF","Deputado Distrital","SD",1
"1310",2014,"AC","Deputado Estadual","DEM",1
"1311",2014,"AL","Deputado Estadual","DEM",2
"1312",2014,"AM","Deputado Estadual","DEM",1
"1313",2014,"AP","Deputado Estadual","DEM",1
"1314",2014,"BA","Deputado Estadual","DEM",6
"1315",2014,"CE","Deputado Estadual","DEM",1
"1316",2014,"ES","Deputado Estadual","DEM",2
"1317",2014,"GO","Deputado Estadual","DEM",1
"1318",2014,"MA","Deputado Estadual","DEM",2
"1319",2014,"MG","Deputado Estadual","DEM",2
"1320",2014,"MS","Deputado Estadual","DEM",1
"1321",2014,"MT","Deputado Estadual","DEM",1
"1322",2014,"PA","Deputado Estadual","DEM",2
"1323",2014,"PB","Deputado Estadual","DEM",2
"1324",2014,"PE","Deputado Estadual","DEM",1
"1325",2014,"PR","Deputado Estadual","DEM",4
"1326",2014,"RN","Deputado Estadual","DEM",2
"1327",2014,"RO","Deputado Estadual","DEM",1
"1328",2014,"SC","Deputado Estadual","DEM",1
"1329",2014,"SE","Deputado Estadual","DEM",2
"1330",2014,"SP","Deputado Estadual","DEM",8
"1331",2014,"TO","Deputado Estadual","DEM",1
"1332",2014,"AC","Deputado Estadual","PC do B",1
"1333",2014,"AM","Deputado Estadual","PC do B",1
"1334",2014,"BA","Deputado Estadual","PC do B",3
"1335",2014,"CE","Deputado Estadual","PC do B",2
"1336",2014,"GO","Deputado Estadual","PC do B",1
"1337",2014,"MA","Deputado Estadual","PC do B",3
"1338",2014,"MG","Deputado Estadual","PC do B",3
"1339",2014,"PA","Deputado Estadual","PC do B",1
"1340",2014,"PB","Deputado Estadual","PC do B",1
"1341",2014,"RJ","Deputado Estadual","PC do B",1
"1342",2014,"RN","Deputado Estadual","PC do B",1
"1343",2014,"RR","Deputado Estadual","PC do B",1
"1344",2014,"RS","Deputado Estadual","PC do B",2
"1345",2014,"SC","Deputado Estadual","PC do B",1
"1346",2014,"SE","Deputado Estadual","PC do B",1
"1347",2014,"SP","Deputado Estadual","PC do B",2
"1348",2014,"AC","Deputado Estadual","PDT",2
"1349",2014,"AL","Deputado Estadual","PDT",2
"1350",2014,"AM","Deputado Estadual","PDT",1
"1351",2014,"AP","Deputado Estadual","PDT",2
"1352",2014,"BA","Deputado Estadual","PDT",5
"1353",2014,"CE","Deputado Estadual","PDT",3
"1354",2014,"ES","Deputado Estadual","PDT",2
"1355",2014,"GO","Deputado Estadual","PDT",1
"1356",2014,"MA","Deputado Estadual","PDT",3
"1357",2014,"MG","Deputado Estadual","PDT",4
"1358",2014,"MS","Deputado Estadual","PDT",3
"1359",2014,"MT","Deputado Estadual","PDT",2
"1360",2014,"PA","Deputado Estadual","PDT",1
"1361",2014,"PE","Deputado Estadual","PDT",2
"1362",2014,"PI","Deputado Estadual","PDT",2
"1363",2014,"PR","Deputado Estadual","PDT",4
"1364",2014,"RJ","Deputado Estadual","PDT",3
"1365",2014,"RN","Deputado Estadual","PDT",1
"1366",2014,"RO","Deputado Estadual","PDT",2
"1367",2014,"RR","Deputado Estadual","PDT",1
"1368",2014,"RS","Deputado Estadual","PDT",8
"1369",2014,"SC","Deputado Estadual","PDT",1
"1370",2014,"SE","Deputado Estadual","PDT",1
"1371",2014,"SP","Deputado Estadual","PDT",1
"1372",2014,"CE","Deputado Estadual","PEN",1
"1373",2014,"ES","Deputado Estadual","PEN",1
"1374",2014,"MA","Deputado Estadual","PEN",1
"1375",2014,"MG","Deputado Estadual","PEN",1
"1376",2014,"MS","Deputado Estadual","PEN",1
"1377",2014,"PA","Deputado Estadual","PEN",1
"1378",2014,"PB","Deputado Estadual","PEN",4
"1379",2014,"RO","Deputado Estadual","PEN",1
"1380",2014,"RR","Deputado Estadual","PEN",1
"1381",2014,"SP","Deputado Estadual","PEN",2
"1382",2014,"AP","Deputado Estadual","PHS",1
"1383",2014,"CE","Deputado Estadual","PHS",1
"1384",2014,"GO","Deputado Estadual","PHS",2
"1385",2014,"MA","Deputado Estadual","PHS",1
"1386",2014,"MG","Deputado Estadual","PHS",1
"1387",2014,"PE","Deputado Estadual","PHS",1
"1388",2014,"RJ","Deputado Estadual","PHS",1
"1389",2014,"RN","Deputado Estadual","PHS",1
"1390",2014,"SP","Deputado Estadual","PHS",1
"1391",2014,"AC","Deputado Estadual","PMDB",2
"1392",2014,"AL","Deputado Estadual","PMDB",3
"1393",2014,"AM","Deputado Estadual","PMDB",3
"1394",2014,"AP","Deputado Estadual","PMDB",2
"1395",2014,"BA","Deputado Estadual","PMDB",6
"1396",2014,"CE","Deputado Estadual","PMDB",6
"1397",2014,"ES","Deputado Estadual","PMDB",4
"1398",2014,"GO","Deputado Estadual","PMDB",5
"1399",2014,"MA","Deputado Estadual","PMDB",4
"1400",2014,"MG","Deputado Estadual","PMDB",10
"1401",2014,"MS","Deputado Estadual","PMDB",6
"1402",2014,"MT","Deputado Estadual","PMDB",3
"1403",2014,"PA","Deputado Estadual","PMDB",8
"1404",2014,"PB","Deputado Estadual","PMDB",4
"1405",2014,"PE","Deputado Estadual","PMDB",3
"1406",2014,"PI","Deputado Estadual","PMDB",6
"1407",2014,"PR","Deputado Estadual","PMDB",8
"1408",2014,"RJ","Deputado Estadual","PMDB",15
"1409",2014,"RN","Deputado Estadual","PMDB",5
"1410",2014,"RO","Deputado Estadual","PMDB",3
"1411",2014,"RR","Deputado Estadual","PMDB",3
"1412",2014,"RS","Deputado Estadual","PMDB",8
"1413",2014,"SC","Deputado Estadual","PMDB",10
"1414",2014,"SE","Deputado Estadual","PMDB",4
"1415",2014,"SP","Deputado Estadual","PMDB",5
"1416",2014,"TO","Deputado Estadual","PMDB",3
"1417",2014,"AL","Deputado Estadual","PMN",1
"1418",2014,"ES","Deputado Estadual","PMN",1
"1419",2014,"GO","Deputado Estadual","PMN",1
"1420",2014,"MA","Deputado Estadual","PMN",1
"1421",2014,"MG","Deputado Estadual","PMN",1
"1422",2014,"PR","Deputado Estadual","PMN",1
"1423",2014,"RJ","Deputado Estadual","PMN",1
"1424",2014,"RN","Deputado Estadual","PMN",1
"1425",2014,"AC","Deputado Estadual","PP",2
"1426",2014,"AM","Deputado Estadual","PP",1
"1427",2014,"BA","Deputado Estadual","PP",5
"1428",2014,"CE","Deputado Estadual","PP",2
"1429",2014,"ES","Deputado Estadual","PP",2
"1430",2014,"MA","Deputado Estadual","PP",1
"1431",2014,"MG","Deputado Estadual","PP",3
"1432",2014,"PA","Deputado Estadual","PP",1
"1433",2014,"PB","Deputado Estadual","PP",2
"1434",2014,"PE","Deputado Estadual","PP",4
"1435",2014,"PI","Deputado Estadual","PP",1
"1436",2014,"PR","Deputado Estadual","PP",2
"1437",2014,"RJ","Deputado Estadual","PP",4
"1438",2014,"RO","Deputado Estadual","PP",3
"1439",2014,"RR","Deputado Estadual","PP",1
"1440",2014,"RS","Deputado Estadual","PP",7
"1441",2014,"SC","Deputado Estadual","PP",4
"1442",2014,"SE","Deputado Estadual","PP",2
"1443",2014,"SP","Deputado Estadual","PP",2
"1444",2014,"TO","Deputado Estadual","PP",1
"1445",2014,"PA","Deputado Estadual","PPL",1
"1446",2014,"PR","Deputado Estadual","PPL",1
"1447",2014,"RS","Deputado Estadual","PPL",1
"1448",2014,"AL","Deputado Estadual","PPS",2
"1449",2014,"AM","Deputado Estadual","PPS",1
"1450",2014,"CE","Deputado Estadual","PPS",1
"1451",2014,"ES","Deputado Estadual","PPS",2
"1452",2014,"MA","Deputado Estadual","PPS",1
"1453",2014,"MG","Deputado Estadual","PPS",3
"1454",2014,"PA","Deputado Estadual","PPS",1
"1455",2014,"PR","Deputado Estadual","PPS",2
"1456",2014,"RJ","Deputado Estadual","PPS",2
"1457",2014,"RR","Deputado Estadual","PPS",1
"1458",2014,"RS","Deputado Estadual","PPS",1
"1459",2014,"SC","Deputado Estadual","PPS",1
"1460",2014,"SP","Deputado Estadual","PPS",3
"1461",2014,"TO","Deputado Estadual","PPS",1
"1462",2014,"AC","Deputado Estadual","PR",1
"1463",2014,"AM","Deputado Estadual","PR",2
"1464",2014,"BA","Deputado Estadual","PR",1
"1465",2014,"CE","Deputado Estadual","PR",2
"1466",2014,"ES","Deputado Estadual","PR",1
"1467",2014,"GO","Deputado Estadual","PR",2
"1468",2014,"MA","Deputado Estadual","PR",2
"1469",2014,"MG","Deputado Estadual","PR",3
"1470",2014,"MS","Deputado Estadual","PR",2
"1471",2014,"MT","Deputado Estadual","PR",5
"1472",2014,"PA","Deputado Estadual","PR",2
"1473",2014,"PB","Deputado Estadual","PR",1
"1474",2014,"PE","Deputado Estadual","PR",3
"1475",2014,"PI","Deputado Estadual","PR",1
"1476",2014,"RJ","Deputado Estadual","PR",8
"1477",2014,"RN","Deputado Estadual","PR",1
"1478",2014,"RS","Deputado Estadual","PR",1
"1479",2014,"SC","Deputado Estadual","PR",2
"1480",2014,"SP","Deputado Estadual","PR",3
"1481",2014,"TO","Deputado Estadual","PR",2
"1482",2014,"AC","Deputado Estadual","PRB",1
"1483",2014,"AL","Deputado Estadual","PRB",1
"1484",2014,"AM","Deputado Estadual","PRB",1
"1485",2014,"AP","Deputado Estadual","PRB",4
"1486",2014,"BA","Deputado Estadual","PRB",2
"1487",2014,"CE","Deputado Estadual","PRB",1
"1488",2014,"GO","Deputado Estadual","PRB",1
"1489",2014,"MA","Deputado Estadual","PRB",3
"1490",2014,"MG","Deputado Estadual","PRB",2
"1491",2014,"PA","Deputado Estadual","PRB",1
"1492",2014,"PB","Deputado Estadual","PRB",1
"1493",2014,"PE","Deputado Estadual","PRB",1
"1494",2014,"PI","Deputado Estadual","PRB",1
"1495",2014,"PR","Deputado Estadual","PRB",1
"1496",2014,"RJ","Deputado Estadual","PRB",2
"1497",2014,"RR","Deputado Estadual","PRB",3
"1498",2014,"RS","Deputado Estadual","PRB",1
"1499",2014,"SE","Deputado Estadual","PRB",1
"1500",2014,"SP","Deputado Estadual","PRB",4
"1501",2014,"AC","Deputado Estadual","PROS",1
"1502",2014,"AL","Deputado Estadual","PROS",2
"1503",2014,"AM","Deputado Estadual","PROS",1
"1504",2014,"AP","Deputado Estadual","PROS",2
"1505",2014,"BA","Deputado Estadual","PROS",1
"1506",2014,"CE","Deputado Estadual","PROS",12
"1507",2014,"GO","Deputado Estadual","PROS",1
"1508",2014,"MG","Deputado Estadual","PROS",1
"1509",2014,"PA","Deputado Estadual","PROS",2
"1510",2014,"PE","Deputado Estadual","PROS",1
"1511",2014,"RN","Deputado Estadual","PROS",4
"1512",2014,"RR","Deputado Estadual","PROS",1
"1513",2014,"TO","Deputado Estadual","PROS",1
"1514",2014,"AC","Deputado Estadual","PRP",1
"1515",2014,"BA","Deputado Estadual","PRP",2
"1516",2014,"CE","Deputado Estadual","PRP",1
"1517",2014,"ES","Deputado Estadual","PRP",3
"1518",2014,"GO","Deputado Estadual","PRP",1
"1519",2014,"PE","Deputado Estadual","PRP",1
"1520",2014,"RO","Deputado Estadual","PRP",1
"1521",2014,"RR","Deputado Estadual","PRP",2
"1522",2014,"AL","Deputado Estadual","PRTB",3
"1523",2014,"ES","Deputado Estadual","PRTB",1
"1524",2014,"GO","Deputado Estadual","PRTB",1
"1525",2014,"MA","Deputado Estadual","PRTB",1
"1526",2014,"RR","Deputado Estadual","PRTB",1
"1527",2014,"TO","Deputado Estadual","PRTB",1
"1528",2014,"AC","Deputado Estadual","PSB",1
"1529",2014,"AL","Deputado Estadual","PSB",2
"1530",2014,"AM","Deputado Estadual","PSB",1
"1531",2014,"AP","Deputado Estadual","PSB",2
"1532",2014,"BA","Deputado Estadual","PSB",2
"1533",2014,"ES","Deputado Estadual","PSB",2
"1534",2014,"MA","Deputado Estadual","PSB",1
"1535",2014,"MG","Deputado Estadual","PSB",3
"1536",2014,"MS","Deputado Estadual","PSB",1
"1537",2014,"MT","Deputado Estadual","PSB",3
"1538",2014,"PA","Deputado Estadual","PSB",2
"1539",2014,"PB","Deputado Estadual","PSB",5
"1540",2014,"PE","Deputado Estadual","PSB",15
"1541",2014,"PI","Deputado Estadual","PSB",3
"1542",2014,"PR","Deputado Estadual","PSB",2
"1543",2014,"RJ","Deputado Estadual","PSB",1
"1544",2014,"RN","Deputado Estadual","PSB",2
"1545",2014,"RO","Deputado Estadual","PSB",1
"1546",2014,"RR","Deputado Estadual","PSB",1
"1547",2014,"RS","Deputado Estadual","PSB",3
"1548",2014,"SC","Deputado Estadual","PSB",2
"1549",2014,"SE","Deputado Estadual","PSB",1
"1550",2014,"SP","Deputado Estadual","PSB",6
"1551",2014,"TO","Deputado Estadual","PSB",1
"1552",2014,"AL","Deputado Estadual","PSC",1
"1553",2014,"AM","Deputado Estadual","PSC",1
"1554",2014,"AP","Deputado Estadual","PSC",2
"1555",2014,"BA","Deputado Estadual","PSC",2
"1556",2014,"CE","Deputado Estadual","PSC",1
"1557",2014,"GO","Deputado Estadual","PSC",1
"1558",2014,"MA","Deputado Estadual","PSC",2
"1559",2014,"MG","Deputado Estadual","PSC",2
"1560",2014,"PA","Deputado Estadual","PSC",2
"1561",2014,"PB","Deputado Estadual","PSC",2
"1562",2014,"PR","Deputado Estadual","PSC",12
"1563",2014,"RJ","Deputado Estadual","PSC",1
"1564",2014,"RR","Deputado Estadual","PSC",1
"1565",2014,"SE","Deputado Estadual","PSC",2
"1566",2014,"SP","Deputado Estadual","PSC",3
"1567",2014,"AC","Deputado Estadual","PSD",1
"1568",2014,"AL","Deputado Estadual","PSD",2
"1569",2014,"AM","Deputado Estadual","PSD",3
"1570",2014,"BA","Deputado Estadual","PSD",8
"1571",2014,"CE","Deputado Estadual","PSD",2
"1572",2014,"ES","Deputado Estadual","PSD",1
"1573",2014,"GO","Deputado Estadual","PSD",5
"1574",2014,"MG","Deputado Estadual","PSD",4
"1575",2014,"MT","Deputado Estadual","PSD",4
"1576",2014,"PA","Deputado Estadual","PSD",3
"1577",2014,"PB","Deputado Estadual","PSD",2
"1578",2014,"PE","Deputado Estadual","PSD",2
"1579",2014,"PI","Deputado Estadual","PSD",3
"1580",2014,"PR","Deputado Estadual","PSD",3
"1581",2014,"RJ","Deputado Estadual","PSD",7
"1582",2014,"RN","Deputado Estadual","PSD",3
"1583",2014,"RO","Deputado Estadual","PSD",1
"1584",2014,"RS","Deputado Estadual","PSD",1
"1585",2014,"SC","Deputado Estadual","PSD",9
"1586",2014,"SE","Deputado Estadual","PSD",3
"1587",2014,"SP","Deputado Estadual","PSD",4
"1588",2014,"TO","Deputado Estadual","PSD",2
"1589",2014,"AC","Deputado Estadual","PSDB",1
"1590",2014,"AL","Deputado Estadual","PSDB",4
"1591",2014,"AM","Deputado Estadual","PSDB",2
"1592",2014,"AP","Deputado Estadual","PSDB",2
"1593",2014,"BA","Deputado Estadual","PSDB",3
"1594",2014,"CE","Deputado Estadual","PSDB",1
"1595",2014,"ES","Deputado Estadual","PSDB",2
"1596",2014,"GO","Deputado Estadual","PSDB",7
"1597",2014,"MA","Deputado Estadual","PSDB",2
"1598",2014,"MG","Deputado Estadual","PSDB",9
"1599",2014,"MS","Deputado Estadual","PSDB",4
"1600",2014,"MT","Deputado Estadual","PSDB",3
"1601",2014,"PA","Deputado Estadual","PSDB",6
"1602",2014,"PB","Deputado Estadual","PSDB",4
"1603",2014,"PE","Deputado Estadual","PSDB",1
"1604",2014,"PI","Deputado Estadual","PSDB",3
"1605",2014,"PR","Deputado Estadual","PSDB",7
"1606",2014,"RJ","Deputado Estadual","PSDB",2
"1607",2014,"RO","Deputado Estadual","PSDB",1
"1608",2014,"RR","Deputado Estadual","PSDB",1
"1609",2014,"RS","Deputado Estadual","PSDB",4
"1610",2014,"SC","Deputado Estadual","PSDB",4
"1611",2014,"SP","Deputado Estadual","PSDB",22
"1612",2014,"TO","Deputado Estadual","PSDB",1
"1613",2014,"AC","Deputado Estadual","PSDC",1
"1614",2014,"AP","Deputado Estadual","PSDC",1
"1615",2014,"CE","Deputado Estadual","PSDC",1
"1616",2014,"MA","Deputado Estadual","PSDC",1
"1617",2014,"RJ","Deputado Estadual","PSDC",1
"1618",2014,"RO","Deputado Estadual","PSDC",2
"1619",2014,"RR","Deputado Estadual","PSDC",2
"1620",2014,"BA","Deputado Estadual","PSL",1
"1621",2014,"CE","Deputado Estadual","PSL",1
"1622",2014,"GO","Deputado Estadual","PSL",1
"1623",2014,"MA","Deputado Estadual","PSL",2
"1624",2014,"PB","Deputado Estadual","PSL",2
"1625",2014,"PE","Deputado Estadual","PSL",1
"1626",2014,"PR","Deputado Estadual","PSL",1
"1627",2014,"RJ","Deputado Estadual","PSL",2
"1628",2014,"RR","Deputado Estadual","PSL",2
"1629",2014,"SE","Deputado Estadual","PSL",1
"1630",2014,"SP","Deputado Estadual","PSL",1
"1631",2014,"TO","Deputado Estadual","PSL",1
"1632",2014,"AP","Deputado Estadual","PSOL",2
"1633",2014,"CE","Deputado Estadual","PSOL",1
"1634",2014,"PE","Deputado Estadual","PSOL",1
"1635",2014,"RJ","Deputado Estadual","PSOL",5
"1636",2014,"RS","Deputado Estadual","PSOL",1
"1637",2014,"SP","Deputado Estadual","PSOL",2
"1638",2014,"AC","Deputado Estadual","PT",5
"1639",2014,"AL","Deputado Estadual","PT",2
"1640",2014,"AM","Deputado Estadual","PT",2
"1641",2014,"BA","Deputado Estadual","PT",11
"1642",2014,"CE","Deputado Estadual","PT",2
"1643",2014,"ES","Deputado Estadual","PT",3
"1644",2014,"GO","Deputado Estadual","PT",4
"1645",2014,"MA","Deputado Estadual","PT",2
"1646",2014,"MG","Deputado Estadual","PT",10
"1647",2014,"MS","Deputado Estadual","PT",4
"1648",2014,"MT","Deputado Estadual","PT",1
"1649",2014,"PA","Deputado Estadual","PT",3
"1650",2014,"PB","Deputado Estadual","PT",2
"1651",2014,"PE","Deputado Estadual","PT",3
"1652",2014,"PI","Deputado Estadual","PT",3
"1653",2014,"PR","Deputado Estadual","PT",3
"1654",2014,"RJ","Deputado Estadual","PT",6
"1655",2014,"RN","Deputado Estadual","PT",1
"1656",2014,"RO","Deputado Estadual","PT",2
"1657",2014,"RR","Deputado Estadual","PT",1
"1658",2014,"RS","Deputado Estadual","PT",11
"1659",2014,"SC","Deputado Estadual","PT",5
"1660",2014,"SE","Deputado Estadual","PT",2
"1661",2014,"SP","Deputado Estadual","PT",15
"1662",2014,"TO","Deputado Estadual","PT",3
"1663",2014,"AP","Deputado Estadual","PT do B",1
"1664",2014,"MA","Deputado Estadual","PT do B",1
"1665",2014,"MG","Deputado Estadual","PT do B",3
"1666",2014,"MS","Deputado Estadual","PT do B",2
"1667",2014,"PB","Deputado Estadual","PT do B",2
"1668",2014,"RJ","Deputado Estadual","PT do B",1
"1669",2014,"RN","Deputado Estadual","PT do B",1
"1670",2014,"RO","Deputado Estadual","PT do B",2
"1671",2014,"SE","Deputado Estadual","PT do B",1
"1672",2014,"AP","Deputado Estadual","PTB",2
"1673",2014,"GO","Deputado Estadual","PTB",5
"1674",2014,"MG","Deputado Estadual","PTB",4
"1675",2014,"PA","Deputado Estadual","PTB",2
"1676",2014,"PB","Deputado Estadual","PTB",1
"1677",2014,"PE","Deputado Estadual","PTB",6
"1678",2014,"PI","Deputado Estadual","PTB",5
"1679",2014,"PR","Deputado Estadual","PTB",1
"1680",2014,"RJ","Deputado Estadual","PTB",2
"1681",2014,"RO","Deputado Estadual","PTB",1
"1682",2014,"RS","Deputado Estadual","PTB",5
"1683",2014,"SP","Deputado Estadual","PTB",2
"1684",2014,"TO","Deputado Estadual","PTB",2
"1685",2014,"ES","Deputado Estadual","PTC",1
"1686",2014,"MA","Deputado Estadual","PTC",1
"1687",2014,"MG","Deputado Estadual","PTC",1
"1688",2014,"PE","Deputado Estadual","PTC",1
"1689",2014,"PI","Deputado Estadual","PTC",2
"1690",2014,"RJ","Deputado Estadual","PTC",1
"1691",2014,"SE","Deputado Estadual","PTC",3
"1692",2014,"AC","Deputado Estadual","PTN",2
"1693",2014,"AM","Deputado Estadual","PTN",2
"1694",2014,"BA","Deputado Estadual","PTN",3
"1695",2014,"CE","Deputado Estadual","PTN",1
"1696",2014,"MA","Deputado Estadual","PTN",2
"1697",2014,"MG","Deputado Estadual","PTN",3
"1698",2014,"PB","Deputado Estadual","PTN",1
"1699",2014,"RJ","Deputado Estadual","PTN",1
"1700",2014,"RO","Deputado Estadual","PTN",1
"1701",2014,"SP","Deputado Estadual","PTN",1
"1702",2014,"AC","Deputado Estadual","PV",1
"1703",2014,"AM","Deputado Estadual","PV",1
"1704",2014,"BA","Deputado Estadual","PV",2
"1705",2014,"CE","Deputado Estadual","PV",1
"1706",2014,"ES","Deputado Estadual","PV",1
"1707",2014,"MA","Deputado Estadual","PV",4
"1708",2014,"MG","Deputado Estadual","PV",4
"1709",2014,"MT","Deputado Estadual","PV",1
"1710",2014,"PR","Deputado Estadual","PV",1
"1711",2014,"RO","Deputado Estadual","PV",1
"1712",2014,"RR","Deputado Estadual","PV",1
"1713",2014,"RS","Deputado Estadual","PV",1
"1714",2014,"SP","Deputado Estadual","PV",6
"1715",2014,"CE","Deputado Estadual","SD",2
"1716",2014,"ES","Deputado Estadual","SD",1
"1717",2014,"GO","Deputado Estadual","SD",1
"1718",2014,"MA","Deputado Estadual","SD",1
"1719",2014,"MT","Deputado Estadual","SD",1
"1720",2014,"PA","Deputado Estadual","SD",2
"1721",2014,"PE","Deputado Estadual","SD",2
"1722",2014,"PR","Deputado Estadual","SD",1
"1723",2014,"RJ","Deputado Estadual","SD",3
"1724",2014,"RN","Deputado Estadual","SD",1
"1725",2014,"RO","Deputado Estadual","SD",1
"1726",2014,"SP","Deputado Estadual","SD",1
"1727",2014,"TO","Deputado Estadual","SD",4
"1728",2018,"DF","Deputado Distrital","AVANTE",2
"1729",2018,"DF","Deputado Distrital","MDB",1
"1730",2018,"DF","Deputado Distrital","NOVO",1
"1731",2018,"DF","Deputado Distrital","PDT",2
"1732",2018,"DF","Deputado Distrital","PHS",1
"1733",2018,"DF","Deputado Distrital","PODE",1
"1734",2018,"DF","Deputado Distrital","PP",1
"1735",2018,"DF","Deputado Distrital","PR",1
"1736",2018,"DF","Deputado Distrital","PRB",2
"1737",2018,"DF","Deputado Distrital","PROS",2
"1738",2018,"DF","Deputado Distrital","PRP",1
"1739",2018,"DF","Deputado Distrital","PSB",2
"1740",2018,"DF","Deputado Distrital","PSC",1
"1741",2018,"DF","Deputado Distrital","PSD",1
"1742",2018,"DF","Deputado Distrital","PSOL",1
"1743",2018,"DF","Deputado Distrital","PT",2
"1744",2018,"DF","Deputado Distrital","PTC",1
"1745",2018,"DF","Deputado Distrital","REDE",1
"1746",2018,"BA","Deputado Estadual","AVANTE",1
"1747",2018,"ES","Deputado Estadual","AVANTE",1
"1748",2018,"MG","Deputado Estadual","AVANTE",2
"1749",2018,"PB","Deputado Estadual","AVANTE",4
"1750",2018,"PE","Deputado Estadual","AVANTE",1
"1751",2018,"RJ","Deputado Estadual","AVANTE",1
"1752",2018,"RN","Deputado Estadual","AVANTE",2
"1753",2018,"SP","Deputado Estadual","AVANTE",1
"1754",2018,"AP","Deputado Estadual","DC",1
"1755",2018,"ES","Deputado Estadual","DC",1
"1756",2018,"GO","Deputado Estadual","DC",2
"1757",2018,"MG","Deputado Estadual","DC",1
"1758",2018,"MT","Deputado Estadual","DC",2
"1759",2018,"PA","Deputado Estadual","DC",1
"1760",2018,"RJ","Deputado Estadual","DC",2
"1761",2018,"AC","Deputado Estadual","DEM",1
"1762",2018,"AL","Deputado Estadual","DEM",1
"1763",2018,"AM","Deputado Estadual","DEM",1
"1764",2018,"AP","Deputado Estadual","DEM",2
"1765",2018,"BA","Deputado Estadual","DEM",7
"1766",2018,"CE","Deputado Estadual","DEM",1
"1767",2018,"ES","Deputado Estadual","DEM",1
"1768",2018,"GO","Deputado Estadual","DEM",4
"1769",2018,"MA","Deputado Estadual","DEM",5
"1770",2018,"MG","Deputado Estadual","DEM",1
"1771",2018,"MS","Deputado Estadual","DEM",2
"1772",2018,"MT","Deputado Estadual","DEM",2
"1773",2018,"PA","Deputado Estadual","DEM",3
"1774",2018,"PE","Deputado Estadual","DEM",3
"1775",2018,"PR","Deputado Estadual","DEM",2
"1776",2018,"RJ","Deputado Estadual","DEM",6
"1777",2018,"RN","Deputado Estadual","DEM",1
"1778",2018,"RO","Deputado Estadual","DEM",1
"1779",2018,"RS","Deputado Estadual","DEM",2
"1780",2018,"SP","Deputado Estadual","DEM",7
"1781",2018,"TO","Deputado Estadual","DEM",1
"1782",2018,"AC","Deputado Estadual","MDB",3
"1783",2018,"AL","Deputado Estadual","MDB",6
"1784",2018,"AM","Deputado Estadual","MDB",1
"1785",2018,"AP","Deputado Estadual","MDB",1
"1786",2018,"BA","Deputado Estadual","MDB",1
"1787",2018,"CE","Deputado Estadual","MDB",4
"1788",2018,"ES","Deputado Estadual","MDB",2
"1789",2018,"GO","Deputado Estadual","MDB",3
"1790",2018,"MA","Deputado Estadual","MDB",2
"1791",2018,"MG","Deputado Estadual","MDB",7
"1792",2018,"MS","Deputado Estadual","MDB",3
"1793",2018,"MT","Deputado Estadual","MDB",3
"1794",2018,"PA","Deputado Estadual","MDB",6
"1795",2018,"PB","Deputado Estadual","MDB",1
"1796",2018,"PE","Deputado Estadual","MDB",1
"1797",2018,"PI","Deputado Estadual","MDB",6
"1798",2018,"PR","Deputado Estadual","MDB",2
"1799",2018,"RJ","Deputado Estadual","MDB",5
"1800",2018,"RN","Deputado Estadual","MDB",2
"1801",2018,"RO","Deputado Estadual","MDB",3
"1802",2018,"RR","Deputado Estadual","MDB",2
"1803",2018,"RS","Deputado Estadual","MDB",8
"1804",2018,"SC","Deputado Estadual","MDB",9
"1805",2018,"SE","Deputado Estadual","MDB",3
"1806",2018,"SP","Deputado Estadual","MDB",3
"1807",2018,"TO","Deputado Estadual","MDB",5
"1808",2018,"MG","Deputado Estadual","NOVO",3
"1809",2018,"RJ","Deputado Estadual","NOVO",2
"1810",2018,"RS","Deputado Estadual","NOVO",2
"1811",2018,"SP","Deputado Estadual","NOVO",4
"1812",2018,"BA","Deputado Estadual","PATRI",1
"1813",2018,"CE","Deputado Estadual","PATRI",3
"1814",2018,"ES","Deputado Estadual","PATRI",1
"1815",2018,"GO","Deputado Estadual","PATRI",1
"1816",2018,"MG","Deputado Estadual","PATRI",2
"1817",2018,"MS","Deputado Estadual","PATRI",1
"1818",2018,"PA","Deputado Estadual","PATRI",1
"1819",2018,"PB","Deputado Estadual","PATRI",2
"1820",2018,"RJ","Deputado Estadual","PATRI",1
"1821",2018,"RR","Deputado Estadual","PATRI",2
"1822",2018,"SP","Deputado Estadual","PATRI",1
"1823",2018,"AC","Deputado Estadual","PC do B",2
"1824",2018,"BA","Deputado Estadual","PC do B",5
"1825",2018,"CE","Deputado Estadual","PC do B",2
"1826",2018,"MA","Deputado Estadual","PC do B",6
"1827",2018,"MG","Deputado Estadual","PC do B",1
"1828",2018,"PB","Deputado Estadual","PC do B",1
"1829",2018,"PE","Deputado Estadual","PC do B",1
"1830",2018,"RJ","Deputado Estadual","PC do B",1
"1831",2018,"RR","Deputado Estadual","PC do B",1
"1832",2018,"SP","Deputado Estadual","PC do B",1
"1833",2018,"AC","Deputado Estadual","PDT",1
"1834",2018,"AL","Deputado Estadual","PDT",1
"1835",2018,"AM","Deputado Estadual","PDT",1
"1836",2018,"AP","Deputado Estadual","PDT",1
"1837",2018,"BA","Deputado Estadual","PDT",3
"1838",2018,"CE","Deputado Estadual","PDT",14
"1839",2018,"ES","Deputado Estadual","PDT",1
"1840",2018,"GO","Deputado Estadual","PDT",1
"1841",2018,"MA","Deputado Estadual","PDT",7
"1842",2018,"MG","Deputado Estadual","PDT",2
"1843",2018,"MS","Deputado Estadual","PDT",1
"1844",2018,"MT","Deputado Estadual","PDT",1
"1845",2018,"PA","Deputado Estadual","PDT",2
"1846",2018,"PE","Deputado Estadual","PDT",1
"1847",2018,"PI","Deputado Estadual","PDT",1
"1848",2018,"PR","Deputado Estadual","PDT",2
"1849",2018,"RJ","Deputado Estadual","PDT",3
"1850",2018,"RO","Deputado Estadual","PDT",1
"1851",2018,"RS","Deputado Estadual","PDT",4
"1852",2018,"SC","Deputado Estadual","PDT",2
"1853",2018,"SP","Deputado Estadual","PDT",1
"1854",2018,"AC","Deputado Estadual","PHS",1
"1855",2018,"AM","Deputado Estadual","PHS",2
"1856",2018,"BA","Deputado Estadual","PHS",1
"1857",2018,"MG","Deputado Estadual","PHS",3
"1858",2018,"PA","Deputado Estadual","PHS",1
"1859",2018,"PE","Deputado Estadual","PHS",1
"1860",2018,"RJ","Deputado Estadual","PHS",2
"1861",2018,"RN","Deputado Estadual","PHS",1
"1862",2018,"SP","Deputado Estadual","PHS",1
"1863",2018,"TO","Deputado Estadual","PHS",1
"1864",2018,"AP","Deputado Estadual","PMB",1
"1865",2018,"RJ","Deputado Estadual","PMB",1
"1866",2018,"RR","Deputado Estadual","PMB",1
"1867",2018,"AL","Deputado Estadual","PMN",1
"1868",2018,"ES","Deputado Estadual","PMN",1
"1869",2018,"MA","Deputado Estadual","PMN",1
"1870",2018,"PA","Deputado Estadual","PMN",1
"1871",2018,"PR","Deputado Estadual","PMN",1
"1872",2018,"RO","Deputado Estadual","PMN",1
"1873",2018,"AC","Deputado Estadual","PODE",1
"1874",2018,"AM","Deputado Estadual","PODE",1
"1875",2018,"BA","Deputado Estadual","PODE",1
"1876",2018,"MG","Deputado Estadual","PODE",2
"1877",2018,"PB","Deputado Estadual","PODE",3
"1878",2018,"PR","Deputado Estadual","PODE",1
"1879",2018,"RJ","Deputado Estadual","PODE",1
"1880",2018,"RO","Deputado Estadual","PODE",3
"1881",2018,"RR","Deputado Estadual","PODE",1
"1882",2018,"RS","Deputado Estadual","PODE",1
"1883",2018,"SE","Deputado Estadual","PODE",2
"1884",2018,"SP","Deputado Estadual","PODE",4
"1885",2018,"AC","Deputado Estadual","PP",3
"1886",2018,"AL","Deputado Estadual","PP",4
"1887",2018,"AM","Deputado Estadual","PP",4
"1888",2018,"AP","Deputado Estadual","PP",1
"1889",2018,"BA","Deputado Estadual","PP",7
"1890",2018,"CE","Deputado Estadual","PP",3
"1891",2018,"ES","Deputado Estadual","PP",1
"1892",2018,"GO","Deputado Estadual","PP",1
"1893",2018,"MA","Deputado Estadual","PP",2
"1894",2018,"MG","Deputado Estadual","PP",1
"1895",2018,"MS","Deputado Estadual","PP",2
"1896",2018,"MT","Deputado Estadual","PP",1
"1897",2018,"PA","Deputado Estadual","PP",1
"1898",2018,"PB","Deputado Estadual","PP",2
"1899",2018,"PE","Deputado Estadual","PP",10
"1900",2018,"PI","Deputado Estadual","PP",5
"1901",2018,"PR","Deputado Estadual","PP",3
"1902",2018,"RJ","Deputado Estadual","PP",2
"1903",2018,"RO","Deputado Estadual","PP",1
"1904",2018,"RR","Deputado Estadual","PP",1
"1905",2018,"RS","Deputado Estadual","PP",6
"1906",2018,"SC","Deputado Estadual","PP",3
"1907",2018,"SP","Deputado Estadual","PP",4
"1908",2018,"TO","Deputado Estadual","PP",1
"1909",2018,"AP","Deputado Estadual","PPL",1
"1910",2018,"PR","Deputado Estadual","PPL",1
"1911",2018,"RN","Deputado Estadual","PPL",1
"1912",2018,"TO","Deputado Estadual","PPL",1
"1913",2018,"AL","Deputado Estadual","PPS",1
"1914",2018,"AM","Deputado Estadual","PPS",1
"1915",2018,"CE","Deputado Estadual","PPS",1
"1916",2018,"ES","Deputado Estadual","PPS",1
"1917",2018,"GO","Deputado Estadual","PPS",1
"1918",2018,"MG","Deputado Estadual","PPS",1
"1919",2018,"PA","Deputado Estadual","PPS",1
"1920",2018,"PB","Deputado Estadual","PPS",2
"1921",2018,"PI","Deputado Estadual","PPS",1
"1922",2018,"PR","Deputado Estadual","PPS",3
"1923",2018,"RJ","Deputado Estadual","PPS",1
"1924",2018,"RR","Deputado Estadual","PPS",1
"1925",2018,"RS","Deputado Estadual","PPS",1
"1926",2018,"SE","Deputado Estadual","PPS",2
"1927",2018,"SP","Deputado Estadual","PPS",2
"1928",2018,"TO","Deputado Estadual","PPS",1
"1929",2018,"AC","Deputado Estadual","PR",1
"1930",2018,"AM","Deputado Estadual","PR",2
"1931",2018,"AP","Deputado Estadual","PR",4
"1932",2018,"BA","Deputado Estadual","PR",1
"1933",2018,"CE","Deputado Estadual","PR",1
"1934",2018,"MA","Deputado Estadual","PR",3
"1935",2018,"MG","Deputado Estadual","PR",2
"1936",2018,"MS","Deputado Estadual","PR",1
"1937",2018,"PA","Deputado Estadual","PR",3
"1938",2018,"PB","Deputado Estadual","PR",1
"1939",2018,"PE","Deputado Estadual","PR",2
"1940",2018,"PI","Deputado Estadual","PR",3
"1941",2018,"PR","Deputado Estadual","PR",2
"1942",2018,"RJ","Deputado Estadual","PR",1
"1943",2018,"RN","Deputado Estadual","PR",1
"1944",2018,"RS","Deputado Estadual","PR",2
"1945",2018,"SC","Deputado Estadual","PR",3
"1946",2018,"SE","Deputado Estadual","PR",2
"1947",2018,"SP","Deputado Estadual","PR",6
"1948",2018,"TO","Deputado Estadual","PR",1
"1949",2018,"AC","Deputado Estadual","PRB",1
"1950",2018,"AM","Deputado Estadual","PRB",1
"1951",2018,"AP","Deputado Estadual","PRB",1
"1952",2018,"BA","Deputado Estadual","PRB",2
"1953",2018,"CE","Deputado Estadual","PRB",1
"1954",2018,"ES","Deputado Estadual","PRB",2
"1955",2018,"GO","Deputado Estadual","PRB",2
"1956",2018,"MA","Deputado Estadual","PRB",1
"1957",2018,"MG","Deputado Estadual","PRB",3
"1958",2018,"MS","Deputado Estadual","PRB",1
"1959",2018,"MT","Deputado Estadual","PRB",1
"1960",2018,"PA","Deputado Estadual","PRB",2
"1961",2018,"PB","Deputado Estadual","PRB",1
"1962",2018,"PE","Deputado Estadual","PRB",1
"1963",2018,"PI","Deputado Estadual","PRB",1
"1964",2018,"PR","Deputado Estadual","PRB",1
"1965",2018,"RJ","Deputado Estadual","PRB",3
"1966",2018,"RO","Deputado Estadual","PRB",3
"1967",2018,"RR","Deputado Estadual","PRB",3
"1968",2018,"RS","Deputado Estadual","PRB",2
"1969",2018,"SC","Deputado Estadual","PRB",1
"1970",2018,"SP","Deputado Estadual","PRB",6
"1971",2018,"AC","Deputado Estadual","PROS",1
"1972",2018,"AL","Deputado Estadual","PROS",1
"1973",2018,"CE","Deputado Estadual","PROS",2
"1974",2018,"ES","Deputado Estadual","PROS",1
"1975",2018,"GO","Deputado Estadual","PROS",3
"1976",2018,"MA","Deputado Estadual","PROS",1
"1977",2018,"MG","Deputado Estadual","PROS",1
"1978",2018,"MT","Deputado Estadual","PROS",1
"1979",2018,"PR","Deputado Estadual","PROS",2
"1980",2018,"RJ","Deputado Estadual","PROS",1
"1981",2018,"RN","Deputado Estadual","PROS",1
"1982",2018,"RO","Deputado Estadual","PROS",1
"1983",2018,"SP","Deputado Estadual","PROS",1
"1984",2018,"TO","Deputado Estadual","PROS",1
"1985",2018,"AM","Deputado Estadual","PRP",1
"1986",2018,"AP","Deputado Estadual","PRP",1
"1987",2018,"BA","Deputado Estadual","PRP",1
"1988",2018,"ES","Deputado Estadual","PRP",2
"1989",2018,"GO","Deputado Estadual","PRP",2
"1990",2018,"MG","Deputado Estadual","PRP",1
"1991",2018,"RJ","Deputado Estadual","PRP",2
"1992",2018,"RR","Deputado Estadual","PRP",1
"1993",2018,"AL","Deputado Estadual","PRTB",4
"1994",2018,"GO","Deputado Estadual","PRTB",2
"1995",2018,"MA","Deputado Estadual","PRTB",2
"1996",2018,"MG","Deputado Estadual","PRTB",1
"1997",2018,"PB","Deputado Estadual","PRTB",1
"1998",2018,"PE","Deputado Estadual","PRTB",1
"1999",2018,"PI","Deputado Estadual","PRTB",1
"2000",2018,"PR","Deputado Estadual","PRTB",1
"2001",2018,"RJ","Deputado Estadual","PRTB",1
"2002",2018,"RR","Deputado Estadual","PRTB",2
"2003",2018,"AC","Deputado Estadual","PSB",1
"2004",2018,"AM","Deputado Estadual","PSB",1
"2005",2018,"AP","Deputado Estadual","PSB",1
"2006",2018,"BA","Deputado Estadual","PSB",4
"2007",2018,"CE","Deputado Estadual","PSB",1
"2008",2018,"ES","Deputado Estadual","PSB",2
"2009",2018,"GO","Deputado Estadual","PSB",1
"2010",2018,"MA","Deputado Estadual","PSB",2
"2011",2018,"MG","Deputado Estadual","PSB",1
"2012",2018,"MT","Deputado Estadual","PSB",2
"2013",2018,"PA","Deputado Estadual","PSB",1
"2014",2018,"PB","Deputado Estadual","PSB",8
"2015",2018,"PE","Deputado Estadual","PSB",11
"2016",2018,"PI","Deputado Estadual","PSB",1
"2017",2018,"PR","Deputado Estadual","PSB",5
"2018",2018,"RJ","Deputado Estadual","PSB",1
"2019",2018,"RO","Deputado Estadual","PSB",2
"2020",2018,"RR","Deputado Estadual","PSB",1
"2021",2018,"RS","Deputado Estadual","PSB",3
"2022",2018,"SC","Deputado Estadual","PSB",3
"2023",2018,"SE","Deputado Estadual","PSB",1
"2024",2018,"SP","Deputado Estadual","PSB",8
"2025",2018,"TO","Deputado Estadual","PSB",1
"2026",2018,"AP","Deputado Estadual","PSC",1
"2027",2018,"BA","Deputado Estadual","PSC",3
"2028",2018,"GO","Deputado Estadual","PSC",1
"2029",2018,"MG","Deputado Estadual","PSC",3
"2030",2018,"MT","Deputado Estadual","PSC",2
"2031",2018,"PA","Deputado Estadual","PSC",2
"2032",2018,"PB","Deputado Estadual","PSC",1
"2033",2018,"PE","Deputado Estadual","PSC",5
"2034",2018,"PR","Deputado Estadual","PSC",4
"2035",2018,"RJ","Deputado Estadual","PSC",2
"2036",2018,"SC","Deputado Estadual","PSC",1
"2037",2018,"SE","Deputado Estadual","PSC",4
"2038",2018,"AL","Deputado Estadual","PSD",2
"2039",2018,"AM","Deputado Estadual","PSD",2
"2040",2018,"AP","Deputado Estadual","PSD",1
"2041",2018,"BA","Deputado Estadual","PSD",9
"2042",2018,"CE","Deputado Estadual","PSD",2
"2043",2018,"ES","Deputado Estadual","PSD",1
"2044",2018,"GO","Deputado Estadual","PSD",2
"2045",2018,"MG","Deputado Estadual","PSD",4
"2046",2018,"MS","Deputado Estadual","PSD",1
"2047",2018,"MT","Deputado Estadual","PSD",1
"2048",2018,"PA","Deputado Estadual","PSD",3
"2049",2018,"PB","Deputado Estadual","PSD",1
"2050",2018,"PE","Deputado Estadual","PSD",3
"2051",2018,"PI","Deputado Estadual","PSD",1
"2052",2018,"PR","Deputado Estadual","PSD",6
"2053",2018,"RJ","Deputado Estadual","PSD",3
"2054",2018,"RN","Deputado Estadual","PSD",2
"2055",2018,"RO","Deputado Estadual","PSD",1
"2056",2018,"RS","Deputado Estadual","PSD",1
"2057",2018,"SC","Deputado Estadual","PSD",5
"2058",2018,"SE","Deputado Estadual","PSD",4
"2059",2018,"SP","Deputado Estadual","PSD",2
"2060",2018,"AC","Deputado Estadual","PSDB",2
"2061",2018,"AL","Deputado Estadual","PSDB",2
"2062",2018,"AM","Deputado Estadual","PSDB",1
"2063",2018,"AP","Deputado Estadual","PSDB",1
"2064",2018,"BA","Deputado Estadual","PSDB",3
"2065",2018,"CE","Deputado Estadual","PSDB",2
"2066",2018,"ES","Deputado Estadual","PSDB",3
"2067",2018,"GO","Deputado Estadual","PSDB",6
"2068",2018,"MA","Deputado Estadual","PSDB",1
"2069",2018,"MG","Deputado Estadual","PSDB",7
"2070",2018,"MS","Deputado Estadual","PSDB",5
"2071",2018,"MT","Deputado Estadual","PSDB",2
"2072",2018,"PA","Deputado Estadual","PSDB",5
"2073",2018,"PB","Deputado Estadual","PSDB",3
"2074",2018,"PE","Deputado Estadual","PSDB",1
"2075",2018,"PI","Deputado Estadual","PSDB",1
"2076",2018,"PR","Deputado Estadual","PSDB",3
"2077",2018,"RJ","Deputado Estadual","PSDB",2
"2078",2018,"RN","Deputado Estadual","PSDB",5
"2079",2018,"RO","Deputado Estadual","PSDB",1
"2080",2018,"RS","Deputado Estadual","PSDB",4
"2081",2018,"SC","Deputado Estadual","PSDB",2
"2082",2018,"SE","Deputado Estadual","PSDB",1
"2083",2018,"SP","Deputado Estadual","PSDB",8
"2084",2018,"TO","Deputado Estadual","PSDB",2
"2085",2018,"AC","Deputado Estadual","PSL",1
"2086",2018,"AL","Deputado Estadual","PSL",1
"2087",2018,"AM","Deputado Estadual","PSL",1
"2088",2018,"BA","Deputado Estadual","PSL",2
"2089",2018,"CE","Deputado Estadual","PSL",2
"2090",2018,"ES","Deputado Estadual","PSL",4
"2091",2018,"GO","Deputado Estadual","PSL",2
"2092",2018,"MA","Deputado Estadual","PSL",1
"2093",2018,"MG","Deputado Estadual","PSL",6
"2094",2018,"MS","Deputado Estadual","PSL",2
"2095",2018,"MT","Deputado Estadual","PSL",2
"2096",2018,"PA","Deputado Estadual","PSL",1
"2097",2018,"PB","Deputado Estadual","PSL",2
"2098",2018,"PR","Deputado Estadual","PSL",8
"2099",2018,"RJ","Deputado Estadual","PSL",13
"2100",2018,"RN","Deputado Estadual","PSL",1
"2101",2018,"RO","Deputado Estadual","PSL",1
"2102",2018,"RS","Deputado Estadual","PSL",4
"2103",2018,"SC","Deputado Estadual","PSL",6
"2104",2018,"SP","Deputado Estadual","PSL",15
"2105",2018,"TO","Deputado Estadual","PSL",1
"2106",2018,"AP","Deputado Estadual","PSOL",1
"2107",2018,"BA","Deputado Estadual","PSOL",1
"2108",2018,"CE","Deputado Estadual","PSOL",1
"2109",2018,"MG","Deputado Estadual","PSOL",1
"2110",2018,"PA","Deputado Estadual","PSOL",1
"2111",2018,"PE","Deputado Estadual","PSOL",1
"2112",2018,"RJ","Deputado Estadual","PSOL",5
"2113",2018,"RN","Deputado Estadual","PSOL",1
"2114",2018,"RS","Deputado Estadual","PSOL",1
"2115",2018,"SP","Deputado Estadual","PSOL",4
"2116",2018,"AC","Deputado Estadual","PT",2
"2117",2018,"AM","Deputado Estadual","PT",1
"2118",2018,"BA","Deputado Estadual","PT",10
"2119",2018,"CE","Deputado Estadual","PT",4
"2120",2018,"ES","Deputado Estadual","PT",1
"2121",2018,"GO","Deputado Estadual","PT",2
"2122",2018,"MA","Deputado Estadual","PT",1
"2123",2018,"MG","Deputado Estadual","PT",10
"2124",2018,"MS","Deputado Estadual","PT",2
"2125",2018,"MT","Deputado Estadual","PT",2
"2126",2018,"PA","Deputado Estadual","PT",3
"2127",2018,"PE","Deputado Estadual","PT",3
"2128",2018,"PI","Deputado Estadual","PT",5
"2129",2018,"PR","Deputado Estadual","PT",4
"2130",2018,"RJ","Deputado Estadual","PT",3
"2131",2018,"RN","Deputado Estadual","PT",2
"2132",2018,"RO","Deputado Estadual","PT",1
"2133",2018,"RR","Deputado Estadual","PT",1
"2134",2018,"RS","Deputado Estadual","PT",8
"2135",2018,"SC","Deputado Estadual","PT",4
"2136",2018,"SE","Deputado Estadual","PT",2
"2137",2018,"SP","Deputado Estadual","PT",10
"2138",2018,"TO","Deputado Estadual","PT",2
"2139",2018,"AC","Deputado Estadual","PTB",1
"2140",2018,"AL","Deputado Estadual","PTB",1
"2141",2018,"AP","Deputado Estadual","PTB",1
"2142",2018,"ES","Deputado Estadual","PTB",1
"2143",2018,"GO","Deputado Estadual","PTB",1
"2144",2018,"MA","Deputado Estadual","PTB",1
"2145",2018,"MG","Deputado Estadual","PTB",3
"2146",2018,"MS","Deputado Estadual","PTB",1
"2147",2018,"PA","Deputado Estadual","PTB",2
"2148",2018,"PB","Deputado Estadual","PTB",2
"2149",2018,"PE","Deputado Estadual","PTB",2
"2150",2018,"PI","Deputado Estadual","PTB",2
"2151",2018,"PR","Deputado Estadual","PTB",1
"2152",2018,"RJ","Deputado Estadual","PTB",1
"2153",2018,"RO","Deputado Estadual","PTB",2
"2154",2018,"RR","Deputado Estadual","PTB",1
"2155",2018,"RS","Deputado Estadual","PTB",5
"2156",2018,"SE","Deputado Estadual","PTB",1
"2157",2018,"SP","Deputado Estadual","PTB",2
"2158",2018,"AP","Deputado Estadual","PTC",2
"2159",2018,"GO","Deputado Estadual","PTC",1
"2160",2018,"PI","Deputado Estadual","PTC",1
"2161",2018,"RJ","Deputado Estadual","PTC",1
"2162",2018,"RN","Deputado Estadual","PTC",2
"2163",2018,"RO","Deputado Estadual","PTC",1
"2164",2018,"RR","Deputado Estadual","PTC",2
"2165",2018,"TO","Deputado Estadual","PTC",1
"2166",2018,"AC","Deputado Estadual","PV",1
"2167",2018,"AL","Deputado Estadual","PV",1
"2168",2018,"AM","Deputado Estadual","PV",3
"2169",2018,"ES","Deputado Estadual","PV",2
"2170",2018,"GO","Deputado Estadual","PV",1
"2171",2018,"MA","Deputado Estadual","PV",3
"2172",2018,"MG","Deputado Estadual","PV",5
"2173",2018,"MT","Deputado Estadual","PV",2
"2174",2018,"PI","Deputado Estadual","PV",1
"2175",2018,"PR","Deputado Estadual","PV",2
"2176",2018,"RO","Deputado Estadual","PV",1
"2177",2018,"RR","Deputado Estadual","PV",1
"2178",2018,"SC","Deputado Estadual","PV",1
"2179",2018,"SP","Deputado Estadual","PV",1
"2180",2018,"TO","Deputado Estadual","PV",2
"2181",2018,"AP","Deputado Estadual","REDE",1
"2182",2018,"ES","Deputado Estadual","REDE",1
"2183",2018,"MG","Deputado Estadual","REDE",1
"2184",2018,"PB","Deputado Estadual","REDE",1
"2185",2018,"SE","Deputado Estadual","REDE",2
"2186",2018,"SP","Deputado Estadual","REDE",1
"2187",2018,"AC","Deputado Estadual","SOLIDARIEDADE",1
"2188",2018,"AL","Deputado Estadual","SOLIDARIEDADE",1
"2189",2018,"AP","Deputado Estadual","SOLIDARIEDADE",1
"2190",2018,"CE","Deputado Estadual","SOLIDARIEDADE",2
"2191",2018,"GO","Deputado Estadual","SOLIDARIEDADE",2
"2192",2018,"MA","Deputado Estadual","SOLIDARIEDADE",3
"2193",2018,"MG","Deputado Estadual","SOLIDARIEDADE",2
"2194",2018,"MS","Deputado Estadual","SOLIDARIEDADE",2
"2195",2018,"PA","Deputado Estadual","SOLIDARIEDADE",1
"2196",2018,"PE","Deputado Estadual","SOLIDARIEDADE",1
"2197",2018,"RJ","Deputado Estadual","SOLIDARIEDADE",3
"2198",2018,"RN","Deputado Estadual","SOLIDARIEDADE",2
"2199",2018,"RR","Deputado Estadual","SOLIDARIEDADE",3
"2200",2018,"RS","Deputado Estadual","SOLIDARIEDADE",1
"2201",2018,"SP","Deputado Estadual","SOLIDARIEDADE",1
"2202",2018,"TO","Deputado Estadual","SOLIDARIEDADE",3
