"","Ano da eleição","UF","Cargo","Sigla do partido","Cadeiras conquistadas por UF","Total de cadeiras conquistadas","Percentual de cadeiras"
"1",1998,"AM","Deputado Federal","PC do B",1,7,0.01364522417154
"2",1998,"BA","Deputado Federal","PC do B",1,7,0.01364522417154
"3",1998,"CE","Deputado Federal","PC do B",1,7,0.01364522417154
"4",1998,"DF","Deputado Federal","PC do B",1,7,0.01364522417154
"5",1998,"MG","Deputado Federal","PC do B",1,7,0.01364522417154
"6",1998,"RJ","Deputado Federal","PC do B",1,7,0.01364522417154
"7",1998,"SP","Deputado Federal","PC do B",1,7,0.01364522417154
"8",1998,"AC","Deputado Federal","PDT",1,25,0.0487329434697856
"9",1998,"BA","Deputado Federal","PDT",1,25,0.0487329434697856
"10",1998,"MA","Deputado Federal","PDT",1,25,0.0487329434697856
"11",1998,"MG","Deputado Federal","PDT",1,25,0.0487329434697856
"12",1998,"PA","Deputado Federal","PDT",1,25,0.0487329434697856
"13",1998,"PR","Deputado Federal","PDT",1,25,0.0487329434697856
"14",1998,"RJ","Deputado Federal","PDT",7,25,0.0487329434697856
"15",1998,"RO","Deputado Federal","PDT",2,25,0.0487329434697856
"16",1998,"RS","Deputado Federal","PDT",4,25,0.0487329434697856
"17",1998,"SC","Deputado Federal","PDT",2,25,0.0487329434697856
"18",1998,"SP","Deputado Federal","PDT",4,25,0.0487329434697856
"19",1998,"AC","Deputado Federal","PFL",3,105,0.204678362573099
"20",1998,"AL","Deputado Federal","PFL",1,105,0.204678362573099
"21",1998,"AM","Deputado Federal","PFL",4,105,0.204678362573099
"22",1998,"AP","Deputado Federal","PFL",2,105,0.204678362573099
"23",1998,"BA","Deputado Federal","PFL",20,105,0.204678362573099
"24",1998,"CE","Deputado Federal","PFL",1,105,0.204678362573099
"25",1998,"DF","Deputado Federal","PFL",1,105,0.204678362573099
"26",1998,"ES","Deputado Federal","PFL",1,105,0.204678362573099
"27",1998,"GO","Deputado Federal","PFL",2,105,0.204678362573099
"28",1998,"MA","Deputado Federal","PFL",6,105,0.204678362573099
"29",1998,"MG","Deputado Federal","PFL",8,105,0.204678362573099
"30",1998,"MS","Deputado Federal","PFL",1,105,0.204678362573099
"31",1998,"MT","Deputado Federal","PFL",1,105,0.204678362573099
"32",1998,"PA","Deputado Federal","PFL",3,105,0.204678362573099
"33",1998,"PB","Deputado Federal","PFL",3,105,0.204678362573099
"34",1998,"PE","Deputado Federal","PFL",8,105,0.204678362573099
"35",1998,"PI","Deputado Federal","PFL",5,105,0.204678362573099
"36",1998,"PR","Deputado Federal","PFL",6,105,0.204678362573099
"37",1998,"RJ","Deputado Federal","PFL",9,105,0.204678362573099
"38",1998,"RN","Deputado Federal","PFL",3,105,0.204678362573099
"39",1998,"RO","Deputado Federal","PFL",2,105,0.204678362573099
"40",1998,"RS","Deputado Federal","PFL",1,105,0.204678362573099
"41",1998,"SC","Deputado Federal","PFL",3,105,0.204678362573099
"42",1998,"SP","Deputado Federal","PFL",8,105,0.204678362573099
"43",1998,"TO","Deputado Federal","PFL",3,105,0.204678362573099
"44",1998,"AM","Deputado Federal","PL",1,12,0.0233918128654971
"45",1998,"BA","Deputado Federal","PL",1,12,0.0233918128654971
"46",1998,"GO","Deputado Federal","PL",2,12,0.0233918128654971
"47",1998,"MA","Deputado Federal","PL",2,12,0.0233918128654971
"48",1998,"MG","Deputado Federal","PL",3,12,0.0233918128654971
"49",1998,"MT","Deputado Federal","PL",1,12,0.0233918128654971
"50",1998,"SP","Deputado Federal","PL",2,12,0.0233918128654971
"51",1998,"AC","Deputado Federal","PMDB",1,83,0.161793372319688
"52",1998,"AL","Deputado Federal","PMDB",1,83,0.161793372319688
"53",1998,"AP","Deputado Federal","PMDB",1,83,0.161793372319688
"54",1998,"BA","Deputado Federal","PMDB",3,83,0.161793372319688
"55",1998,"CE","Deputado Federal","PMDB",5,83,0.161793372319688
"56",1998,"DF","Deputado Federal","PMDB",1,83,0.161793372319688
"57",1998,"ES","Deputado Federal","PMDB",1,83,0.161793372319688
"58",1998,"GO","Deputado Federal","PMDB",8,83,0.161793372319688
"59",1998,"MA","Deputado Federal","PMDB",3,83,0.161793372319688
"60",1998,"MG","Deputado Federal","PMDB",9,83,0.161793372319688
"61",1998,"MS","Deputado Federal","PMDB",1,83,0.161793372319688
"62",1998,"MT","Deputado Federal","PMDB",2,83,0.161793372319688
"63",1998,"PA","Deputado Federal","PMDB",4,83,0.161793372319688
"64",1998,"PB","Deputado Federal","PMDB",5,83,0.161793372319688
"65",1998,"PE","Deputado Federal","PMDB",3,83,0.161793372319688
"66",1998,"PI","Deputado Federal","PMDB",3,83,0.161793372319688
"67",1998,"PR","Deputado Federal","PMDB",4,83,0.161793372319688
"68",1998,"RJ","Deputado Federal","PMDB",2,83,0.161793372319688
"69",1998,"RN","Deputado Federal","PMDB",4,83,0.161793372319688
"70",1998,"RO","Deputado Federal","PMDB",1,83,0.161793372319688
"71",1998,"RR","Deputado Federal","PMDB",1,83,0.161793372319688
"72",1998,"RS","Deputado Federal","PMDB",7,83,0.161793372319688
"73",1998,"SC","Deputado Federal","PMDB",4,83,0.161793372319688
"74",1998,"SE","Deputado Federal","PMDB",2,83,0.161793372319688
"75",1998,"SP","Deputado Federal","PMDB",5,83,0.161793372319688
"76",1998,"TO","Deputado Federal","PMDB",2,83,0.161793372319688
"77",1998,"AL","Deputado Federal","PMN",1,2,0.00389863547758285
"78",1998,"SE","Deputado Federal","PMN",1,2,0.00389863547758285
"79",1998,"AC","Deputado Federal","PPB",1,60,0.116959064327485
"80",1998,"AM","Deputado Federal","PPB",1,60,0.116959064327485
"81",1998,"BA","Deputado Federal","PPB",1,60,0.116959064327485
"82",1998,"CE","Deputado Federal","PPB",1,60,0.116959064327485
"83",1998,"DF","Deputado Federal","PPB",2,60,0.116959064327485
"84",1998,"ES","Deputado Federal","PPB",1,60,0.116959064327485
"85",1998,"GO","Deputado Federal","PPB",1,60,0.116959064327485
"86",1998,"MG","Deputado Federal","PPB",7,60,0.116959064327485
"87",1998,"MS","Deputado Federal","PPB",1,60,0.116959064327485
"88",1998,"PA","Deputado Federal","PPB",1,60,0.116959064327485
"89",1998,"PB","Deputado Federal","PPB",1,60,0.116959064327485
"90",1998,"PE","Deputado Federal","PPB",2,60,0.116959064327485
"91",1998,"PR","Deputado Federal","PPB",5,60,0.116959064327485
"92",1998,"RJ","Deputado Federal","PPB",6,60,0.116959064327485
"93",1998,"RN","Deputado Federal","PPB",1,60,0.116959064327485
"94",1998,"RR","Deputado Federal","PPB",4,60,0.116959064327485
"95",1998,"RS","Deputado Federal","PPB",5,60,0.116959064327485
"96",1998,"SC","Deputado Federal","PPB",4,60,0.116959064327485
"97",1998,"SE","Deputado Federal","PPB",1,60,0.116959064327485
"98",1998,"SP","Deputado Federal","PPB",12,60,0.116959064327485
"99",1998,"TO","Deputado Federal","PPB",2,60,0.116959064327485
"100",1998,"AL","Deputado Federal","PPS",1,3,0.00584795321637427
"101",1998,"SE","Deputado Federal","PPS",1,3,0.00584795321637427
"102",1998,"SP","Deputado Federal","PPS",1,3,0.00584795321637427
"103",1998,"SP","Deputado Federal","PRONA",1,1,0.00194931773879142
"104",1998,"AL","Deputado Federal","PSB",1,18,0.0350877192982456
"105",1998,"AP","Deputado Federal","PSB",1,18,0.0350877192982456
"106",1998,"CE","Deputado Federal","PSB",1,18,0.0350877192982456
"107",1998,"MA","Deputado Federal","PSB",1,18,0.0350877192982456
"108",1998,"PE","Deputado Federal","PSB",8,18,0.0350877192982456
"109",1998,"RJ","Deputado Federal","PSB",2,18,0.0350877192982456
"110",1998,"RS","Deputado Federal","PSB",1,18,0.0350877192982456
"111",1998,"SE","Deputado Federal","PSB",1,18,0.0350877192982456
"112",1998,"SP","Deputado Federal","PSB",2,18,0.0350877192982456
"113",1998,"MA","Deputado Federal","PSC",1,2,0.00389863547758285
"114",1998,"RJ","Deputado Federal","PSC",1,2,0.00389863547758285
"115",1998,"AL","Deputado Federal","PSD",1,3,0.00584795321637427
"116",1998,"GO","Deputado Federal","PSD",1,3,0.00584795321637427
"117",1998,"MA","Deputado Federal","PSD",1,3,0.00584795321637427
"118",1998,"AL","Deputado Federal","PSDB",2,99,0.192982456140351
"119",1998,"AM","Deputado Federal","PSDB",1,99,0.192982456140351
"120",1998,"AP","Deputado Federal","PSDB",3,99,0.192982456140351
"121",1998,"BA","Deputado Federal","PSDB",6,99,0.192982456140351
"122",1998,"CE","Deputado Federal","PSDB",12,99,0.192982456140351
"123",1998,"DF","Deputado Federal","PSDB",1,99,0.192982456140351
"124",1998,"ES","Deputado Federal","PSDB",3,99,0.192982456140351
"125",1998,"GO","Deputado Federal","PSDB",2,99,0.192982456140351
"126",1998,"MA","Deputado Federal","PSDB",3,99,0.192982456140351
"127",1998,"MG","Deputado Federal","PSDB",14,99,0.192982456140351
"128",1998,"MS","Deputado Federal","PSDB",2,99,0.192982456140351
"129",1998,"MT","Deputado Federal","PSDB",3,99,0.192982456140351
"130",1998,"PA","Deputado Federal","PSDB",4,99,0.192982456140351
"131",1998,"PB","Deputado Federal","PSDB",1,99,0.192982456140351
"132",1998,"PE","Deputado Federal","PSDB",1,99,0.192982456140351
"133",1998,"PI","Deputado Federal","PSDB",1,99,0.192982456140351
"134",1998,"PR","Deputado Federal","PSDB",5,99,0.192982456140351
"135",1998,"RJ","Deputado Federal","PSDB",11,99,0.192982456140351
"136",1998,"RO","Deputado Federal","PSDB",2,99,0.192982456140351
"137",1998,"RR","Deputado Federal","PSDB",2,99,0.192982456140351
"138",1998,"RS","Deputado Federal","PSDB",2,99,0.192982456140351
"139",1998,"SC","Deputado Federal","PSDB",1,99,0.192982456140351
"140",1998,"SE","Deputado Federal","PSDB",1,99,0.192982456140351
"141",1998,"SP","Deputado Federal","PSDB",15,99,0.192982456140351
"142",1998,"TO","Deputado Federal","PSDB",1,99,0.192982456140351
"143",1998,"PE","Deputado Federal","PSL",1,1,0.00194931773879142
"144",1998,"MG","Deputado Federal","PST",1,1,0.00194931773879142
"145",1998,"AC","Deputado Federal","PT",2,59,0.115009746588694
"146",1998,"BA","Deputado Federal","PT",5,59,0.115009746588694
"147",1998,"CE","Deputado Federal","PT",1,59,0.115009746588694
"148",1998,"DF","Deputado Federal","PT",2,59,0.115009746588694
"149",1998,"ES","Deputado Federal","PT",1,59,0.115009746588694
"150",1998,"GO","Deputado Federal","PT",1,59,0.115009746588694
"151",1998,"MG","Deputado Federal","PT",7,59,0.115009746588694
"152",1998,"MS","Deputado Federal","PT",2,59,0.115009746588694
"153",1998,"PA","Deputado Federal","PT",3,59,0.115009746588694
"154",1998,"PB","Deputado Federal","PT",1,59,0.115009746588694
"155",1998,"PE","Deputado Federal","PT",1,59,0.115009746588694
"156",1998,"PI","Deputado Federal","PT",1,59,0.115009746588694
"157",1998,"PR","Deputado Federal","PT",3,59,0.115009746588694
"158",1998,"RJ","Deputado Federal","PT",4,59,0.115009746588694
"159",1998,"RS","Deputado Federal","PT",8,59,0.115009746588694
"160",1998,"SC","Deputado Federal","PT",2,59,0.115009746588694
"161",1998,"SE","Deputado Federal","PT",1,59,0.115009746588694
"162",1998,"SP","Deputado Federal","PT",14,59,0.115009746588694
"163",1998,"AL","Deputado Federal","PTB",1,31,0.0604288499025341
"164",1998,"AP","Deputado Federal","PTB",1,31,0.0604288499025341
"165",1998,"BA","Deputado Federal","PTB",1,31,0.0604288499025341
"166",1998,"ES","Deputado Federal","PTB",3,31,0.0604288499025341
"167",1998,"MG","Deputado Federal","PTB",2,31,0.0604288499025341
"168",1998,"MS","Deputado Federal","PTB",1,31,0.0604288499025341
"169",1998,"MT","Deputado Federal","PTB",1,31,0.0604288499025341
"170",1998,"PA","Deputado Federal","PTB",1,31,0.0604288499025341
"171",1998,"PB","Deputado Federal","PTB",1,31,0.0604288499025341
"172",1998,"PE","Deputado Federal","PTB",1,31,0.0604288499025341
"173",1998,"PR","Deputado Federal","PTB",6,31,0.0604288499025341
"174",1998,"RJ","Deputado Federal","PTB",2,31,0.0604288499025341
"175",1998,"RO","Deputado Federal","PTB",1,31,0.0604288499025341
"176",1998,"RR","Deputado Federal","PTB",1,31,0.0604288499025341
"177",1998,"RS","Deputado Federal","PTB",3,31,0.0604288499025341
"178",1998,"SP","Deputado Federal","PTB",5,31,0.0604288499025341
"179",1998,"RJ","Deputado Federal","PV",1,1,0.00194931773879142
"180",2002,"AC","Deputado Federal","PC do B",1,12,0.0233918128654971
"181",2002,"AM","Deputado Federal","PC do B",1,12,0.0233918128654971
"182",2002,"BA","Deputado Federal","PC do B",2,12,0.0233918128654971
"183",2002,"CE","Deputado Federal","PC do B",1,12,0.0233918128654971
"184",2002,"DF","Deputado Federal","PC do B",1,12,0.0233918128654971
"185",2002,"MG","Deputado Federal","PC do B",1,12,0.0233918128654971
"186",2002,"PE","Deputado Federal","PC do B",1,12,0.0233918128654971
"187",2002,"PI","Deputado Federal","PC do B",1,12,0.0233918128654971
"188",2002,"RJ","Deputado Federal","PC do B",1,12,0.0233918128654971
"189",2002,"SP","Deputado Federal","PC do B",2,12,0.0233918128654971
"190",2002,"AP","Deputado Federal","PDT",2,21,0.0409356725146199
"191",2002,"BA","Deputado Federal","PDT",1,21,0.0409356725146199
"192",2002,"ES","Deputado Federal","PDT",1,21,0.0409356725146199
"193",2002,"MA","Deputado Federal","PDT",3,21,0.0409356725146199
"194",2002,"MG","Deputado Federal","PDT",2,21,0.0409356725146199
"195",2002,"PA","Deputado Federal","PDT",1,21,0.0409356725146199
"196",2002,"PR","Deputado Federal","PDT",1,21,0.0409356725146199
"197",2002,"RJ","Deputado Federal","PDT",3,21,0.0409356725146199
"198",2002,"RR","Deputado Federal","PDT",2,21,0.0409356725146199
"199",2002,"RS","Deputado Federal","PDT",3,21,0.0409356725146199
"200",2002,"SC","Deputado Federal","PDT",1,21,0.0409356725146199
"201",2002,"SP","Deputado Federal","PDT",1,21,0.0409356725146199
"202",2002,"AL","Deputado Federal","PFL",2,84,0.16374269005848
"203",2002,"AM","Deputado Federal","PFL",3,84,0.16374269005848
"204",2002,"BA","Deputado Federal","PFL",19,84,0.16374269005848
"205",2002,"CE","Deputado Federal","PFL",2,84,0.16374269005848
"206",2002,"DF","Deputado Federal","PFL",1,84,0.16374269005848
"207",2002,"GO","Deputado Federal","PFL",3,84,0.16374269005848
"208",2002,"MA","Deputado Federal","PFL",7,84,0.16374269005848
"209",2002,"MG","Deputado Federal","PFL",7,84,0.16374269005848
"210",2002,"MS","Deputado Federal","PFL",1,84,0.16374269005848
"211",2002,"MT","Deputado Federal","PFL",1,84,0.16374269005848
"212",2002,"PA","Deputado Federal","PFL",1,84,0.16374269005848
"213",2002,"PB","Deputado Federal","PFL",1,84,0.16374269005848
"214",2002,"PE","Deputado Federal","PFL",5,84,0.16374269005848
"215",2002,"PI","Deputado Federal","PFL",4,84,0.16374269005848
"216",2002,"PR","Deputado Federal","PFL",2,84,0.16374269005848
"217",2002,"RJ","Deputado Federal","PFL",4,84,0.16374269005848
"218",2002,"RN","Deputado Federal","PFL",2,84,0.16374269005848
"219",2002,"RO","Deputado Federal","PFL",1,84,0.16374269005848
"220",2002,"RR","Deputado Federal","PFL",3,84,0.16374269005848
"221",2002,"RS","Deputado Federal","PFL",1,84,0.16374269005848
"222",2002,"SC","Deputado Federal","PFL",2,84,0.16374269005848
"223",2002,"SE","Deputado Federal","PFL",2,84,0.16374269005848
"224",2002,"SP","Deputado Federal","PFL",7,84,0.16374269005848
"225",2002,"TO","Deputado Federal","PFL",3,84,0.16374269005848
"226",2002,"AL","Deputado Federal","PL",1,26,0.050682261208577
"227",2002,"AM","Deputado Federal","PL",3,26,0.050682261208577
"228",2002,"CE","Deputado Federal","PL",2,26,0.050682261208577
"229",2002,"ES","Deputado Federal","PL",1,26,0.050682261208577
"230",2002,"MA","Deputado Federal","PL",1,26,0.050682261208577
"231",2002,"MG","Deputado Federal","PL",4,26,0.050682261208577
"232",2002,"MT","Deputado Federal","PL",1,26,0.050682261208577
"233",2002,"PA","Deputado Federal","PL",1,26,0.050682261208577
"234",2002,"PB","Deputado Federal","PL",1,26,0.050682261208577
"235",2002,"PE","Deputado Federal","PL",1,26,0.050682261208577
"236",2002,"PR","Deputado Federal","PL",1,26,0.050682261208577
"237",2002,"RJ","Deputado Federal","PL",3,26,0.050682261208577
"238",2002,"RR","Deputado Federal","PL",1,26,0.050682261208577
"239",2002,"RS","Deputado Federal","PL",1,26,0.050682261208577
"240",2002,"SE","Deputado Federal","PL",1,26,0.050682261208577
"241",2002,"SP","Deputado Federal","PL",3,26,0.050682261208577
"242",2002,"AC","Deputado Federal","PMDB",2,76,0.148148148148148
"243",2002,"AL","Deputado Federal","PMDB",1,76,0.148148148148148
"244",2002,"BA","Deputado Federal","PMDB",3,76,0.148148148148148
"245",2002,"CE","Deputado Federal","PMDB",5,76,0.148148148148148
"246",2002,"DF","Deputado Federal","PMDB",3,76,0.148148148148148
"247",2002,"ES","Deputado Federal","PMDB",1,76,0.148148148148148
"248",2002,"GO","Deputado Federal","PMDB",4,76,0.148148148148148
"249",2002,"MA","Deputado Federal","PMDB",2,76,0.148148148148148
"250",2002,"MG","Deputado Federal","PMDB",6,76,0.148148148148148
"251",2002,"MS","Deputado Federal","PMDB",2,76,0.148148148148148
"252",2002,"MT","Deputado Federal","PMDB",1,76,0.148148148148148
"253",2002,"PA","Deputado Federal","PMDB",5,76,0.148148148148148
"254",2002,"PB","Deputado Federal","PMDB",2,76,0.148148148148148
"255",2002,"PE","Deputado Federal","PMDB",4,76,0.148148148148148
"256",2002,"PI","Deputado Federal","PMDB",2,76,0.148148148148148
"257",2002,"PR","Deputado Federal","PMDB",6,76,0.148148148148148
"258",2002,"RJ","Deputado Federal","PMDB",6,76,0.148148148148148
"259",2002,"RN","Deputado Federal","PMDB",3,76,0.148148148148148
"260",2002,"RO","Deputado Federal","PMDB",2,76,0.148148148148148
"261",2002,"RS","Deputado Federal","PMDB",6,76,0.148148148148148
"262",2002,"SC","Deputado Federal","PMDB",4,76,0.148148148148148
"263",2002,"SE","Deputado Federal","PMDB",1,76,0.148148148148148
"264",2002,"SP","Deputado Federal","PMDB",4,76,0.148148148148148
"265",2002,"TO","Deputado Federal","PMDB",1,76,0.148148148148148
"266",2002,"SE","Deputado Federal","PMN",1,1,0.00194931773879142
"267",2002,"AC","Deputado Federal","PPB",1,48,0.0935672514619883
"268",2002,"AP","Deputado Federal","PPB",1,48,0.0935672514619883
"269",2002,"BA","Deputado Federal","PPB",2,48,0.0935672514619883
"270",2002,"CE","Deputado Federal","PPB",1,48,0.0935672514619883
"271",2002,"ES","Deputado Federal","PPB",2,48,0.0935672514619883
"272",2002,"GO","Deputado Federal","PPB",3,48,0.0935672514619883
"273",2002,"MA","Deputado Federal","PPB",1,48,0.0935672514619883
"274",2002,"MG","Deputado Federal","PPB",4,48,0.0935672514619883
"275",2002,"MT","Deputado Federal","PPB",1,48,0.0935672514619883
"276",2002,"PA","Deputado Federal","PPB",1,48,0.0935672514619883
"277",2002,"PB","Deputado Federal","PPB",1,48,0.0935672514619883
"278",2002,"PE","Deputado Federal","PPB",3,48,0.0935672514619883
"279",2002,"PR","Deputado Federal","PPB",4,48,0.0935672514619883
"280",2002,"RJ","Deputado Federal","PPB",6,48,0.0935672514619883
"281",2002,"RN","Deputado Federal","PPB",1,48,0.0935672514619883
"282",2002,"RR","Deputado Federal","PPB",1,48,0.0935672514619883
"283",2002,"RS","Deputado Federal","PPB",6,48,0.0935672514619883
"284",2002,"SC","Deputado Federal","PPB",4,48,0.0935672514619883
"285",2002,"SE","Deputado Federal","PPB",1,48,0.0935672514619883
"286",2002,"SP","Deputado Federal","PPB",3,48,0.0935672514619883
"287",2002,"TO","Deputado Federal","PPB",1,48,0.0935672514619883
"288",2002,"AC","Deputado Federal","PPS",1,15,0.0292397660818713
"289",2002,"BA","Deputado Federal","PPS",1,15,0.0292397660818713
"290",2002,"CE","Deputado Federal","PPS",1,15,0.0292397660818713
"291",2002,"MG","Deputado Federal","PPS",3,15,0.0292397660818713
"292",2002,"MS","Deputado Federal","PPS",1,15,0.0292397660818713
"293",2002,"PE","Deputado Federal","PPS",1,15,0.0292397660818713
"294",2002,"PR","Deputado Federal","PPS",2,15,0.0292397660818713
"295",2002,"RO","Deputado Federal","PPS",1,15,0.0292397660818713
"296",2002,"RS","Deputado Federal","PPS",1,15,0.0292397660818713
"297",2002,"SP","Deputado Federal","PPS",3,15,0.0292397660818713
"298",2002,"SP","Deputado Federal","PRONA",6,6,0.0116959064327485
"299",2002,"AL","Deputado Federal","PSB",2,22,0.0428849902534113
"300",2002,"AP","Deputado Federal","PSB",1,22,0.0428849902534113
"301",2002,"ES","Deputado Federal","PSB",1,22,0.0428849902534113
"302",2002,"MA","Deputado Federal","PSB",1,22,0.0428849902534113
"303",2002,"MG","Deputado Federal","PSB",1,22,0.0428849902534113
"304",2002,"PE","Deputado Federal","PSB",4,22,0.0428849902534113
"305",2002,"RJ","Deputado Federal","PSB",6,22,0.0428849902534113
"306",2002,"RS","Deputado Federal","PSB",1,22,0.0428849902534113
"307",2002,"SP","Deputado Federal","PSB",5,22,0.0428849902534113
"308",2002,"RJ","Deputado Federal","PSC",1,1,0.00194931773879142
"309",2002,"DF","Deputado Federal","PSD",1,4,0.00779727095516569
"310",2002,"PB","Deputado Federal","PSD",1,4,0.00779727095516569
"311",2002,"RJ","Deputado Federal","PSD",1,4,0.00779727095516569
"312",2002,"TO","Deputado Federal","PSD",1,4,0.00779727095516569
"313",2002,"AL","Deputado Federal","PSDB",1,70,0.1364522417154
"314",2002,"AP","Deputado Federal","PSDB",1,70,0.1364522417154
"315",2002,"BA","Deputado Federal","PSDB",2,70,0.1364522417154
"316",2002,"CE","Deputado Federal","PSDB",8,70,0.1364522417154
"317",2002,"ES","Deputado Federal","PSDB",2,70,0.1364522417154
"318",2002,"GO","Deputado Federal","PSDB",5,70,0.1364522417154
"319",2002,"MA","Deputado Federal","PSDB",2,70,0.1364522417154
"320",2002,"MG","Deputado Federal","PSDB",8,70,0.1364522417154
"321",2002,"MT","Deputado Federal","PSDB",3,70,0.1364522417154
"322",2002,"PA","Deputado Federal","PSDB",4,70,0.1364522417154
"323",2002,"PB","Deputado Federal","PSDB",3,70,0.1364522417154
"324",2002,"PE","Deputado Federal","PSDB",3,70,0.1364522417154
"325",2002,"PI","Deputado Federal","PSDB",2,70,0.1364522417154
"326",2002,"PR","Deputado Federal","PSDB",5,70,0.1364522417154
"327",2002,"RJ","Deputado Federal","PSDB",5,70,0.1364522417154
"328",2002,"RO","Deputado Federal","PSDB",1,70,0.1364522417154
"329",2002,"RS","Deputado Federal","PSDB",1,70,0.1364522417154
"330",2002,"SE","Deputado Federal","PSDB",1,70,0.1364522417154
"331",2002,"SP","Deputado Federal","PSDB",11,70,0.1364522417154
"332",2002,"TO","Deputado Federal","PSDB",2,70,0.1364522417154
"333",2002,"RJ","Deputado Federal","PSDC",1,1,0.00194931773879142
"334",2002,"MG","Deputado Federal","PSL",1,1,0.00194931773879142
"335",2002,"MG","Deputado Federal","PST",2,3,0.00584795321637427
"336",2002,"RR","Deputado Federal","PST",1,3,0.00584795321637427
"337",2002,"AC","Deputado Federal","PT",3,91,0.177387914230019
"338",2002,"AP","Deputado Federal","PT",2,91,0.177387914230019
"339",2002,"BA","Deputado Federal","PT",7,91,0.177387914230019
"340",2002,"CE","Deputado Federal","PT",2,91,0.177387914230019
"341",2002,"DF","Deputado Federal","PT",2,91,0.177387914230019
"342",2002,"ES","Deputado Federal","PT",1,91,0.177387914230019
"343",2002,"GO","Deputado Federal","PT",2,91,0.177387914230019
"344",2002,"MA","Deputado Federal","PT",1,91,0.177387914230019
"345",2002,"MG","Deputado Federal","PT",11,91,0.177387914230019
"346",2002,"MS","Deputado Federal","PT",3,91,0.177387914230019
"347",2002,"MT","Deputado Federal","PT",1,91,0.177387914230019
"348",2002,"PA","Deputado Federal","PT",3,91,0.177387914230019
"349",2002,"PB","Deputado Federal","PT",1,91,0.177387914230019
"350",2002,"PE","Deputado Federal","PT",3,91,0.177387914230019
"351",2002,"PI","Deputado Federal","PT",1,91,0.177387914230019
"352",2002,"PR","Deputado Federal","PT",6,91,0.177387914230019
"353",2002,"RJ","Deputado Federal","PT",7,91,0.177387914230019
"354",2002,"RN","Deputado Federal","PT",1,91,0.177387914230019
"355",2002,"RO","Deputado Federal","PT",2,91,0.177387914230019
"356",2002,"RS","Deputado Federal","PT",8,91,0.177387914230019
"357",2002,"SC","Deputado Federal","PT",5,91,0.177387914230019
"358",2002,"SE","Deputado Federal","PT",1,91,0.177387914230019
"359",2002,"SP","Deputado Federal","PT",18,91,0.177387914230019
"360",2002,"AL","Deputado Federal","PTB",2,26,0.050682261208577
"361",2002,"AM","Deputado Federal","PTB",1,26,0.050682261208577
"362",2002,"AP","Deputado Federal","PTB",1,26,0.050682261208577
"363",2002,"BA","Deputado Federal","PTB",1,26,0.050682261208577
"364",2002,"ES","Deputado Federal","PTB",1,26,0.050682261208577
"365",2002,"MG","Deputado Federal","PTB",2,26,0.050682261208577
"366",2002,"MS","Deputado Federal","PTB",1,26,0.050682261208577
"367",2002,"PA","Deputado Federal","PTB",1,26,0.050682261208577
"368",2002,"PB","Deputado Federal","PTB",2,26,0.050682261208577
"369",2002,"PR","Deputado Federal","PTB",3,26,0.050682261208577
"370",2002,"RJ","Deputado Federal","PTB",1,26,0.050682261208577
"371",2002,"RN","Deputado Federal","PTB",1,26,0.050682261208577
"372",2002,"RO","Deputado Federal","PTB",1,26,0.050682261208577
"373",2002,"RS","Deputado Federal","PTB",3,26,0.050682261208577
"374",2002,"SP","Deputado Federal","PTB",5,26,0.050682261208577
"375",2002,"BA","Deputado Federal","PV",1,5,0.00974658869395711
"376",2002,"MG","Deputado Federal","PV",1,5,0.00974658869395711
"377",2002,"RJ","Deputado Federal","PV",1,5,0.00974658869395711
"378",2002,"SP","Deputado Federal","PV",2,5,0.00974658869395711
"379",2006,"MA","Deputado Federal","PAN",1,1,0.00194931773879142
"380",2006,"AC","Deputado Federal","PC do B",1,13,0.0253411306042885
"381",2006,"AM","Deputado Federal","PC do B",1,13,0.0253411306042885
"382",2006,"AP","Deputado Federal","PC do B",1,13,0.0253411306042885
"383",2006,"BA","Deputado Federal","PC do B",2,13,0.0253411306042885
"384",2006,"CE","Deputado Federal","PC do B",1,13,0.0253411306042885
"385",2006,"MA","Deputado Federal","PC do B",1,13,0.0253411306042885
"386",2006,"MG","Deputado Federal","PC do B",1,13,0.0253411306042885
"387",2006,"PE","Deputado Federal","PC do B",1,13,0.0253411306042885
"388",2006,"PI","Deputado Federal","PC do B",1,13,0.0253411306042885
"389",2006,"RJ","Deputado Federal","PC do B",1,13,0.0253411306042885
"390",2006,"RS","Deputado Federal","PC do B",1,13,0.0253411306042885
"391",2006,"SP","Deputado Federal","PC do B",1,13,0.0253411306042885
"392",2006,"AL","Deputado Federal","PDT",1,24,0.0467836257309941
"393",2006,"AP","Deputado Federal","PDT",1,24,0.0467836257309941
"394",2006,"BA","Deputado Federal","PDT",3,24,0.0467836257309941
"395",2006,"ES","Deputado Federal","PDT",2,24,0.0467836257309941
"396",2006,"MA","Deputado Federal","PDT",2,24,0.0467836257309941
"397",2006,"MG","Deputado Federal","PDT",2,24,0.0467836257309941
"398",2006,"MS","Deputado Federal","PDT",1,24,0.0467836257309941
"399",2006,"PA","Deputado Federal","PDT",1,24,0.0467836257309941
"400",2006,"PE","Deputado Federal","PDT",1,24,0.0467836257309941
"401",2006,"PR","Deputado Federal","PDT",1,24,0.0467836257309941
"402",2006,"RJ","Deputado Federal","PDT",3,24,0.0467836257309941
"403",2006,"RS","Deputado Federal","PDT",3,24,0.0467836257309941
"404",2006,"SP","Deputado Federal","PDT",3,24,0.0467836257309941
"405",2006,"AL","Deputado Federal","PFL",2,65,0.126705653021442
"406",2006,"AM","Deputado Federal","PFL",1,65,0.126705653021442
"407",2006,"AP","Deputado Federal","PFL",1,65,0.126705653021442
"408",2006,"BA","Deputado Federal","PFL",13,65,0.126705653021442
"409",2006,"DF","Deputado Federal","PFL",2,65,0.126705653021442
"410",2006,"GO","Deputado Federal","PFL",1,65,0.126705653021442
"411",2006,"MA","Deputado Federal","PFL",2,65,0.126705653021442
"412",2006,"MG","Deputado Federal","PFL",6,65,0.126705653021442
"413",2006,"PA","Deputado Federal","PFL",2,65,0.126705653021442
"414",2006,"PB","Deputado Federal","PFL",1,65,0.126705653021442
"415",2006,"PE","Deputado Federal","PFL",3,65,0.126705653021442
"416",2006,"PI","Deputado Federal","PFL",2,65,0.126705653021442
"417",2006,"PR","Deputado Federal","PFL",5,65,0.126705653021442
"418",2006,"RJ","Deputado Federal","PFL",5,65,0.126705653021442
"419",2006,"RN","Deputado Federal","PFL",1,65,0.126705653021442
"420",2006,"RR","Deputado Federal","PFL",2,65,0.126705653021442
"421",2006,"RS","Deputado Federal","PFL",2,65,0.126705653021442
"422",2006,"SC","Deputado Federal","PFL",3,65,0.126705653021442
"423",2006,"SE","Deputado Federal","PFL",3,65,0.126705653021442
"424",2006,"SP","Deputado Federal","PFL",5,65,0.126705653021442
"425",2006,"TO","Deputado Federal","PFL",3,65,0.126705653021442
"426",2006,"MG","Deputado Federal","PHS",1,2,0.00389863547758285
"427",2006,"RJ","Deputado Federal","PHS",1,2,0.00389863547758285
"428",2006,"BA","Deputado Federal","PL",3,23,0.0448343079922027
"429",2006,"CE","Deputado Federal","PL",1,23,0.0448343079922027
"430",2006,"ES","Deputado Federal","PL",1,23,0.0448343079922027
"431",2006,"GO","Deputado Federal","PL",1,23,0.0448343079922027
"432",2006,"MG","Deputado Federal","PL",6,23,0.0448343079922027
"433",2006,"MT","Deputado Federal","PL",1,23,0.0448343079922027
"434",2006,"PB","Deputado Federal","PL",2,23,0.0448343079922027
"435",2006,"PE","Deputado Federal","PL",1,23,0.0448343079922027
"436",2006,"PR","Deputado Federal","PL",2,23,0.0448343079922027
"437",2006,"RJ","Deputado Federal","PL",1,23,0.0448343079922027
"438",2006,"RN","Deputado Federal","PL",1,23,0.0448343079922027
"439",2006,"RR","Deputado Federal","PL",1,23,0.0448343079922027
"440",2006,"SP","Deputado Federal","PL",2,23,0.0448343079922027
"441",2006,"AC","Deputado Federal","PMDB",1,89,0.173489278752437
"442",2006,"AL","Deputado Federal","PMDB",3,89,0.173489278752437
"443",2006,"AM","Deputado Federal","PMDB",1,89,0.173489278752437
"444",2006,"AP","Deputado Federal","PMDB",2,89,0.173489278752437
"445",2006,"BA","Deputado Federal","PMDB",1,89,0.173489278752437
"446",2006,"CE","Deputado Federal","PMDB",6,89,0.173489278752437
"447",2006,"DF","Deputado Federal","PMDB",2,89,0.173489278752437
"448",2006,"ES","Deputado Federal","PMDB",4,89,0.173489278752437
"449",2006,"GO","Deputado Federal","PMDB",5,89,0.173489278752437
"450",2006,"MA","Deputado Federal","PMDB",3,89,0.173489278752437
"451",2006,"MG","Deputado Federal","PMDB",7,89,0.173489278752437
"452",2006,"MS","Deputado Federal","PMDB",2,89,0.173489278752437
"453",2006,"MT","Deputado Federal","PMDB",1,89,0.173489278752437
"454",2006,"PA","Deputado Federal","PMDB",6,89,0.173489278752437
"455",2006,"PB","Deputado Federal","PMDB",3,89,0.173489278752437
"456",2006,"PE","Deputado Federal","PMDB",3,89,0.173489278752437
"457",2006,"PI","Deputado Federal","PMDB",2,89,0.173489278752437
"458",2006,"PR","Deputado Federal","PMDB",8,89,0.173489278752437
"459",2006,"RJ","Deputado Federal","PMDB",10,89,0.173489278752437
"460",2006,"RN","Deputado Federal","PMDB",1,89,0.173489278752437
"461",2006,"RO","Deputado Federal","PMDB",2,89,0.173489278752437
"462",2006,"RR","Deputado Federal","PMDB",1,89,0.173489278752437
"463",2006,"RS","Deputado Federal","PMDB",5,89,0.173489278752437
"464",2006,"SC","Deputado Federal","PMDB",5,89,0.173489278752437
"465",2006,"SP","Deputado Federal","PMDB",3,89,0.173489278752437
"466",2006,"TO","Deputado Federal","PMDB",2,89,0.173489278752437
"467",2006,"AC","Deputado Federal","PMN",1,3,0.00584795321637427
"468",2006,"AL","Deputado Federal","PMN",1,3,0.00584795321637427
"469",2006,"RN","Deputado Federal","PMN",1,3,0.00584795321637427
"470",2006,"AC","Deputado Federal","PP",1,41,0.0799220272904483
"471",2006,"AL","Deputado Federal","PP",1,41,0.0799220272904483
"472",2006,"AM","Deputado Federal","PP",2,41,0.0799220272904483
"473",2006,"BA","Deputado Federal","PP",3,41,0.0799220272904483
"474",2006,"CE","Deputado Federal","PP",2,41,0.0799220272904483
"475",2006,"GO","Deputado Federal","PP",2,41,0.0799220272904483
"476",2006,"MG","Deputado Federal","PP",3,41,0.0799220272904483
"477",2006,"MS","Deputado Federal","PP",1,41,0.0799220272904483
"478",2006,"MT","Deputado Federal","PP",2,41,0.0799220272904483
"479",2006,"PA","Deputado Federal","PP",1,41,0.0799220272904483
"480",2006,"PE","Deputado Federal","PP",1,41,0.0799220272904483
"481",2006,"PI","Deputado Federal","PP",1,41,0.0799220272904483
"482",2006,"PR","Deputado Federal","PP",3,41,0.0799220272904483
"483",2006,"RJ","Deputado Federal","PP",2,41,0.0799220272904483
"484",2006,"RN","Deputado Federal","PP",1,41,0.0799220272904483
"485",2006,"RR","Deputado Federal","PP",1,41,0.0799220272904483
"486",2006,"RS","Deputado Federal","PP",5,41,0.0799220272904483
"487",2006,"SC","Deputado Federal","PP",3,41,0.0799220272904483
"488",2006,"SP","Deputado Federal","PP",5,41,0.0799220272904483
"489",2006,"TO","Deputado Federal","PP",1,41,0.0799220272904483
"490",2006,"AC","Deputado Federal","PPS",1,22,0.0428849902534113
"491",2006,"AP","Deputado Federal","PPS",1,22,0.0428849902534113
"492",2006,"BA","Deputado Federal","PPS",2,22,0.0428849902534113
"493",2006,"DF","Deputado Federal","PPS",1,22,0.0428849902534113
"494",2006,"MG","Deputado Federal","PPS",4,22,0.0428849902534113
"495",2006,"MS","Deputado Federal","PPS",1,22,0.0428849902534113
"496",2006,"MT","Deputado Federal","PPS",1,22,0.0428849902534113
"497",2006,"PE","Deputado Federal","PPS",1,22,0.0428849902534113
"498",2006,"PR","Deputado Federal","PPS",2,22,0.0428849902534113
"499",2006,"RJ","Deputado Federal","PPS",3,22,0.0428849902534113
"500",2006,"RO","Deputado Federal","PPS",1,22,0.0428849902534113
"501",2006,"RS","Deputado Federal","PPS",1,22,0.0428849902534113
"502",2006,"SC","Deputado Federal","PPS",1,22,0.0428849902534113
"503",2006,"SP","Deputado Federal","PPS",2,22,0.0428849902534113
"504",2006,"RJ","Deputado Federal","PRB",1,1,0.00194931773879142
"505",2006,"RJ","Deputado Federal","PRONA",1,2,0.00389863547758285
"506",2006,"SP","Deputado Federal","PRONA",1,2,0.00389863547758285
"507",2006,"AL","Deputado Federal","PSB",1,27,0.0526315789473684
"508",2006,"AM","Deputado Federal","PSB",1,27,0.0526315789473684
"509",2006,"AP","Deputado Federal","PSB",1,27,0.0526315789473684
"510",2006,"BA","Deputado Federal","PSB",1,27,0.0526315789473684
"511",2006,"CE","Deputado Federal","PSB",2,27,0.0526315789473684
"512",2006,"DF","Deputado Federal","PSB",1,27,0.0526315789473684
"513",2006,"MA","Deputado Federal","PSB",2,27,0.0526315789473684
"514",2006,"MG","Deputado Federal","PSB",1,27,0.0526315789473684
"515",2006,"MT","Deputado Federal","PSB",1,27,0.0526315789473684
"516",2006,"PB","Deputado Federal","PSB",2,27,0.0526315789473684
"517",2006,"PE","Deputado Federal","PSB",3,27,0.0526315789473684
"518",2006,"RJ","Deputado Federal","PSB",1,27,0.0526315789473684
"519",2006,"RN","Deputado Federal","PSB",2,27,0.0526315789473684
"520",2006,"RO","Deputado Federal","PSB",1,27,0.0526315789473684
"521",2006,"RR","Deputado Federal","PSB",1,27,0.0526315789473684
"522",2006,"RS","Deputado Federal","PSB",1,27,0.0526315789473684
"523",2006,"SE","Deputado Federal","PSB",1,27,0.0526315789473684
"524",2006,"SP","Deputado Federal","PSB",4,27,0.0526315789473684
"525",2006,"ES","Deputado Federal","PSC",1,9,0.0175438596491228
"526",2006,"MG","Deputado Federal","PSC",1,9,0.0175438596491228
"527",2006,"PA","Deputado Federal","PSC",1,9,0.0175438596491228
"528",2006,"PE","Deputado Federal","PSC",1,9,0.0175438596491228
"529",2006,"RJ","Deputado Federal","PSC",3,9,0.0175438596491228
"530",2006,"SE","Deputado Federal","PSC",1,9,0.0175438596491228
"531",2006,"SP","Deputado Federal","PSC",1,9,0.0175438596491228
"532",2006,"BA","Deputado Federal","PSDB",2,66,0.128654970760234
"533",2006,"CE","Deputado Federal","PSDB",5,66,0.128654970760234
"534",2006,"ES","Deputado Federal","PSDB",1,66,0.128654970760234
"535",2006,"GO","Deputado Federal","PSDB",4,66,0.128654970760234
"536",2006,"MA","Deputado Federal","PSDB",4,66,0.128654970760234
"537",2006,"MG","Deputado Federal","PSDB",7,66,0.128654970760234
"538",2006,"MS","Deputado Federal","PSDB",1,66,0.128654970760234
"539",2006,"MT","Deputado Federal","PSDB",1,66,0.128654970760234
"540",2006,"PA","Deputado Federal","PSDB",3,66,0.128654970760234
"541",2006,"PB","Deputado Federal","PSDB",3,66,0.128654970760234
"542",2006,"PE","Deputado Federal","PSDB",2,66,0.128654970760234
"543",2006,"PI","Deputado Federal","PSDB",1,66,0.128654970760234
"544",2006,"PR","Deputado Federal","PSDB",4,66,0.128654970760234
"545",2006,"RJ","Deputado Federal","PSDB",3,66,0.128654970760234
"546",2006,"RR","Deputado Federal","PSDB",1,66,0.128654970760234
"547",2006,"RS","Deputado Federal","PSDB",2,66,0.128654970760234
"548",2006,"SC","Deputado Federal","PSDB",1,66,0.128654970760234
"549",2006,"SE","Deputado Federal","PSDB",1,66,0.128654970760234
"550",2006,"SP","Deputado Federal","PSDB",18,66,0.128654970760234
"551",2006,"TO","Deputado Federal","PSDB",2,66,0.128654970760234
"552",2006,"RJ","Deputado Federal","PSOL",1,3,0.00584795321637427
"553",2006,"RS","Deputado Federal","PSOL",1,3,0.00584795321637427
"554",2006,"SP","Deputado Federal","PSOL",1,3,0.00584795321637427
"555",2006,"AC","Deputado Federal","PT",3,83,0.161793372319688
"556",2006,"AM","Deputado Federal","PT",1,83,0.161793372319688
"557",2006,"AP","Deputado Federal","PT",1,83,0.161793372319688
"558",2006,"BA","Deputado Federal","PT",8,83,0.161793372319688
"559",2006,"CE","Deputado Federal","PT",4,83,0.161793372319688
"560",2006,"DF","Deputado Federal","PT",1,83,0.161793372319688
"561",2006,"ES","Deputado Federal","PT",1,83,0.161793372319688
"562",2006,"GO","Deputado Federal","PT",2,83,0.161793372319688
"563",2006,"MA","Deputado Federal","PT",1,83,0.161793372319688
"564",2006,"MG","Deputado Federal","PT",9,83,0.161793372319688
"565",2006,"MS","Deputado Federal","PT",2,83,0.161793372319688
"566",2006,"MT","Deputado Federal","PT",1,83,0.161793372319688
"567",2006,"PA","Deputado Federal","PT",3,83,0.161793372319688
"568",2006,"PB","Deputado Federal","PT",1,83,0.161793372319688
"569",2006,"PE","Deputado Federal","PT",5,83,0.161793372319688
"570",2006,"PI","Deputado Federal","PT",2,83,0.161793372319688
"571",2006,"PR","Deputado Federal","PT",4,83,0.161793372319688
"572",2006,"RJ","Deputado Federal","PT",6,83,0.161793372319688
"573",2006,"RN","Deputado Federal","PT",1,83,0.161793372319688
"574",2006,"RO","Deputado Federal","PT",2,83,0.161793372319688
"575",2006,"RS","Deputado Federal","PT",7,83,0.161793372319688
"576",2006,"SC","Deputado Federal","PT",3,83,0.161793372319688
"577",2006,"SE","Deputado Federal","PT",1,83,0.161793372319688
"578",2006,"SP","Deputado Federal","PT",14,83,0.161793372319688
"579",2006,"RJ","Deputado Federal","PT do B",1,1,0.00194931773879142
"580",2006,"AM","Deputado Federal","PTB",1,22,0.0428849902534113
"581",2006,"CE","Deputado Federal","PTB",1,22,0.0428849902534113
"582",2006,"DF","Deputado Federal","PTB",1,22,0.0428849902534113
"583",2006,"GO","Deputado Federal","PTB",2,22,0.0428849902534113
"584",2006,"MA","Deputado Federal","PTB",1,22,0.0428849902534113
"585",2006,"PE","Deputado Federal","PTB",3,22,0.0428849902534113
"586",2006,"PI","Deputado Federal","PTB",1,22,0.0428849902534113
"587",2006,"PR","Deputado Federal","PTB",1,22,0.0428849902534113
"588",2006,"RJ","Deputado Federal","PTB",2,22,0.0428849902534113
"589",2006,"RO","Deputado Federal","PTB",1,22,0.0428849902534113
"590",2006,"RS","Deputado Federal","PTB",3,22,0.0428849902534113
"591",2006,"SE","Deputado Federal","PTB",1,22,0.0428849902534113
"592",2006,"SP","Deputado Federal","PTB",4,22,0.0428849902534113
"593",2006,"MG","Deputado Federal","PTC",1,3,0.00584795321637427
"594",2006,"RR","Deputado Federal","PTC",1,3,0.00584795321637427
"595",2006,"SP","Deputado Federal","PTC",1,3,0.00584795321637427
"596",2006,"BA","Deputado Federal","PV",1,13,0.0253411306042885
"597",2006,"MA","Deputado Federal","PV",1,13,0.0253411306042885
"598",2006,"MG","Deputado Federal","PV",4,13,0.0253411306042885
"599",2006,"RJ","Deputado Federal","PV",1,13,0.0253411306042885
"600",2006,"RO","Deputado Federal","PV",1,13,0.0253411306042885
"601",2006,"SP","Deputado Federal","PV",5,13,0.0253411306042885
"602",2010,"AM","Deputado Federal","DEM",1,43,0.0838206627680312
"603",2010,"AP","Deputado Federal","DEM",1,43,0.0838206627680312
"604",2010,"BA","Deputado Federal","DEM",6,43,0.0838206627680312
"605",2010,"GO","Deputado Federal","DEM",3,43,0.0838206627680312
"606",2010,"MA","Deputado Federal","DEM",1,43,0.0838206627680312
"607",2010,"MG","Deputado Federal","DEM",3,43,0.0838206627680312
"608",2010,"MS","Deputado Federal","DEM",1,43,0.0838206627680312
"609",2010,"MT","Deputado Federal","DEM",1,43,0.0838206627680312
"610",2010,"PA","Deputado Federal","DEM",1,43,0.0838206627680312
"611",2010,"PB","Deputado Federal","DEM",1,43,0.0838206627680312
"612",2010,"PE","Deputado Federal","DEM",2,43,0.0838206627680312
"613",2010,"PI","Deputado Federal","DEM",2,43,0.0838206627680312
"614",2010,"PR","Deputado Federal","DEM",2,43,0.0838206627680312
"615",2010,"RJ","Deputado Federal","DEM",2,43,0.0838206627680312
"616",2010,"RN","Deputado Federal","DEM",2,43,0.0838206627680312
"617",2010,"RR","Deputado Federal","DEM",1,43,0.0838206627680312
"618",2010,"RS","Deputado Federal","DEM",1,43,0.0838206627680312
"619",2010,"SC","Deputado Federal","DEM",3,43,0.0838206627680312
"620",2010,"SE","Deputado Federal","DEM",1,43,0.0838206627680312
"621",2010,"SP","Deputado Federal","DEM",6,43,0.0838206627680312
"622",2010,"TO","Deputado Federal","DEM",2,43,0.0838206627680312
"623",2010,"AC","Deputado Federal","PC do B",1,15,0.0292397660818713
"624",2010,"AP","Deputado Federal","PC do B",1,15,0.0292397660818713
"625",2010,"BA","Deputado Federal","PC do B",3,15,0.0292397660818713
"626",2010,"CE","Deputado Federal","PC do B",2,15,0.0292397660818713
"627",2010,"MG","Deputado Federal","PC do B",1,15,0.0292397660818713
"628",2010,"PE","Deputado Federal","PC do B",1,15,0.0292397660818713
"629",2010,"PI","Deputado Federal","PC do B",1,15,0.0292397660818713
"630",2010,"RJ","Deputado Federal","PC do B",1,15,0.0292397660818713
"631",2010,"RS","Deputado Federal","PC do B",2,15,0.0292397660818713
"632",2010,"SP","Deputado Federal","PC do B",2,15,0.0292397660818713
"633",2010,"AP","Deputado Federal","PDT",1,27,0.0526315789473684
"634",2010,"BA","Deputado Federal","PDT",4,27,0.0526315789473684
"635",2010,"CE","Deputado Federal","PDT",1,27,0.0526315789473684
"636",2010,"DF","Deputado Federal","PDT",1,27,0.0526315789473684
"637",2010,"ES","Deputado Federal","PDT",3,27,0.0526315789473684
"638",2010,"GO","Deputado Federal","PDT",1,27,0.0526315789473684
"639",2010,"MG","Deputado Federal","PDT",2,27,0.0526315789473684
"640",2010,"PA","Deputado Federal","PDT",1,27,0.0526315789473684
"641",2010,"PB","Deputado Federal","PDT",1,27,0.0526315789473684
"642",2010,"PE","Deputado Federal","PDT",1,27,0.0526315789473684
"643",2010,"RJ","Deputado Federal","PDT",3,27,0.0526315789473684
"644",2010,"RO","Deputado Federal","PDT",1,27,0.0526315789473684
"645",2010,"RS","Deputado Federal","PDT",3,27,0.0526315789473684
"646",2010,"SP","Deputado Federal","PDT",3,27,0.0526315789473684
"647",2010,"TO","Deputado Federal","PDT",1,27,0.0526315789473684
"648",2010,"MG","Deputado Federal","PHS",1,2,0.00389863547758285
"649",2010,"RJ","Deputado Federal","PHS",1,2,0.00389863547758285
"650",2010,"AC","Deputado Federal","PMDB",1,78,0.152046783625731
"651",2010,"AL","Deputado Federal","PMDB",2,78,0.152046783625731
"652",2010,"AM","Deputado Federal","PMDB",1,78,0.152046783625731
"653",2010,"AP","Deputado Federal","PMDB",1,78,0.152046783625731
"654",2010,"BA","Deputado Federal","PMDB",2,78,0.152046783625731
"655",2010,"CE","Deputado Federal","PMDB",5,78,0.152046783625731
"656",2010,"DF","Deputado Federal","PMDB",1,78,0.152046783625731
"657",2010,"ES","Deputado Federal","PMDB",2,78,0.152046783625731
"658",2010,"GO","Deputado Federal","PMDB",4,78,0.152046783625731
"659",2010,"MA","Deputado Federal","PMDB",5,78,0.152046783625731
"660",2010,"MG","Deputado Federal","PMDB",7,78,0.152046783625731
"661",2010,"MS","Deputado Federal","PMDB",3,78,0.152046783625731
"662",2010,"MT","Deputado Federal","PMDB",1,78,0.152046783625731
"663",2010,"PA","Deputado Federal","PMDB",4,78,0.152046783625731
"664",2010,"PB","Deputado Federal","PMDB",5,78,0.152046783625731
"665",2010,"PE","Deputado Federal","PMDB",1,78,0.152046783625731
"666",2010,"PI","Deputado Federal","PMDB",2,78,0.152046783625731
"667",2010,"PR","Deputado Federal","PMDB",6,78,0.152046783625731
"668",2010,"RJ","Deputado Federal","PMDB",8,78,0.152046783625731
"669",2010,"RN","Deputado Federal","PMDB",1,78,0.152046783625731
"670",2010,"RO","Deputado Federal","PMDB",2,78,0.152046783625731
"671",2010,"RR","Deputado Federal","PMDB",2,78,0.152046783625731
"672",2010,"RS","Deputado Federal","PMDB",4,78,0.152046783625731
"673",2010,"SC","Deputado Federal","PMDB",5,78,0.152046783625731
"674",2010,"SE","Deputado Federal","PMDB",1,78,0.152046783625731
"675",2010,"SP","Deputado Federal","PMDB",1,78,0.152046783625731
"676",2010,"TO","Deputado Federal","PMDB",1,78,0.152046783625731
"677",2010,"DF","Deputado Federal","PMN",1,4,0.00779727095516569
"678",2010,"GO","Deputado Federal","PMN",1,4,0.00779727095516569
"679",2010,"MG","Deputado Federal","PMN",1,4,0.00779727095516569
"680",2010,"RN","Deputado Federal","PMN",1,4,0.00779727095516569
"681",2010,"AC","Deputado Federal","PP",1,44,0.0857699805068226
"682",2010,"AL","Deputado Federal","PP",1,44,0.0857699805068226
"683",2010,"AM","Deputado Federal","PP",2,44,0.0857699805068226
"684",2010,"BA","Deputado Federal","PP",4,44,0.0857699805068226
"685",2010,"CE","Deputado Federal","PP",1,44,0.0857699805068226
"686",2010,"GO","Deputado Federal","PP",2,44,0.0857699805068226
"687",2010,"MA","Deputado Federal","PP",1,44,0.0857699805068226
"688",2010,"MG","Deputado Federal","PP",5,44,0.0857699805068226
"689",2010,"MT","Deputado Federal","PP",2,44,0.0857699805068226
"690",2010,"PB","Deputado Federal","PP",1,44,0.0857699805068226
"691",2010,"PE","Deputado Federal","PP",2,44,0.0857699805068226
"692",2010,"PI","Deputado Federal","PP",1,44,0.0857699805068226
"693",2010,"PR","Deputado Federal","PP",3,44,0.0857699805068226
"694",2010,"RJ","Deputado Federal","PP",3,44,0.0857699805068226
"695",2010,"RO","Deputado Federal","PP",1,44,0.0857699805068226
"696",2010,"RR","Deputado Federal","PP",1,44,0.0857699805068226
"697",2010,"RS","Deputado Federal","PP",6,44,0.0857699805068226
"698",2010,"SC","Deputado Federal","PP",2,44,0.0857699805068226
"699",2010,"SP","Deputado Federal","PP",4,44,0.0857699805068226
"700",2010,"TO","Deputado Federal","PP",1,44,0.0857699805068226
"701",2010,"MG","Deputado Federal","PPS",2,12,0.0233918128654971
"702",2010,"PA","Deputado Federal","PPS",1,12,0.0233918128654971
"703",2010,"PR","Deputado Federal","PPS",3,12,0.0233918128654971
"704",2010,"RJ","Deputado Federal","PPS",1,12,0.0233918128654971
"705",2010,"RO","Deputado Federal","PPS",1,12,0.0233918128654971
"706",2010,"SP","Deputado Federal","PPS",3,12,0.0233918128654971
"707",2010,"TO","Deputado Federal","PPS",1,12,0.0233918128654971
"708",2010,"AL","Deputado Federal","PR",1,41,0.0799220272904483
"709",2010,"AM","Deputado Federal","PR",1,41,0.0799220272904483
"710",2010,"BA","Deputado Federal","PR",3,41,0.0799220272904483
"711",2010,"CE","Deputado Federal","PR",2,41,0.0799220272904483
"712",2010,"DF","Deputado Federal","PR",2,41,0.0799220272904483
"713",2010,"GO","Deputado Federal","PR",1,41,0.0799220272904483
"714",2010,"MA","Deputado Federal","PR",1,41,0.0799220272904483
"715",2010,"MG","Deputado Federal","PR",7,41,0.0799220272904483
"716",2010,"MS","Deputado Federal","PR",1,41,0.0799220272904483
"717",2010,"MT","Deputado Federal","PR",2,41,0.0799220272904483
"718",2010,"PA","Deputado Federal","PR",1,41,0.0799220272904483
"719",2010,"PB","Deputado Federal","PR",1,41,0.0799220272904483
"720",2010,"PE","Deputado Federal","PR",2,41,0.0799220272904483
"721",2010,"PR","Deputado Federal","PR",1,41,0.0799220272904483
"722",2010,"RJ","Deputado Federal","PR",8,41,0.0799220272904483
"723",2010,"RN","Deputado Federal","PR",1,41,0.0799220272904483
"724",2010,"RR","Deputado Federal","PR",1,41,0.0799220272904483
"725",2010,"SE","Deputado Federal","PR",1,41,0.0799220272904483
"726",2010,"SP","Deputado Federal","PR",4,41,0.0799220272904483
"727",2010,"BA","Deputado Federal","PRB",1,8,0.0155945419103314
"728",2010,"MA","Deputado Federal","PRB",1,8,0.0155945419103314
"729",2010,"MG","Deputado Federal","PRB",1,8,0.0155945419103314
"730",2010,"RJ","Deputado Federal","PRB",1,8,0.0155945419103314
"731",2010,"RR","Deputado Federal","PRB",1,8,0.0155945419103314
"732",2010,"SE","Deputado Federal","PRB",1,8,0.0155945419103314
"733",2010,"SP","Deputado Federal","PRB",2,8,0.0155945419103314
"734",2010,"BA","Deputado Federal","PRP",1,2,0.00389863547758285
"735",2010,"RR","Deputado Federal","PRP",1,2,0.00389863547758285
"736",2010,"AP","Deputado Federal","PRTB",1,2,0.00389863547758285
"737",2010,"RJ","Deputado Federal","PRTB",1,2,0.00389863547758285
"738",2010,"AL","Deputado Federal","PSB",1,35,0.0682261208576998
"739",2010,"AP","Deputado Federal","PSB",1,35,0.0682261208576998
"740",2010,"CE","Deputado Federal","PSB",4,35,0.0682261208576998
"741",2010,"ES","Deputado Federal","PSB",2,35,0.0682261208576998
"742",2010,"MA","Deputado Federal","PSB",1,35,0.0682261208576998
"743",2010,"MG","Deputado Federal","PSB",1,35,0.0682261208576998
"744",2010,"MT","Deputado Federal","PSB",1,35,0.0682261208576998
"745",2010,"PE","Deputado Federal","PSB",5,35,0.0682261208576998
"746",2010,"PI","Deputado Federal","PSB",1,35,0.0682261208576998
"747",2010,"PR","Deputado Federal","PSB",1,35,0.0682261208576998
"748",2010,"RJ","Deputado Federal","PSB",3,35,0.0682261208576998
"749",2010,"RN","Deputado Federal","PSB",1,35,0.0682261208576998
"750",2010,"RO","Deputado Federal","PSB",1,35,0.0682261208576998
"751",2010,"RS","Deputado Federal","PSB",3,35,0.0682261208576998
"752",2010,"SE","Deputado Federal","PSB",1,35,0.0682261208576998
"753",2010,"SP","Deputado Federal","PSB",7,35,0.0682261208576998
"754",2010,"TO","Deputado Federal","PSB",1,35,0.0682261208576998
"755",2010,"AC","Deputado Federal","PSC",1,17,0.0331384015594542
"756",2010,"AM","Deputado Federal","PSC",1,17,0.0331384015594542
"757",2010,"BA","Deputado Federal","PSC",2,17,0.0331384015594542
"758",2010,"ES","Deputado Federal","PSC",1,17,0.0331384015594542
"759",2010,"MG","Deputado Federal","PSC",1,17,0.0331384015594542
"760",2010,"PA","Deputado Federal","PSC",1,17,0.0331384015594542
"761",2010,"PE","Deputado Federal","PSC",1,17,0.0331384015594542
"762",2010,"PR","Deputado Federal","PSC",4,17,0.0331384015594542
"763",2010,"RJ","Deputado Federal","PSC",2,17,0.0331384015594542
"764",2010,"SE","Deputado Federal","PSC",1,17,0.0331384015594542
"765",2010,"SP","Deputado Federal","PSC",2,17,0.0331384015594542
"766",2010,"AC","Deputado Federal","PSDB",1,54,0.105263157894737
"767",2010,"AL","Deputado Federal","PSDB",1,54,0.105263157894737
"768",2010,"AP","Deputado Federal","PSDB",1,54,0.105263157894737
"769",2010,"BA","Deputado Federal","PSDB",2,54,0.105263157894737
"770",2010,"CE","Deputado Federal","PSDB",2,54,0.105263157894737
"771",2010,"ES","Deputado Federal","PSDB",1,54,0.105263157894737
"772",2010,"GO","Deputado Federal","PSDB",3,54,0.105263157894737
"773",2010,"MA","Deputado Federal","PSDB",3,54,0.105263157894737
"774",2010,"MG","Deputado Federal","PSDB",8,54,0.105263157894737
"775",2010,"MS","Deputado Federal","PSDB",1,54,0.105263157894737
"776",2010,"MT","Deputado Federal","PSDB",1,54,0.105263157894737
"777",2010,"PA","Deputado Federal","PSDB",3,54,0.105263157894737
"778",2010,"PB","Deputado Federal","PSDB",2,54,0.105263157894737
"779",2010,"PE","Deputado Federal","PSDB",2,54,0.105263157894737
"780",2010,"PR","Deputado Federal","PSDB",3,54,0.105263157894737
"781",2010,"RJ","Deputado Federal","PSDB",2,54,0.105263157894737
"782",2010,"RR","Deputado Federal","PSDB",1,54,0.105263157894737
"783",2010,"RS","Deputado Federal","PSDB",1,54,0.105263157894737
"784",2010,"SC","Deputado Federal","PSDB",2,54,0.105263157894737
"785",2010,"SP","Deputado Federal","PSDB",13,54,0.105263157894737
"786",2010,"TO","Deputado Federal","PSDB",1,54,0.105263157894737
"787",2010,"MG","Deputado Federal","PSL",1,1,0.00194931773879142
"788",2010,"RJ","Deputado Federal","PSOL",2,3,0.00584795321637427
"789",2010,"SP","Deputado Federal","PSOL",1,3,0.00584795321637427
"790",2010,"AC","Deputado Federal","PT",2,86,0.167641325536062
"791",2010,"AM","Deputado Federal","PT",1,86,0.167641325536062
"792",2010,"AP","Deputado Federal","PT",1,86,0.167641325536062
"793",2010,"BA","Deputado Federal","PT",10,86,0.167641325536062
"794",2010,"CE","Deputado Federal","PT",4,86,0.167641325536062
"795",2010,"DF","Deputado Federal","PT",3,86,0.167641325536062
"796",2010,"ES","Deputado Federal","PT",1,86,0.167641325536062
"797",2010,"GO","Deputado Federal","PT",1,86,0.167641325536062
"798",2010,"MA","Deputado Federal","PT",1,86,0.167641325536062
"799",2010,"MG","Deputado Federal","PT",8,86,0.167641325536062
"800",2010,"MS","Deputado Federal","PT",2,86,0.167641325536062
"801",2010,"PA","Deputado Federal","PT",4,86,0.167641325536062
"802",2010,"PB","Deputado Federal","PT",1,86,0.167641325536062
"803",2010,"PE","Deputado Federal","PT",4,86,0.167641325536062
"804",2010,"PI","Deputado Federal","PT",2,86,0.167641325536062
"805",2010,"PR","Deputado Federal","PT",5,86,0.167641325536062
"806",2010,"RJ","Deputado Federal","PT",5,86,0.167641325536062
"807",2010,"RN","Deputado Federal","PT",1,86,0.167641325536062
"808",2010,"RO","Deputado Federal","PT",1,86,0.167641325536062
"809",2010,"RS","Deputado Federal","PT",8,86,0.167641325536062
"810",2010,"SC","Deputado Federal","PT",4,86,0.167641325536062
"811",2010,"SE","Deputado Federal","PT",2,86,0.167641325536062
"812",2010,"SP","Deputado Federal","PT",15,86,0.167641325536062
"813",2010,"AL","Deputado Federal","PT do B",1,3,0.00584795321637427
"814",2010,"MA","Deputado Federal","PT do B",1,3,0.00584795321637427
"815",2010,"MG","Deputado Federal","PT do B",1,3,0.00584795321637427
"816",2010,"AL","Deputado Federal","PTB",2,22,0.0428849902534113
"817",2010,"AM","Deputado Federal","PTB",1,22,0.0428849902534113
"818",2010,"BA","Deputado Federal","PTB",1,22,0.0428849902534113
"819",2010,"CE","Deputado Federal","PTB",1,22,0.0428849902534113
"820",2010,"GO","Deputado Federal","PTB",1,22,0.0428849902534113
"821",2010,"MA","Deputado Federal","PTB",1,22,0.0428849902534113
"822",2010,"MG","Deputado Federal","PTB",1,22,0.0428849902534113
"823",2010,"PA","Deputado Federal","PTB",1,22,0.0428849902534113
"824",2010,"PE","Deputado Federal","PTB",4,22,0.0428849902534113
"825",2010,"PI","Deputado Federal","PTB",1,22,0.0428849902534113
"826",2010,"PR","Deputado Federal","PTB",1,22,0.0428849902534113
"827",2010,"RJ","Deputado Federal","PTB",1,22,0.0428849902534113
"828",2010,"RO","Deputado Federal","PTB",1,22,0.0428849902534113
"829",2010,"RS","Deputado Federal","PTB",3,22,0.0428849902534113
"830",2010,"SP","Deputado Federal","PTB",2,22,0.0428849902534113
"831",2010,"MA","Deputado Federal","PTC",1,1,0.00194931773879142
"832",2010,"AC","Deputado Federal","PV",1,13,0.0253411306042885
"833",2010,"MA","Deputado Federal","PV",1,13,0.0253411306042885
"834",2010,"MG","Deputado Federal","PV",2,13,0.0253411306042885
"835",2010,"PR","Deputado Federal","PV",1,13,0.0253411306042885
"836",2010,"RJ","Deputado Federal","PV",2,13,0.0253411306042885
"837",2010,"RN","Deputado Federal","PV",1,13,0.0253411306042885
"838",2010,"SP","Deputado Federal","PV",5,13,0.0253411306042885
"839",2014,"AM","Deputado Federal","DEM",1,21,0.0409356725146199
"840",2014,"BA","Deputado Federal","DEM",4,21,0.0409356725146199
"841",2014,"CE","Deputado Federal","DEM",1,21,0.0409356725146199
"842",2014,"DF","Deputado Federal","DEM",1,21,0.0409356725146199
"843",2014,"MG","Deputado Federal","DEM",2,21,0.0409356725146199
"844",2014,"MS","Deputado Federal","DEM",1,21,0.0409356725146199
"845",2014,"PA","Deputado Federal","DEM",1,21,0.0409356725146199
"846",2014,"PB","Deputado Federal","DEM",1,21,0.0409356725146199
"847",2014,"PE","Deputado Federal","DEM",1,21,0.0409356725146199
"848",2014,"RJ","Deputado Federal","DEM",1,21,0.0409356725146199
"849",2014,"RN","Deputado Federal","DEM",1,21,0.0409356725146199
"850",2014,"RS","Deputado Federal","DEM",1,21,0.0409356725146199
"851",2014,"SP","Deputado Federal","DEM",4,21,0.0409356725146199
"852",2014,"TO","Deputado Federal","DEM",1,21,0.0409356725146199
"853",2014,"BA","Deputado Federal","PC do B",2,10,0.0194931773879142
"854",2014,"CE","Deputado Federal","PC do B",1,10,0.0194931773879142
"855",2014,"MA","Deputado Federal","PC do B",1,10,0.0194931773879142
"856",2014,"MG","Deputado Federal","PC do B",1,10,0.0194931773879142
"857",2014,"PE","Deputado Federal","PC do B",1,10,0.0194931773879142
"858",2014,"PR","Deputado Federal","PC do B",1,10,0.0194931773879142
"859",2014,"RJ","Deputado Federal","PC do B",1,10,0.0194931773879142
"860",2014,"RS","Deputado Federal","PC do B",1,10,0.0194931773879142
"861",2014,"SP","Deputado Federal","PC do B",1,10,0.0194931773879142
"862",2014,"AL","Deputado Federal","PDT",1,20,0.0389863547758285
"863",2014,"AP","Deputado Federal","PDT",1,20,0.0389863547758285
"864",2014,"BA","Deputado Federal","PDT",1,20,0.0389863547758285
"865",2014,"CE","Deputado Federal","PDT",1,20,0.0389863547758285
"866",2014,"ES","Deputado Federal","PDT",1,20,0.0389863547758285
"867",2014,"GO","Deputado Federal","PDT",1,20,0.0389863547758285
"868",2014,"MA","Deputado Federal","PDT",2,20,0.0389863547758285
"869",2014,"MG","Deputado Federal","PDT",2,20,0.0389863547758285
"870",2014,"MS","Deputado Federal","PDT",1,20,0.0389863547758285
"871",2014,"PB","Deputado Federal","PDT",1,20,0.0389863547758285
"872",2014,"PE","Deputado Federal","PDT",1,20,0.0389863547758285
"873",2014,"RJ","Deputado Federal","PDT",1,20,0.0389863547758285
"874",2014,"RO","Deputado Federal","PDT",1,20,0.0389863547758285
"875",2014,"RR","Deputado Federal","PDT",1,20,0.0389863547758285
"876",2014,"RS","Deputado Federal","PDT",3,20,0.0389863547758285
"877",2014,"SP","Deputado Federal","PDT",1,20,0.0389863547758285
"878",2014,"MA","Deputado Federal","PEN",2,2,0.00389863547758285
"879",2014,"CE","Deputado Federal","PHS",1,5,0.00974658869395711
"880",2014,"MG","Deputado Federal","PHS",1,5,0.00974658869395711
"881",2014,"PE","Deputado Federal","PHS",1,5,0.00974658869395711
"882",2014,"PR","Deputado Federal","PHS",1,5,0.00974658869395711
"883",2014,"RR","Deputado Federal","PHS",1,5,0.00974658869395711
"884",2014,"AC","Deputado Federal","PMDB",2,65,0.126705653021442
"885",2014,"AL","Deputado Federal","PMDB",1,65,0.126705653021442
"886",2014,"AM","Deputado Federal","PMDB",1,65,0.126705653021442
"887",2014,"AP","Deputado Federal","PMDB",1,65,0.126705653021442
"888",2014,"BA","Deputado Federal","PMDB",1,65,0.126705653021442
"889",2014,"CE","Deputado Federal","PMDB",3,65,0.126705653021442
"890",2014,"DF","Deputado Federal","PMDB",1,65,0.126705653021442
"891",2014,"ES","Deputado Federal","PMDB",1,65,0.126705653021442
"892",2014,"GO","Deputado Federal","PMDB",2,65,0.126705653021442
"893",2014,"MA","Deputado Federal","PMDB",2,65,0.126705653021442
"894",2014,"MG","Deputado Federal","PMDB",6,65,0.126705653021442
"895",2014,"MS","Deputado Federal","PMDB",2,65,0.126705653021442
"896",2014,"MT","Deputado Federal","PMDB",1,65,0.126705653021442
"897",2014,"PA","Deputado Federal","PMDB",3,65,0.126705653021442
"898",2014,"PB","Deputado Federal","PMDB",3,65,0.126705653021442
"899",2014,"PE","Deputado Federal","PMDB",1,65,0.126705653021442
"900",2014,"PI","Deputado Federal","PMDB",1,65,0.126705653021442
"901",2014,"PR","Deputado Federal","PMDB",4,65,0.126705653021442
"902",2014,"RJ","Deputado Federal","PMDB",8,65,0.126705653021442
"903",2014,"RN","Deputado Federal","PMDB",1,65,0.126705653021442
"904",2014,"RO","Deputado Federal","PMDB",3,65,0.126705653021442
"905",2014,"RR","Deputado Federal","PMDB",1,65,0.126705653021442
"906",2014,"RS","Deputado Federal","PMDB",5,65,0.126705653021442
"907",2014,"SC","Deputado Federal","PMDB",5,65,0.126705653021442
"908",2014,"SE","Deputado Federal","PMDB",1,65,0.126705653021442
"909",2014,"SP","Deputado Federal","PMDB",2,65,0.126705653021442
"910",2014,"TO","Deputado Federal","PMDB",3,65,0.126705653021442
"911",2014,"MG","Deputado Federal","PMN",1,3,0.00584795321637427
"912",2014,"RN","Deputado Federal","PMN",1,3,0.00584795321637427
"913",2014,"RR","Deputado Federal","PMN",1,3,0.00584795321637427
"914",2014,"AL","Deputado Federal","PP",1,38,0.0740740740740741
"915",2014,"AM","Deputado Federal","PP",1,38,0.0740740740740741
"916",2014,"BA","Deputado Federal","PP",4,38,0.0740740740740741
"917",2014,"ES","Deputado Federal","PP",1,38,0.0740740740740741
"918",2014,"GO","Deputado Federal","PP",1,38,0.0740740740740741
"919",2014,"MA","Deputado Federal","PP",1,38,0.0740740740740741
"920",2014,"MG","Deputado Federal","PP",5,38,0.0740740740740741
"921",2014,"MT","Deputado Federal","PP",1,38,0.0740740740740741
"922",2014,"PB","Deputado Federal","PP",1,38,0.0740740740740741
"923",2014,"PE","Deputado Federal","PP",1,38,0.0740740740740741
"924",2014,"PI","Deputado Federal","PP",1,38,0.0740740740740741
"925",2014,"PR","Deputado Federal","PP",4,38,0.0740740740740741
"926",2014,"RJ","Deputado Federal","PP",3,38,0.0740740740740741
"927",2014,"RN","Deputado Federal","PP",1,38,0.0740740740740741
"928",2014,"RS","Deputado Federal","PP",6,38,0.0740740740740741
"929",2014,"SC","Deputado Federal","PP",2,38,0.0740740740740741
"930",2014,"SP","Deputado Federal","PP",3,38,0.0740740740740741
"931",2014,"TO","Deputado Federal","PP",1,38,0.0740740740740741
"932",2014,"AM","Deputado Federal","PPS",1,10,0.0194931773879142
"933",2014,"CE","Deputado Federal","PPS",1,10,0.0194931773879142
"934",2014,"GO","Deputado Federal","PPS",1,10,0.0194931773879142
"935",2014,"MA","Deputado Federal","PPS",1,10,0.0194931773879142
"936",2014,"PA","Deputado Federal","PPS",1,10,0.0194931773879142
"937",2014,"PR","Deputado Federal","PPS",2,10,0.0194931773879142
"938",2014,"SC","Deputado Federal","PPS",1,10,0.0194931773879142
"939",2014,"SP","Deputado Federal","PPS",2,10,0.0194931773879142
"940",2014,"AL","Deputado Federal","PR",1,34,0.0662768031189084
"941",2014,"AM","Deputado Federal","PR",1,34,0.0662768031189084
"942",2014,"AP","Deputado Federal","PR",1,34,0.0662768031189084
"943",2014,"BA","Deputado Federal","PR",2,34,0.0662768031189084
"944",2014,"CE","Deputado Federal","PR",2,34,0.0662768031189084
"945",2014,"DF","Deputado Federal","PR",1,34,0.0662768031189084
"946",2014,"GO","Deputado Federal","PR",1,34,0.0662768031189084
"947",2014,"MG","Deputado Federal","PR",3,34,0.0662768031189084
"948",2014,"PA","Deputado Federal","PR",1,34,0.0662768031189084
"949",2014,"PB","Deputado Federal","PR",1,34,0.0662768031189084
"950",2014,"PE","Deputado Federal","PR",2,34,0.0662768031189084
"951",2014,"PR","Deputado Federal","PR",2,34,0.0662768031189084
"952",2014,"RJ","Deputado Federal","PR",6,34,0.0662768031189084
"953",2014,"RN","Deputado Federal","PR",1,34,0.0662768031189084
"954",2014,"RO","Deputado Federal","PR",1,34,0.0662768031189084
"955",2014,"RR","Deputado Federal","PR",1,34,0.0662768031189084
"956",2014,"SC","Deputado Federal","PR",1,34,0.0662768031189084
"957",2014,"SP","Deputado Federal","PR",6,34,0.0662768031189084
"958",2014,"AC","Deputado Federal","PRB",1,21,0.0409356725146199
"959",2014,"AP","Deputado Federal","PRB",1,21,0.0409356725146199
"960",2014,"BA","Deputado Federal","PRB",2,21,0.0409356725146199
"961",2014,"CE","Deputado Federal","PRB",1,21,0.0409356725146199
"962",2014,"MA","Deputado Federal","PRB",1,21,0.0409356725146199
"963",2014,"MG","Deputado Federal","PRB",1,21,0.0409356725146199
"964",2014,"RJ","Deputado Federal","PRB",2,21,0.0409356725146199
"965",2014,"RR","Deputado Federal","PRB",1,21,0.0409356725146199
"966",2014,"RS","Deputado Federal","PRB",1,21,0.0409356725146199
"967",2014,"SE","Deputado Federal","PRB",1,21,0.0409356725146199
"968",2014,"SP","Deputado Federal","PRB",8,21,0.0409356725146199
"969",2014,"TO","Deputado Federal","PRB",1,21,0.0409356725146199
"970",2014,"AL","Deputado Federal","PROS",1,11,0.0214424951267057
"971",2014,"CE","Deputado Federal","PROS",3,11,0.0214424951267057
"972",2014,"DF","Deputado Federal","PROS",1,11,0.0214424951267057
"973",2014,"ES","Deputado Federal","PROS",1,11,0.0214424951267057
"974",2014,"MT","Deputado Federal","PROS",1,11,0.0214424951267057
"975",2014,"PA","Deputado Federal","PROS",1,11,0.0214424951267057
"976",2014,"RJ","Deputado Federal","PROS",2,11,0.0214424951267057
"977",2014,"RN","Deputado Federal","PROS",1,11,0.0214424951267057
"978",2014,"MA","Deputado Federal","PRP",1,3,0.00584795321637427
"979",2014,"MG","Deputado Federal","PRP",1,3,0.00584795321637427
"980",2014,"RJ","Deputado Federal","PRP",1,3,0.00584795321637427
"981",2014,"AL","Deputado Federal","PRTB",1,1,0.00194931773879142
"982",2014,"AC","Deputado Federal","PSB",1,34,0.0662768031189084
"983",2014,"AP","Deputado Federal","PSB",1,34,0.0662768031189084
"984",2014,"BA","Deputado Federal","PSB",1,34,0.0662768031189084
"985",2014,"ES","Deputado Federal","PSB",1,34,0.0662768031189084
"986",2014,"MA","Deputado Federal","PSB",1,34,0.0662768031189084
"987",2014,"MG","Deputado Federal","PSB",3,34,0.0662768031189084
"988",2014,"MS","Deputado Federal","PSB",1,34,0.0662768031189084
"989",2014,"MT","Deputado Federal","PSB",2,34,0.0662768031189084
"990",2014,"PE","Deputado Federal","PSB",8,34,0.0662768031189084
"991",2014,"PI","Deputado Federal","PSB",3,34,0.0662768031189084
"992",2014,"PR","Deputado Federal","PSB",2,34,0.0662768031189084
"993",2014,"RJ","Deputado Federal","PSB",1,34,0.0662768031189084
"994",2014,"RR","Deputado Federal","PSB",1,34,0.0662768031189084
"995",2014,"RS","Deputado Federal","PSB",2,34,0.0662768031189084
"996",2014,"SE","Deputado Federal","PSB",1,34,0.0662768031189084
"997",2014,"SP","Deputado Federal","PSB",4,34,0.0662768031189084
"998",2014,"TO","Deputado Federal","PSB",1,34,0.0662768031189084
"999",2014,"AP","Deputado Federal","PSC",1,13,0.0253411306042885
"1000",2014,"BA","Deputado Federal","PSC",2,13,0.0253411306042885
"1001",2014,"MG","Deputado Federal","PSC",1,13,0.0253411306042885
"1002",2014,"MT","Deputado Federal","PSC",1,13,0.0253411306042885
"1003",2014,"PA","Deputado Federal","PSC",1,13,0.0253411306042885
"1004",2014,"PE","Deputado Federal","PSC",1,13,0.0253411306042885
"1005",2014,"PR","Deputado Federal","PSC",2,13,0.0253411306042885
"1006",2014,"SE","Deputado Federal","PSC",1,13,0.0253411306042885
"1007",2014,"SP","Deputado Federal","PSC",3,13,0.0253411306042885
"1008",2014,"AM","Deputado Federal","PSD",2,36,0.0701754385964912
"1009",2014,"BA","Deputado Federal","PSD",4,36,0.0701754385964912
"1010",2014,"DF","Deputado Federal","PSD",1,36,0.0701754385964912
"1011",2014,"GO","Deputado Federal","PSD",2,36,0.0701754385964912
"1012",2014,"MG","Deputado Federal","PSD",3,36,0.0701754385964912
"1013",2014,"PA","Deputado Federal","PSD",3,36,0.0701754385964912
"1014",2014,"PB","Deputado Federal","PSD",1,36,0.0701754385964912
"1015",2014,"PE","Deputado Federal","PSD",1,36,0.0701754385964912
"1016",2014,"PI","Deputado Federal","PSD",1,36,0.0701754385964912
"1017",2014,"PR","Deputado Federal","PSD",1,36,0.0701754385964912
"1018",2014,"RJ","Deputado Federal","PSD",6,36,0.0701754385964912
"1019",2014,"RN","Deputado Federal","PSD",1,36,0.0701754385964912
"1020",2014,"RS","Deputado Federal","PSD",1,36,0.0701754385964912
"1021",2014,"SC","Deputado Federal","PSD",3,36,0.0701754385964912
"1022",2014,"SE","Deputado Federal","PSD",1,36,0.0701754385964912
"1023",2014,"SP","Deputado Federal","PSD",4,36,0.0701754385964912
"1024",2014,"TO","Deputado Federal","PSD",1,36,0.0701754385964912
"1025",2014,"AC","Deputado Federal","PSDB",1,54,0.105263157894737
"1026",2014,"AL","Deputado Federal","PSDB",1,54,0.105263157894737
"1027",2014,"AM","Deputado Federal","PSDB",1,54,0.105263157894737
"1028",2014,"BA","Deputado Federal","PSDB",3,54,0.105263157894737
"1029",2014,"CE","Deputado Federal","PSDB",1,54,0.105263157894737
"1030",2014,"DF","Deputado Federal","PSDB",1,54,0.105263157894737
"1031",2014,"ES","Deputado Federal","PSDB",1,54,0.105263157894737
"1032",2014,"GO","Deputado Federal","PSDB",6,54,0.105263157894737
"1033",2014,"MA","Deputado Federal","PSDB",1,54,0.105263157894737
"1034",2014,"MG","Deputado Federal","PSDB",7,54,0.105263157894737
"1035",2014,"MS","Deputado Federal","PSDB",1,54,0.105263157894737
"1036",2014,"MT","Deputado Federal","PSDB",1,54,0.105263157894737
"1037",2014,"PA","Deputado Federal","PSDB",1,54,0.105263157894737
"1038",2014,"PB","Deputado Federal","PSDB",1,54,0.105263157894737
"1039",2014,"PE","Deputado Federal","PSDB",3,54,0.105263157894737
"1040",2014,"PR","Deputado Federal","PSDB",3,54,0.105263157894737
"1041",2014,"RJ","Deputado Federal","PSDB",1,54,0.105263157894737
"1042",2014,"RN","Deputado Federal","PSDB",1,54,0.105263157894737
"1043",2014,"RO","Deputado Federal","PSDB",1,54,0.105263157894737
"1044",2014,"RR","Deputado Federal","PSDB",1,54,0.105263157894737
"1045",2014,"RS","Deputado Federal","PSDB",1,54,0.105263157894737
"1046",2014,"SC","Deputado Federal","PSDB",2,54,0.105263157894737
"1047",2014,"SP","Deputado Federal","PSDB",14,54,0.105263157894737
"1048",2014,"MA","Deputado Federal","PSDC",1,2,0.00389863547758285
"1049",2014,"RJ","Deputado Federal","PSDC",1,2,0.00389863547758285
"1050",2014,"CE","Deputado Federal","PSL",1,1,0.00194931773879142
"1051",2014,"PA","Deputado Federal","PSOL",1,5,0.00974658869395711
"1052",2014,"RJ","Deputado Federal","PSOL",3,5,0.00974658869395711
"1053",2014,"SP","Deputado Federal","PSOL",1,5,0.00974658869395711
"1054",2014,"AC","Deputado Federal","PT",3,68,0.132553606237817
"1055",2014,"AL","Deputado Federal","PT",1,68,0.132553606237817
"1056",2014,"AP","Deputado Federal","PT",1,68,0.132553606237817
"1057",2014,"BA","Deputado Federal","PT",8,68,0.132553606237817
"1058",2014,"CE","Deputado Federal","PT",4,68,0.132553606237817
"1059",2014,"DF","Deputado Federal","PT",1,68,0.132553606237817
"1060",2014,"ES","Deputado Federal","PT",2,68,0.132553606237817
"1061",2014,"GO","Deputado Federal","PT",1,68,0.132553606237817
"1062",2014,"MA","Deputado Federal","PT",1,68,0.132553606237817
"1063",2014,"MG","Deputado Federal","PT",9,68,0.132553606237817
"1064",2014,"MS","Deputado Federal","PT",2,68,0.132553606237817
"1065",2014,"MT","Deputado Federal","PT",1,68,0.132553606237817
"1066",2014,"PA","Deputado Federal","PT",2,68,0.132553606237817
"1067",2014,"PB","Deputado Federal","PT",1,68,0.132553606237817
"1068",2014,"PI","Deputado Federal","PT",2,68,0.132553606237817
"1069",2014,"PR","Deputado Federal","PT",4,68,0.132553606237817
"1070",2014,"RJ","Deputado Federal","PT",5,68,0.132553606237817
"1071",2014,"RS","Deputado Federal","PT",7,68,0.132553606237817
"1072",2014,"SC","Deputado Federal","PT",2,68,0.132553606237817
"1073",2014,"SE","Deputado Federal","PT",1,68,0.132553606237817
"1074",2014,"SP","Deputado Federal","PT",10,68,0.132553606237817
"1075",2014,"MG","Deputado Federal","PT do B",2,2,0.00389863547758285
"1076",2014,"AP","Deputado Federal","PTB",1,25,0.0487329434697856
"1077",2014,"BA","Deputado Federal","PTB",2,25,0.0487329434697856
"1078",2014,"CE","Deputado Federal","PTB",1,25,0.0487329434697856
"1079",2014,"GO","Deputado Federal","PTB",1,25,0.0487329434697856
"1080",2014,"MA","Deputado Federal","PTB",1,25,0.0487329434697856
"1081",2014,"MG","Deputado Federal","PTB",1,25,0.0487329434697856
"1082",2014,"PA","Deputado Federal","PTB",1,25,0.0487329434697856
"1083",2014,"PB","Deputado Federal","PTB",1,25,0.0487329434697856
"1084",2014,"PE","Deputado Federal","PTB",4,25,0.0487329434697856
"1085",2014,"PI","Deputado Federal","PTB",2,25,0.0487329434697856
"1086",2014,"PR","Deputado Federal","PTB",1,25,0.0487329434697856
"1087",2014,"RJ","Deputado Federal","PTB",2,25,0.0487329434697856
"1088",2014,"RO","Deputado Federal","PTB",1,25,0.0487329434697856
"1089",2014,"RS","Deputado Federal","PTB",3,25,0.0487329434697856
"1090",2014,"SE","Deputado Federal","PTB",1,25,0.0487329434697856
"1091",2014,"SP","Deputado Federal","PTB",2,25,0.0487329434697856
"1092",2014,"BA","Deputado Federal","PTC",1,2,0.00389863547758285
"1093",2014,"MG","Deputado Federal","PTC",1,2,0.00389863547758285
"1094",2014,"BA","Deputado Federal","PTN",1,4,0.00779727095516569
"1095",2014,"MG","Deputado Federal","PTN",1,4,0.00779727095516569
"1096",2014,"PR","Deputado Federal","PTN",1,4,0.00779727095516569
"1097",2014,"SP","Deputado Federal","PTN",1,4,0.00779727095516569
"1098",2014,"ES","Deputado Federal","PV",1,8,0.0155945419103314
"1099",2014,"MA","Deputado Federal","PV",2,8,0.0155945419103314
"1100",2014,"MG","Deputado Federal","PV",1,8,0.0155945419103314
"1101",2014,"PR","Deputado Federal","PV",1,8,0.0155945419103314
"1102",2014,"SP","Deputado Federal","PV",3,8,0.0155945419103314
"1103",2014,"AL","Deputado Federal","SD",1,15,0.0292397660818713
"1104",2014,"BA","Deputado Federal","SD",1,15,0.0292397660818713
"1105",2014,"CE","Deputado Federal","SD",1,15,0.0292397660818713
"1106",2014,"DF","Deputado Federal","SD",1,15,0.0292397660818713
"1107",2014,"ES","Deputado Federal","SD",1,15,0.0292397660818713
"1108",2014,"GO","Deputado Federal","SD",1,15,0.0292397660818713
"1109",2014,"MG","Deputado Federal","SD",1,15,0.0292397660818713
"1110",2014,"PA","Deputado Federal","SD",1,15,0.0292397660818713
"1111",2014,"PB","Deputado Federal","SD",1,15,0.0292397660818713
"1112",2014,"PR","Deputado Federal","SD",1,15,0.0292397660818713
"1113",2014,"RJ","Deputado Federal","SD",2,15,0.0292397660818713
"1114",2014,"RO","Deputado Federal","SD",1,15,0.0292397660818713
"1115",2014,"SE","Deputado Federal","SD",1,15,0.0292397660818713
"1116",2014,"SP","Deputado Federal","SD",1,15,0.0292397660818713
"1117",2018,"AP","Deputado Federal","AVANTE",1,7,0.01364522417154
"1118",2018,"BA","Deputado Federal","AVANTE",2,7,0.01364522417154
"1119",2018,"MG","Deputado Federal","AVANTE",3,7,0.01364522417154
"1120",2018,"RJ","Deputado Federal","AVANTE",1,7,0.01364522417154
"1121",2018,"RJ","Deputado Federal","DC",1,1,0.00194931773879142
"1122",2018,"AC","Deputado Federal","DEM",1,29,0.0565302144249513
"1123",2018,"BA","Deputado Federal","DEM",4,29,0.0565302144249513
"1124",2018,"DF","Deputado Federal","DEM",1,29,0.0565302144249513
"1125",2018,"ES","Deputado Federal","DEM",1,29,0.0565302144249513
"1126",2018,"GO","Deputado Federal","DEM",2,29,0.0565302144249513
"1127",2018,"MA","Deputado Federal","DEM",1,29,0.0565302144249513
"1128",2018,"MG","Deputado Federal","DEM",1,29,0.0565302144249513
"1129",2018,"MS","Deputado Federal","DEM",1,29,0.0565302144249513
"1130",2018,"PA","Deputado Federal","DEM",2,29,0.0565302144249513
"1131",2018,"PB","Deputado Federal","DEM",1,29,0.0565302144249513
"1132",2018,"PE","Deputado Federal","DEM",1,29,0.0565302144249513
"1133",2018,"PR","Deputado Federal","DEM",1,29,0.0565302144249513
"1134",2018,"RJ","Deputado Federal","DEM",4,29,0.0565302144249513
"1135",2018,"RS","Deputado Federal","DEM",1,29,0.0565302144249513
"1136",2018,"SP","Deputado Federal","DEM",5,29,0.0565302144249513
"1137",2018,"TO","Deputado Federal","DEM",2,29,0.0565302144249513
"1138",2018,"AC","Deputado Federal","MDB",2,34,0.0662768031189084
"1139",2018,"AL","Deputado Federal","MDB",1,34,0.0662768031189084
"1140",2018,"CE","Deputado Federal","MDB",1,34,0.0662768031189084
"1141",2018,"MA","Deputado Federal","MDB",2,34,0.0662768031189084
"1142",2018,"MG","Deputado Federal","MDB",4,34,0.0662768031189084
"1143",2018,"MT","Deputado Federal","MDB",2,34,0.0662768031189084
"1144",2018,"PA","Deputado Federal","MDB",2,34,0.0662768031189084
"1145",2018,"PE","Deputado Federal","MDB",1,34,0.0662768031189084
"1146",2018,"PI","Deputado Federal","MDB",1,34,0.0662768031189084
"1147",2018,"PR","Deputado Federal","MDB",2,34,0.0662768031189084
"1148",2018,"RJ","Deputado Federal","MDB",3,34,0.0662768031189084
"1149",2018,"RN","Deputado Federal","MDB",1,34,0.0662768031189084
"1150",2018,"RO","Deputado Federal","MDB",1,34,0.0662768031189084
"1151",2018,"RS","Deputado Federal","MDB",4,34,0.0662768031189084
"1152",2018,"SC","Deputado Federal","MDB",3,34,0.0662768031189084
"1153",2018,"SE","Deputado Federal","MDB",1,34,0.0662768031189084
"1154",2018,"SP","Deputado Federal","MDB",2,34,0.0662768031189084
"1155",2018,"TO","Deputado Federal","MDB",1,34,0.0662768031189084
"1156",2018,"MG","Deputado Federal","NOVO",2,8,0.0155945419103314
"1157",2018,"RJ","Deputado Federal","NOVO",1,8,0.0155945419103314
"1158",2018,"RS","Deputado Federal","NOVO",1,8,0.0155945419103314
"1159",2018,"SC","Deputado Federal","NOVO",1,8,0.0155945419103314
"1160",2018,"SP","Deputado Federal","NOVO",3,8,0.0155945419103314
"1161",2018,"CE","Deputado Federal","PATRI",1,5,0.00974658869395711
"1162",2018,"MA","Deputado Federal","PATRI",1,5,0.00974658869395711
"1163",2018,"MG","Deputado Federal","PATRI",2,5,0.00974658869395711
"1164",2018,"PE","Deputado Federal","PATRI",1,5,0.00974658869395711
"1165",2018,"AC","Deputado Federal","PC do B",1,9,0.0175438596491228
"1166",2018,"AP","Deputado Federal","PC do B",1,9,0.0175438596491228
"1167",2018,"BA","Deputado Federal","PC do B",2,9,0.0175438596491228
"1168",2018,"MA","Deputado Federal","PC do B",2,9,0.0175438596491228
"1169",2018,"PE","Deputado Federal","PC do B",1,9,0.0175438596491228
"1170",2018,"RJ","Deputado Federal","PC do B",1,9,0.0175438596491228
"1171",2018,"SP","Deputado Federal","PC do B",1,9,0.0175438596491228
"1172",2018,"AC","Deputado Federal","PDT",1,28,0.0545808966861598
"1173",2018,"BA","Deputado Federal","PDT",2,28,0.0545808966861598
"1174",2018,"CE","Deputado Federal","PDT",6,28,0.0545808966861598
"1175",2018,"ES","Deputado Federal","PDT",1,28,0.0545808966861598
"1176",2018,"GO","Deputado Federal","PDT",1,28,0.0545808966861598
"1177",2018,"MA","Deputado Federal","PDT",1,28,0.0545808966861598
"1178",2018,"MG","Deputado Federal","PDT",2,28,0.0545808966861598
"1179",2018,"MS","Deputado Federal","PDT",1,28,0.0545808966861598
"1180",2018,"PB","Deputado Federal","PDT",1,28,0.0545808966861598
"1181",2018,"PE","Deputado Federal","PDT",2,28,0.0545808966861598
"1182",2018,"PI","Deputado Federal","PDT",1,28,0.0545808966861598
"1183",2018,"PR","Deputado Federal","PDT",1,28,0.0545808966861598
"1184",2018,"RJ","Deputado Federal","PDT",2,28,0.0545808966861598
"1185",2018,"RO","Deputado Federal","PDT",1,28,0.0545808966861598
"1186",2018,"RS","Deputado Federal","PDT",3,28,0.0545808966861598
"1187",2018,"SE","Deputado Federal","PDT",1,28,0.0545808966861598
"1188",2018,"SP","Deputado Federal","PDT",1,28,0.0545808966861598
"1189",2018,"BA","Deputado Federal","PHS",2,6,0.0116959064327485
"1190",2018,"MG","Deputado Federal","PHS",2,6,0.0116959064327485
"1191",2018,"PE","Deputado Federal","PHS",1,6,0.0116959064327485
"1192",2018,"RJ","Deputado Federal","PHS",1,6,0.0116959064327485
"1193",2018,"MA","Deputado Federal","PMN",2,3,0.00584795321637427
"1194",2018,"MG","Deputado Federal","PMN",1,3,0.00584795321637427
"1195",2018,"BA","Deputado Federal","PODE",1,11,0.0214424951267057
"1196",2018,"GO","Deputado Federal","PODE",1,11,0.0214424951267057
"1197",2018,"MA","Deputado Federal","PODE",1,11,0.0214424951267057
"1198",2018,"MG","Deputado Federal","PODE",1,11,0.0214424951267057
"1199",2018,"MT","Deputado Federal","PODE",1,11,0.0214424951267057
"1200",2018,"PE","Deputado Federal","PODE",1,11,0.0214424951267057
"1201",2018,"PR","Deputado Federal","PODE",1,11,0.0214424951267057
"1202",2018,"RO","Deputado Federal","PODE",1,11,0.0214424951267057
"1203",2018,"SP","Deputado Federal","PODE",3,11,0.0214424951267057
"1204",2018,"AL","Deputado Federal","PP",1,37,0.0721247563352826
"1205",2018,"AM","Deputado Federal","PP",1,37,0.0721247563352826
"1206",2018,"AP","Deputado Federal","PP",1,37,0.0721247563352826
"1207",2018,"BA","Deputado Federal","PP",4,37,0.0721247563352826
"1208",2018,"CE","Deputado Federal","PP",1,37,0.0721247563352826
"1209",2018,"DF","Deputado Federal","PP",1,37,0.0721247563352826
"1210",2018,"ES","Deputado Federal","PP",1,37,0.0721247563352826
"1211",2018,"GO","Deputado Federal","PP",2,37,0.0721247563352826
"1212",2018,"MA","Deputado Federal","PP",1,37,0.0721247563352826
"1213",2018,"MG","Deputado Federal","PP",2,37,0.0721247563352826
"1214",2018,"MT","Deputado Federal","PP",1,37,0.0721247563352826
"1215",2018,"PB","Deputado Federal","PP",1,37,0.0721247563352826
"1216",2018,"PE","Deputado Federal","PP",2,37,0.0721247563352826
"1217",2018,"PI","Deputado Federal","PP",2,37,0.0721247563352826
"1218",2018,"PR","Deputado Federal","PP",2,37,0.0721247563352826
"1219",2018,"RJ","Deputado Federal","PP",2,37,0.0721247563352826
"1220",2018,"RO","Deputado Federal","PP",1,37,0.0721247563352826
"1221",2018,"RR","Deputado Federal","PP",1,37,0.0721247563352826
"1222",2018,"RS","Deputado Federal","PP",4,37,0.0721247563352826
"1223",2018,"SC","Deputado Federal","PP",1,37,0.0721247563352826
"1224",2018,"SE","Deputado Federal","PP",1,37,0.0721247563352826
"1225",2018,"SP","Deputado Federal","PP",4,37,0.0721247563352826
"1226",2018,"BA","Deputado Federal","PPL",1,1,0.00194931773879142
"1227",2018,"DF","Deputado Federal","PPS",1,8,0.0155945419103314
"1228",2018,"ES","Deputado Federal","PPS",1,8,0.0155945419103314
"1229",2018,"PE","Deputado Federal","PPS",1,8,0.0155945419103314
"1230",2018,"PR","Deputado Federal","PPS",1,8,0.0155945419103314
"1231",2018,"RJ","Deputado Federal","PPS",1,8,0.0155945419103314
"1232",2018,"SC","Deputado Federal","PPS",1,8,0.0155945419103314
"1233",2018,"SP","Deputado Federal","PPS",2,8,0.0155945419103314
"1234",2018,"AL","Deputado Federal","PR",1,33,0.064327485380117
"1235",2018,"AM","Deputado Federal","PR",1,33,0.064327485380117
"1236",2018,"AP","Deputado Federal","PR",1,33,0.064327485380117
"1237",2018,"BA","Deputado Federal","PR",2,33,0.064327485380117
"1238",2018,"CE","Deputado Federal","PR",1,33,0.064327485380117
"1239",2018,"DF","Deputado Federal","PR",1,33,0.064327485380117
"1240",2018,"ES","Deputado Federal","PR",1,33,0.064327485380117
"1241",2018,"GO","Deputado Federal","PR",1,33,0.064327485380117
"1242",2018,"MA","Deputado Federal","PR",2,33,0.064327485380117
"1243",2018,"MG","Deputado Federal","PR",1,33,0.064327485380117
"1244",2018,"PA","Deputado Federal","PR",1,33,0.064327485380117
"1245",2018,"PB","Deputado Federal","PR",1,33,0.064327485380117
"1246",2018,"PE","Deputado Federal","PR",1,33,0.064327485380117
"1247",2018,"PI","Deputado Federal","PR",1,33,0.064327485380117
"1248",2018,"PR","Deputado Federal","PR",3,33,0.064327485380117
"1249",2018,"RJ","Deputado Federal","PR",2,33,0.064327485380117
"1250",2018,"RN","Deputado Federal","PR",1,33,0.064327485380117
"1251",2018,"RR","Deputado Federal","PR",1,33,0.064327485380117
"1252",2018,"RS","Deputado Federal","PR",1,33,0.064327485380117
"1253",2018,"SE","Deputado Federal","PR",1,33,0.064327485380117
"1254",2018,"SP","Deputado Federal","PR",7,33,0.064327485380117
"1255",2018,"TO","Deputado Federal","PR",1,33,0.064327485380117
"1256",2018,"AC","Deputado Federal","PRB",1,30,0.0584795321637427
"1257",2018,"AL","Deputado Federal","PRB",1,30,0.0584795321637427
"1258",2018,"AM","Deputado Federal","PRB",2,30,0.0584795321637427
"1259",2018,"AP","Deputado Federal","PRB",1,30,0.0584795321637427
"1260",2018,"BA","Deputado Federal","PRB",2,30,0.0584795321637427
"1261",2018,"DF","Deputado Federal","PRB",1,30,0.0584795321637427
"1262",2018,"ES","Deputado Federal","PRB",1,30,0.0584795321637427
"1263",2018,"GO","Deputado Federal","PRB",1,30,0.0584795321637427
"1264",2018,"MA","Deputado Federal","PRB",1,30,0.0584795321637427
"1265",2018,"MG","Deputado Federal","PRB",2,30,0.0584795321637427
"1266",2018,"PA","Deputado Federal","PRB",1,30,0.0584795321637427
"1267",2018,"PB","Deputado Federal","PRB",1,30,0.0584795321637427
"1268",2018,"PE","Deputado Federal","PRB",2,30,0.0584795321637427
"1269",2018,"PR","Deputado Federal","PRB",2,30,0.0584795321637427
"1270",2018,"RJ","Deputado Federal","PRB",2,30,0.0584795321637427
"1271",2018,"RR","Deputado Federal","PRB",1,30,0.0584795321637427
"1272",2018,"RS","Deputado Federal","PRB",1,30,0.0584795321637427
"1273",2018,"SC","Deputado Federal","PRB",1,30,0.0584795321637427
"1274",2018,"SP","Deputado Federal","PRB",6,30,0.0584795321637427
"1275",2018,"AP","Deputado Federal","PROS",1,8,0.0155945419103314
"1276",2018,"CE","Deputado Federal","PROS",2,8,0.0155945419103314
"1277",2018,"MG","Deputado Federal","PROS",2,8,0.0155945419103314
"1278",2018,"PR","Deputado Federal","PROS",2,8,0.0155945419103314
"1279",2018,"RJ","Deputado Federal","PROS",1,8,0.0155945419103314
"1280",2018,"BA","Deputado Federal","PRP",1,4,0.00779727095516569
"1281",2018,"DF","Deputado Federal","PRP",1,4,0.00779727095516569
"1282",2018,"GO","Deputado Federal","PRP",1,4,0.00779727095516569
"1283",2018,"RJ","Deputado Federal","PRP",1,4,0.00779727095516569
"1284",2018,"AL","Deputado Federal","PSB",1,32,0.0623781676413255
"1285",2018,"AP","Deputado Federal","PSB",1,32,0.0623781676413255
"1286",2018,"BA","Deputado Federal","PSB",2,32,0.0623781676413255
"1287",2018,"CE","Deputado Federal","PSB",1,32,0.0623781676413255
"1288",2018,"ES","Deputado Federal","PSB",2,32,0.0623781676413255
"1289",2018,"GO","Deputado Federal","PSB",1,32,0.0623781676413255
"1290",2018,"MA","Deputado Federal","PSB",1,32,0.0623781676413255
"1291",2018,"MG","Deputado Federal","PSB",3,32,0.0623781676413255
"1292",2018,"PA","Deputado Federal","PSB",1,32,0.0623781676413255
"1293",2018,"PB","Deputado Federal","PSB",1,32,0.0623781676413255
"1294",2018,"PE","Deputado Federal","PSB",5,32,0.0623781676413255
"1295",2018,"PI","Deputado Federal","PSB",1,32,0.0623781676413255
"1296",2018,"PR","Deputado Federal","PSB",2,32,0.0623781676413255
"1297",2018,"RJ","Deputado Federal","PSB",1,32,0.0623781676413255
"1298",2018,"RN","Deputado Federal","PSB",1,32,0.0623781676413255
"1299",2018,"RO","Deputado Federal","PSB",1,32,0.0623781676413255
"1300",2018,"RS","Deputado Federal","PSB",2,32,0.0623781676413255
"1301",2018,"SC","Deputado Federal","PSB",1,32,0.0623781676413255
"1302",2018,"SP","Deputado Federal","PSB",4,32,0.0623781676413255
"1303",2018,"GO","Deputado Federal","PSC",1,8,0.0155945419103314
"1304",2018,"MG","Deputado Federal","PSC",1,8,0.0155945419103314
"1305",2018,"PE","Deputado Federal","PSC",1,8,0.0155945419103314
"1306",2018,"PR","Deputado Federal","PSC",1,8,0.0155945419103314
"1307",2018,"RJ","Deputado Federal","PSC",1,8,0.0155945419103314
"1308",2018,"SE","Deputado Federal","PSC",1,8,0.0155945419103314
"1309",2018,"SP","Deputado Federal","PSC",1,8,0.0155945419103314
"1310",2018,"TO","Deputado Federal","PSC",1,8,0.0155945419103314
"1311",2018,"AL","Deputado Federal","PSD",1,34,0.0662768031189084
"1312",2018,"AM","Deputado Federal","PSD",1,34,0.0662768031189084
"1313",2018,"BA","Deputado Federal","PSD",4,34,0.0662768031189084
"1314",2018,"CE","Deputado Federal","PSD",1,34,0.0662768031189084
"1315",2018,"GO","Deputado Federal","PSD",1,34,0.0662768031189084
"1316",2018,"MA","Deputado Federal","PSD",1,34,0.0662768031189084
"1317",2018,"MG","Deputado Federal","PSD",3,34,0.0662768031189084
"1318",2018,"MS","Deputado Federal","PSD",1,34,0.0662768031189084
"1319",2018,"PA","Deputado Federal","PSD",3,34,0.0662768031189084
"1320",2018,"PE","Deputado Federal","PSD",1,34,0.0662768031189084
"1321",2018,"PI","Deputado Federal","PSD",1,34,0.0662768031189084
"1322",2018,"PR","Deputado Federal","PSD",4,34,0.0662768031189084
"1323",2018,"RJ","Deputado Federal","PSD",3,34,0.0662768031189084
"1324",2018,"RN","Deputado Federal","PSD",1,34,0.0662768031189084
"1325",2018,"RO","Deputado Federal","PSD",1,34,0.0662768031189084
"1326",2018,"RR","Deputado Federal","PSD",1,34,0.0662768031189084
"1327",2018,"RS","Deputado Federal","PSD",1,34,0.0662768031189084
"1328",2018,"SC","Deputado Federal","PSD",2,34,0.0662768031189084
"1329",2018,"SE","Deputado Federal","PSD",1,34,0.0662768031189084
"1330",2018,"SP","Deputado Federal","PSD",2,34,0.0662768031189084
"1331",2018,"AC","Deputado Federal","PSDB",1,29,0.0565302144249513
"1332",2018,"AL","Deputado Federal","PSDB",1,29,0.0565302144249513
"1333",2018,"AP","Deputado Federal","PSDB",1,29,0.0565302144249513
"1334",2018,"BA","Deputado Federal","PSDB",1,29,0.0565302144249513
"1335",2018,"CE","Deputado Federal","PSDB",1,29,0.0565302144249513
"1336",2018,"GO","Deputado Federal","PSDB",1,29,0.0565302144249513
"1337",2018,"MG","Deputado Federal","PSDB",5,29,0.0565302144249513
"1338",2018,"MS","Deputado Federal","PSDB",2,29,0.0565302144249513
"1339",2018,"PA","Deputado Federal","PSDB",2,29,0.0565302144249513
"1340",2018,"PB","Deputado Federal","PSDB",3,29,0.0565302144249513
"1341",2018,"RO","Deputado Federal","PSDB",1,29,0.0565302144249513
"1342",2018,"RR","Deputado Federal","PSDB",1,29,0.0565302144249513
"1343",2018,"RS","Deputado Federal","PSDB",2,29,0.0565302144249513
"1344",2018,"SC","Deputado Federal","PSDB",1,29,0.0565302144249513
"1345",2018,"SP","Deputado Federal","PSDB",6,29,0.0565302144249513
"1346",2018,"AM","Deputado Federal","PSL",1,52,0.101364522417154
"1347",2018,"BA","Deputado Federal","PSL",1,52,0.101364522417154
"1348",2018,"CE","Deputado Federal","PSL",1,52,0.101364522417154
"1349",2018,"ES","Deputado Federal","PSL",1,52,0.101364522417154
"1350",2018,"GO","Deputado Federal","PSL",2,52,0.101364522417154
"1351",2018,"MG","Deputado Federal","PSL",6,52,0.101364522417154
"1352",2018,"MS","Deputado Federal","PSL",2,52,0.101364522417154
"1353",2018,"MT","Deputado Federal","PSL",1,52,0.101364522417154
"1354",2018,"PB","Deputado Federal","PSL",1,52,0.101364522417154
"1355",2018,"PE","Deputado Federal","PSL",1,52,0.101364522417154
"1356",2018,"PR","Deputado Federal","PSL",3,52,0.101364522417154
"1357",2018,"RJ","Deputado Federal","PSL",12,52,0.101364522417154
"1358",2018,"RN","Deputado Federal","PSL",1,52,0.101364522417154
"1359",2018,"RO","Deputado Federal","PSL",1,52,0.101364522417154
"1360",2018,"RR","Deputado Federal","PSL",1,52,0.101364522417154
"1361",2018,"RS","Deputado Federal","PSL",3,52,0.101364522417154
"1362",2018,"SC","Deputado Federal","PSL",4,52,0.101364522417154
"1363",2018,"SP","Deputado Federal","PSL",10,52,0.101364522417154
"1364",2018,"MG","Deputado Federal","PSOL",1,10,0.0194931773879142
"1365",2018,"PA","Deputado Federal","PSOL",1,10,0.0194931773879142
"1366",2018,"RJ","Deputado Federal","PSOL",4,10,0.0194931773879142
"1367",2018,"RS","Deputado Federal","PSOL",1,10,0.0194931773879142
"1368",2018,"SP","Deputado Federal","PSOL",3,10,0.0194931773879142
"1369",2018,"AL","Deputado Federal","PT",1,56,0.10916179337232
"1370",2018,"AM","Deputado Federal","PT",1,56,0.10916179337232
"1371",2018,"BA","Deputado Federal","PT",8,56,0.10916179337232
"1372",2018,"CE","Deputado Federal","PT",3,56,0.10916179337232
"1373",2018,"DF","Deputado Federal","PT",1,56,0.10916179337232
"1374",2018,"ES","Deputado Federal","PT",1,56,0.10916179337232
"1375",2018,"GO","Deputado Federal","PT",1,56,0.10916179337232
"1376",2018,"MA","Deputado Federal","PT",1,56,0.10916179337232
"1377",2018,"MG","Deputado Federal","PT",8,56,0.10916179337232
"1378",2018,"MS","Deputado Federal","PT",1,56,0.10916179337232
"1379",2018,"MT","Deputado Federal","PT",1,56,0.10916179337232
"1380",2018,"PA","Deputado Federal","PT",2,56,0.10916179337232
"1381",2018,"PB","Deputado Federal","PT",1,56,0.10916179337232
"1382",2018,"PE","Deputado Federal","PT",2,56,0.10916179337232
"1383",2018,"PI","Deputado Federal","PT",2,56,0.10916179337232
"1384",2018,"PR","Deputado Federal","PT",3,56,0.10916179337232
"1385",2018,"RJ","Deputado Federal","PT",1,56,0.10916179337232
"1386",2018,"RN","Deputado Federal","PT",2,56,0.10916179337232
"1387",2018,"RS","Deputado Federal","PT",5,56,0.10916179337232
"1388",2018,"SC","Deputado Federal","PT",1,56,0.10916179337232
"1389",2018,"SE","Deputado Federal","PT",1,56,0.10916179337232
"1390",2018,"SP","Deputado Federal","PT",8,56,0.10916179337232
"1391",2018,"TO","Deputado Federal","PT",1,56,0.10916179337232
"1392",2018,"AL","Deputado Federal","PTB",1,10,0.0194931773879142
"1393",2018,"CE","Deputado Federal","PTB",1,10,0.0194931773879142
"1394",2018,"MA","Deputado Federal","PTB",1,10,0.0194931773879142
"1395",2018,"MT","Deputado Federal","PTB",1,10,0.0194931773879142
"1396",2018,"PA","Deputado Federal","PTB",2,10,0.0194931773879142
"1397",2018,"PB","Deputado Federal","PTB",1,10,0.0194931773879142
"1398",2018,"PR","Deputado Federal","PTB",1,10,0.0194931773879142
"1399",2018,"RS","Deputado Federal","PTB",2,10,0.0194931773879142
"1400",2018,"PI","Deputado Federal","PTC",1,2,0.00389863547758285
"1401",2018,"RN","Deputado Federal","PTC",1,2,0.00389863547758285
"1402",2018,"CE","Deputado Federal","PV",1,4,0.00779727095516569
"1403",2018,"DF","Deputado Federal","PV",1,4,0.00779727095516569
"1404",2018,"PR","Deputado Federal","PV",1,4,0.00779727095516569
"1405",2018,"SP","Deputado Federal","PV",1,4,0.00779727095516569
"1406",2018,"RR","Deputado Federal","REDE",1,1,0.00194931773879142
"1407",2018,"AC","Deputado Federal","SOLIDARIEDADE",1,13,0.0253411306042885
"1408",2018,"AM","Deputado Federal","SOLIDARIEDADE",1,13,0.0253411306042885
"1409",2018,"CE","Deputado Federal","SOLIDARIEDADE",1,13,0.0253411306042885
"1410",2018,"GO","Deputado Federal","SOLIDARIEDADE",1,13,0.0253411306042885
"1411",2018,"MG","Deputado Federal","SOLIDARIEDADE",1,13,0.0253411306042885
"1412",2018,"MT","Deputado Federal","SOLIDARIEDADE",1,13,0.0253411306042885
"1413",2018,"PE","Deputado Federal","SOLIDARIEDADE",1,13,0.0253411306042885
"1414",2018,"RJ","Deputado Federal","SOLIDARIEDADE",1,13,0.0253411306042885
"1415",2018,"RR","Deputado Federal","SOLIDARIEDADE",1,13,0.0253411306042885
"1416",2018,"SE","Deputado Federal","SOLIDARIEDADE",1,13,0.0253411306042885
"1417",2018,"SP","Deputado Federal","SOLIDARIEDADE",1,13,0.0253411306042885
"1418",2018,"TO","Deputado Federal","SOLIDARIEDADE",2,13,0.0253411306042885
